// Generated from BarlowCondensed-SemiBold.ttf. SIL Open Font License 1.1;
// see plugins/shared-daf/fonts/BarlowCondensed/OFL.txt. Do not edit by hand.
static const unsigned char kTeFontSemiBold[] = {
  0x00, 0x01, 0x00, 0x00, 0x00, 0x12, 0x01, 0x00, 0x00, 0x04, 0x00, 0x20,
  0x44, 0x53, 0x49, 0x47, 0x00, 0x00, 0x00, 0x01, 0x00, 0x01, 0xab, 0x6c,
  0x00, 0x00, 0x00, 0x08, 0x47, 0x44, 0x45, 0x46, 0x3d, 0xcf, 0x3e, 0xd5,
  0x00, 0x00, 0x01, 0x2c, 0x00, 0x00, 0x00, 0xfe, 0x47, 0x50, 0x4f, 0x53,
  0x40, 0x4b, 0x6a, 0x0e, 0x00, 0x00, 0x02, 0x2c, 0x00, 0x00, 0x3a, 0xd0,
  0x47, 0x53, 0x55, 0x42, 0x39, 0x2a, 0x61, 0xd0, 0x00, 0x00, 0x3c, 0xfc,
  0x00, 0x00, 0x11, 0x3c, 0x4f, 0x53, 0x2f, 0x32, 0x55, 0xb2, 0xa3, 0x71,
  0x00, 0x00, 0x4e, 0x38, 0x00, 0x00, 0x00, 0x60, 0x63, 0x6d, 0x61, 0x70,
  0x62, 0x23, 0x40, 0x75, 0x00, 0x00, 0x4e, 0x98, 0x00, 0x00, 0x06, 0x2e,
  0x63, 0x76, 0x74, 0x20, 0x21, 0x8e, 0x11, 0x22, 0x00, 0x01, 0x9b, 0xdc,
  0x00, 0x00, 0x00, 0xa0, 0x66, 0x70, 0x67, 0x6d, 0x9e, 0x36, 0x15, 0xd2,
  0x00, 0x01, 0x9c, 0x7c, 0x00, 0x00, 0x0e, 0x15, 0x67, 0x61, 0x73, 0x70,
  0x00, 0x00, 0x00, 0x10, 0x00, 0x01, 0x9b, 0xd4, 0x00, 0x00, 0x00, 0x08,
  0x67, 0x6c, 0x79, 0x66, 0xc8, 0xf5, 0xf0, 0x63, 0x00, 0x00, 0x54, 0xc8,
  0x00, 0x01, 0x1a, 0xd8, 0x68, 0x65, 0x61, 0x64, 0x10, 0xb3, 0xb0, 0xe6,
  0x00, 0x01, 0x6f, 0xa0, 0x00, 0x00, 0x00, 0x36, 0x68, 0x68, 0x65, 0x61,
  0x05, 0x73, 0x05, 0x44, 0x00, 0x01, 0x6f, 0xd8, 0x00, 0x00, 0x00, 0x24,
  0x68, 0x6d, 0x74, 0x78, 0x38, 0xf4, 0x26, 0xba, 0x00, 0x01, 0x6f, 0xfc,
  0x00, 0x00, 0x0a, 0xd8, 0x6c, 0x6f, 0x63, 0x61, 0xc6, 0xea, 0x81, 0x60,
  0x00, 0x01, 0x7a, 0xd4, 0x00, 0x00, 0x05, 0x6e, 0x6d, 0x61, 0x78, 0x70,
  0x04, 0x08, 0x0f, 0x77, 0x00, 0x01, 0x80, 0x44, 0x00, 0x00, 0x00, 0x20,
  0x6e, 0x61, 0x6d, 0x65, 0x62, 0x69, 0xb2, 0xde, 0x00, 0x01, 0x80, 0x64,
  0x00, 0x00, 0x06, 0x94, 0x70, 0x6f, 0x73, 0x74, 0xa5, 0x60, 0xda, 0x7f,
  0x00, 0x01, 0x86, 0xf8, 0x00, 0x00, 0x14, 0xdb, 0x70, 0x72, 0x65, 0x70,
  0x6e, 0x7f, 0x90, 0x46, 0x00, 0x01, 0xaa, 0x94, 0x00, 0x00, 0x00, 0xd6,
  0x00, 0x01, 0x00, 0x00, 0x00, 0x0c, 0x00, 0x00, 0x00, 0x00, 0x00, 0xdc,
  0x00, 0x02, 0x00, 0x22, 0x00, 0x04, 0x00, 0x1a, 0x00, 0x01, 0x00, 0x1d,
  0x00, 0x38, 0x00, 0x01, 0x00, 0x3a, 0x00, 0x53, 0x00, 0x01, 0x00, 0x55,
  0x00, 0x70, 0x00, 0x01, 0x00, 0x74, 0x00, 0x92, 0x00, 0x01, 0x00, 0x94,
  0x00, 0x98, 0x00, 0x01, 0x00, 0x9a, 0x00, 0xc3, 0x00, 0x01, 0x00, 0xc6,
  0x00, 0xcb, 0x00, 0x01, 0x00, 0xce, 0x00, 0xce, 0x00, 0x01, 0x00, 0xd0,
  0x00, 0xe4, 0x00, 0x01, 0x00, 0xe6, 0x01, 0x08, 0x00, 0x01, 0x01, 0x0a,
  0x01, 0x26, 0x00, 0x01, 0x01, 0x2b, 0x01, 0x32, 0x00, 0x01, 0x01, 0x34,
  0x01, 0x51, 0x00, 0x01, 0x01, 0x53, 0x01, 0x57, 0x00, 0x01, 0x01, 0x59,
  0x01, 0x67, 0x00, 0x01, 0x01, 0x69, 0x01, 0x6f, 0x00, 0x02, 0x01, 0x70,
  0x01, 0x7a, 0x00, 0x01, 0x01, 0x7d, 0x01, 0x8f, 0x00, 0x01, 0x01, 0x91,
  0x01, 0x9f, 0x00, 0x01, 0x01, 0xa1, 0x01, 0xa7, 0x00, 0x01, 0x01, 0xa9,
  0x01, 0xb8, 0x00, 0x01, 0x01, 0xbc, 0x01, 0xd2, 0x00, 0x01, 0x01, 0xd4,
  0x01, 0xd8, 0x00, 0x01, 0x01, 0xda, 0x01, 0xe2, 0x00, 0x01, 0x01, 0xe7,
  0x01, 0xe7, 0x00, 0x01, 0x02, 0x49, 0x02, 0x49, 0x00, 0x02, 0x02, 0x4c,
  0x02, 0x4c, 0x00, 0x01, 0x02, 0x4e, 0x02, 0x4f, 0x00, 0x01, 0x02, 0x55,
  0x02, 0x55, 0x00, 0x01, 0x02, 0x6e, 0x02, 0x6e, 0x00, 0x01, 0x02, 0x87,
  0x02, 0x9d, 0x00, 0x03, 0x02, 0xab, 0x02, 0xab, 0x00, 0x03, 0x02, 0xad,
  0x02, 0xb4, 0x00, 0x03, 0x00, 0x02, 0x00, 0x05, 0x02, 0x87, 0x02, 0x94,
  0x00, 0x02, 0x02, 0x95, 0x02, 0x95, 0x00, 0x03, 0x02, 0x96, 0x02, 0x99,
  0x00, 0x01, 0x02, 0xab, 0x02, 0xab, 0x00, 0x01, 0x02, 0xad, 0x02, 0xb4,
  0x00, 0x02, 0x00, 0x00, 0x00, 0x01, 0x00, 0x00, 0x00, 0x0a, 0x00, 0xa4,
  0x02, 0x26, 0x00, 0x02, 0x44, 0x46, 0x4c, 0x54, 0x00, 0x0e, 0x6c, 0x61,
  0x74, 0x6e, 0x00, 0x1e, 0x00, 0x04, 0x00, 0x00, 0x00, 0x00, 0xff, 0xff,
  0x00, 0x03, 0x00, 0x00, 0x00, 0x08, 0x00, 0x10, 0x00, 0x28, 0x00, 0x06,
  0x41, 0x5a, 0x45, 0x20, 0x00, 0x34, 0x43, 0x41, 0x54, 0x20, 0x00, 0x40,
  0x43, 0x52, 0x54, 0x20, 0x00, 0x4c, 0x4b, 0x41, 0x5a, 0x20, 0x00, 0x58,
  0x54, 0x41, 0x54, 0x20, 0x00, 0x64, 0x54, 0x52, 0x4b, 0x20, 0x00, 0x70,
  0x00, 0x00, 0xff, 0xff, 0x00, 0x03, 0x00, 0x01, 0x00, 0x09, 0x00, 0x11,
  0x00, 0x00, 0xff, 0xff, 0x00, 0x03, 0x00, 0x02, 0x00, 0x0a, 0x00, 0x12,
  0x00, 0x00, 0xff, 0xff, 0x00, 0x03, 0x00, 0x03, 0x00, 0x0b, 0x00, 0x13,
  0x00, 0x00, 0xff, 0xff, 0x00, 0x03, 0x00, 0x04, 0x00, 0x0c, 0x00, 0x14,
  0x00, 0x00, 0xff, 0xff, 0x00, 0x03, 0x00, 0x05, 0x00, 0x0d, 0x00, 0x15,
  0x00, 0x00, 0xff, 0xff, 0x00, 0x03, 0x00, 0x06, 0x00, 0x0e, 0x00, 0x16,
  0x00, 0x00, 0xff, 0xff, 0x00, 0x03, 0x00, 0x07, 0x00, 0x0f, 0x00, 0x17,
  0x00, 0x18, 0x6b, 0x65, 0x72, 0x6e, 0x00, 0x92, 0x6b, 0x65, 0x72, 0x6e,
  0x00, 0x9a, 0x6b, 0x65, 0x72, 0x6e, 0x00, 0xa2, 0x6b, 0x65, 0x72, 0x6e,
  0x00, 0xaa, 0x6b, 0x65, 0x72, 0x6e, 0x00, 0xb2, 0x6b, 0x65, 0x72, 0x6e,
  0x00, 0xba, 0x6b, 0x65, 0x72, 0x6e, 0x00, 0xc2, 0x6b, 0x65, 0x72, 0x6e,
  0x00, 0xca, 0x6d, 0x61, 0x72, 0x6b, 0x00, 0xd2, 0x6d, 0x61, 0x72, 0x6b,
  0x00, 0xdc, 0x6d, 0x61, 0x72, 0x6b, 0x00, 0xe6, 0x6d, 0x61, 0x72, 0x6b,
  0x00, 0xf0, 0x6d, 0x61, 0x72, 0x6b, 0x00, 0xfa, 0x6d, 0x61, 0x72, 0x6b,
  0x01, 0x04, 0x6d, 0x61, 0x72, 0x6b, 0x01, 0x0e, 0x6d, 0x61, 0x72, 0x6b,
  0x01, 0x18, 0x6d, 0x6b, 0x6d, 0x6b, 0x01, 0x22, 0x6d, 0x6b, 0x6d, 0x6b,
  0x01, 0x2e, 0x6d, 0x6b, 0x6d, 0x6b, 0x01, 0x3a, 0x6d, 0x6b, 0x6d, 0x6b,
  0x01, 0x46, 0x6d, 0x6b, 0x6d, 0x6b, 0x01, 0x52, 0x6d, 0x6b, 0x6d, 0x6b,
  0x01, 0x5e, 0x6d, 0x6b, 0x6d, 0x6b, 0x01, 0x6a, 0x6d, 0x6b, 0x6d, 0x6b,
  0x01, 0x76, 0x00, 0x00, 0x00, 0x02, 0x00, 0x00, 0x00, 0x01, 0x00, 0x00,
  0x00, 0x02, 0x00, 0x00, 0x00, 0x01, 0x00, 0x00, 0x00, 0x02, 0x00, 0x00,
  0x00, 0x01, 0x00, 0x00, 0x00, 0x02, 0x00, 0x00, 0x00, 0x01, 0x00, 0x00,
  0x00, 0x02, 0x00, 0x00, 0x00, 0x01, 0x00, 0x00, 0x00, 0x02, 0x00, 0x00,
  0x00, 0x01, 0x00, 0x00, 0x00, 0x02, 0x00, 0x00, 0x00, 0x01, 0x00, 0x00,
  0x00, 0x02, 0x00, 0x00, 0x00, 0x01, 0x00, 0x00, 0x00, 0x03, 0x00, 0x02,
  0x00, 0x03, 0x00, 0x04, 0x00, 0x00, 0x00, 0x03, 0x00, 0x02, 0x00, 0x03,
  0x00, 0x04, 0x00, 0x00, 0x00, 0x03, 0x00, 0x02, 0x00, 0x03, 0x00, 0x04,
  0x00, 0x00, 0x00, 0x03, 0x00, 0x02, 0x00, 0x03, 0x00, 0x04, 0x00, 0x00,
  0x00, 0x03, 0x00, 0x02, 0x00, 0x03, 0x00, 0x04, 0x00, 0x00, 0x00, 0x03,
  0x00, 0x02, 0x00, 0x03, 0x00, 0x04, 0x00, 0x00, 0x00, 0x03, 0x00, 0x02,
  0x00, 0x03, 0x00, 0x04, 0x00, 0x00, 0x00, 0x03, 0x00, 0x02, 0x00, 0x03,
  0x00, 0x04, 0x00, 0x00, 0x00, 0x04, 0x00, 0x05, 0x00, 0x06, 0x00, 0x07,
  0x00, 0x08, 0x00, 0x00, 0x00, 0x04, 0x00, 0x05, 0x00, 0x06, 0x00, 0x07,
  0x00, 0x08, 0x00, 0x00, 0x00, 0x04, 0x00, 0x05, 0x00, 0x06, 0x00, 0x07,
  0x00, 0x08, 0x00, 0x00, 0x00, 0x04, 0x00, 0x05, 0x00, 0x06, 0x00, 0x07,
  0x00, 0x08, 0x00, 0x00, 0x00, 0x04, 0x00, 0x05, 0x00, 0x06, 0x00, 0x07,
  0x00, 0x08, 0x00, 0x00, 0x00, 0x04, 0x00, 0x05, 0x00, 0x06, 0x00, 0x07,
  0x00, 0x08, 0x00, 0x00, 0x00, 0x04, 0x00, 0x05, 0x00, 0x06, 0x00, 0x07,
  0x00, 0x08, 0x00, 0x00, 0x00, 0x04, 0x00, 0x05, 0x00, 0x06, 0x00, 0x07,
  0x00, 0x08, 0x00, 0x09, 0x00, 0x14, 0x00, 0x20, 0x00, 0x30, 0x00, 0x38,
  0x00, 0x40, 0x00, 0x48, 0x00, 0x50, 0x00, 0x58, 0x00, 0x60, 0x00, 0x02,
  0x00, 0x08, 0x00, 0x03, 0x00, 0x54, 0x01, 0x0a, 0x01, 0x20, 0x00, 0x02,
  0x00, 0x08, 0x00, 0x05, 0x01, 0x28, 0x09, 0xfa, 0x0d, 0x8a, 0x0f, 0x3a,
  0x10, 0x62, 0x00, 0x04, 0x00, 0x00, 0x00, 0x01, 0x10, 0x80, 0x00, 0x04,
  0x00, 0x00, 0x00, 0x01, 0x11, 0xd6, 0x00, 0x04, 0x00, 0x00, 0x00, 0x01,
  0x12, 0xe4, 0x00, 0x06, 0x01, 0x00, 0x00, 0x01, 0x2b, 0x82, 0x00, 0x06,
  0x02, 0x00, 0x00, 0x01, 0x2b, 0xd4, 0x00, 0x06, 0x03, 0x00, 0x00, 0x01,
  0x2c, 0xdc, 0x00, 0x06, 0x02, 0x00, 0x00, 0x01, 0x2c, 0xf6, 0x00, 0x01,
  0x2d, 0xf0, 0x00, 0x04, 0x00, 0x00, 0x00, 0x12, 0x00, 0x2e, 0x00, 0x38,
  0x00, 0x3e, 0x00, 0x44, 0x00, 0x4e, 0x00, 0x54, 0x00, 0x5a, 0x00, 0x64,
  0x00, 0x6a, 0x00, 0x70, 0x00, 0x76, 0x00, 0x7c, 0x00, 0x82, 0x00, 0x88,
  0x00, 0x8e, 0x00, 0x94, 0x00, 0xa6, 0x00, 0xac, 0x00, 0x02, 0x01, 0xea,
  0xff, 0xf3, 0x01, 0xeb, 0x00, 0x03, 0x00, 0x01, 0x01, 0xea, 0xff, 0xeb,
  0x00, 0x01, 0x01, 0xea, 0xff, 0xe7, 0x00, 0x02, 0x01, 0xea, 0xff, 0xcd,
  0x01, 0xf0, 0xff, 0xcc, 0x00, 0x01, 0x01, 0xea, 0xff, 0xf3, 0x00, 0x01,
  0x01, 0xea, 0xff, 0xef, 0x00, 0x02, 0x01, 0xea, 0xff, 0xfc, 0x02, 0x2f,
  0xff, 0xb2, 0x00, 0x01, 0x01, 0xea, 0xff, 0xea, 0x00, 0x01, 0x01, 0xea,
  0xff, 0xea, 0x00, 0x01, 0x02, 0x71, 0x00, 0x04, 0x00, 0x01, 0x02, 0x1a,
  0xff, 0xf6, 0x00, 0x01, 0x02, 0x1a, 0x00, 0x30, 0x00, 0x01, 0x02, 0x1a,
  0xff, 0xf3, 0x00, 0x01, 0x02, 0x1a, 0x00, 0x00, 0x00, 0x01, 0x02, 0x1a,
  0xff, 0xe2, 0x00, 0x04, 0x01, 0xfd, 0xff, 0xf8, 0x02, 0x01, 0xff, 0xfc,
  0x02, 0x02, 0x00, 0x1a, 0x02, 0x05, 0x00, 0x04, 0x00, 0x01, 0x01, 0xf0,
  0x00, 0x00, 0x00, 0x02, 0x01, 0xeb, 0xff, 0xf5, 0x01, 0xf0, 0xff, 0xe4,
  0x00, 0x02, 0x2d, 0x62, 0x00, 0x04, 0x00, 0x00, 0x30, 0xa6, 0x30, 0xaa,
  0x00, 0x01, 0x00, 0x03, 0x00, 0x00, 0xff, 0xe1, 0xff, 0xd8, 0x00, 0x02,
  0x2d, 0x56, 0x00, 0x04, 0x00, 0x00, 0x30, 0x90, 0x30, 0xa4, 0x00, 0x01,
  0x00, 0x02, 0x00, 0x00, 0xff, 0xcf, 0x00, 0x01, 0x2d, 0x48, 0x00, 0x04,
  0x00, 0x00, 0x00, 0x6d, 0x00, 0xe4, 0x00, 0xea, 0x00, 0xf0, 0x00, 0xf6,
  0x00, 0xfc, 0x01, 0x02, 0x01, 0x08, 0x01, 0x0e, 0x01, 0x14, 0x01, 0x1a,
  0x01, 0x20, 0x01, 0x26, 0x01, 0x2c, 0x01, 0x32, 0x01, 0x38, 0x01, 0x3e,
  0x01, 0x44, 0x01, 0x4a, 0x01, 0x50, 0x01, 0x56, 0x01, 0x5c, 0x01, 0x62,
  0x01, 0x68, 0x01, 0x6e, 0x01, 0x74, 0x01, 0x7a, 0x01, 0x80, 0x01, 0x86,
  0x01, 0x8c, 0x01, 0x92, 0x01, 0x98, 0x01, 0x9e, 0x01, 0xa4, 0x01, 0xaa,
  0x01, 0xb0, 0x01, 0xb6, 0x01, 0xbc, 0x01, 0xc2, 0x01, 0xc8, 0x01, 0xce,
  0x01, 0xd4, 0x01, 0xda, 0x01, 0xe0, 0x01, 0xe6, 0x01, 0xec, 0x01, 0xf2,
  0x01, 0xf8, 0x01, 0xfe, 0x02, 0x04, 0x02, 0x0a, 0x02, 0x10, 0x02, 0x16,
  0x02, 0x1c, 0x02, 0x22, 0x02, 0x28, 0x02, 0x2e, 0x02, 0x34, 0x02, 0x3a,
  0x02, 0x40, 0x02, 0x46, 0x02, 0x4c, 0x02, 0xe6, 0x02, 0xec, 0x02, 0xf2,
  0x02, 0xf8, 0x02, 0xfe, 0x06, 0xc4, 0x06, 0xca, 0x06, 0xd4, 0x06, 0xda,
  0x06, 0xe0, 0x06, 0xe6, 0x07, 0xcc, 0x07, 0xd2, 0x07, 0xd8, 0x07, 0xde,
  0x07, 0xe4, 0x07, 0xea, 0x07, 0xf0, 0x07, 0xf6, 0x07, 0xfc, 0x08, 0x02,
  0x08, 0x08, 0x08, 0x0e, 0x08, 0x14, 0x08, 0x1a, 0x08, 0x20, 0x08, 0x26,
  0x08, 0x2c, 0x08, 0x32, 0x08, 0x38, 0x08, 0x3e, 0x08, 0x44, 0x08, 0x4a,
  0x08, 0x50, 0x08, 0x56, 0x08, 0x5c, 0x08, 0x62, 0x08, 0x6c, 0x08, 0x72,
  0x08, 0x78, 0x08, 0x7e, 0x08, 0x84, 0x08, 0x8a, 0x08, 0xac, 0x08, 0xb2,
  0x08, 0xb8, 0x08, 0xbe, 0x08, 0xcc, 0x00, 0x01, 0x00, 0x99, 0x00, 0x04,
  0x00, 0x01, 0x00, 0x99, 0x00, 0x04, 0x00, 0x01, 0x00, 0x99, 0x00, 0x04,
  0x00, 0x01, 0x00, 0x99, 0x00, 0x04, 0x00, 0x01, 0x00, 0x99, 0x00, 0x04,
  0x00, 0x01, 0x00, 0x99, 0x00, 0x04, 0x00, 0x01, 0x00, 0x99, 0x00, 0x04,
  0x00, 0x01, 0x00, 0x99, 0x00, 0x04, 0x00, 0x01, 0x00, 0x99, 0x00, 0x04,
  0x00, 0x01, 0x00, 0x99, 0x00, 0x04, 0x00, 0x01, 0x00, 0x99, 0x00, 0x04,
  0x00, 0x01, 0x00, 0x99, 0x00, 0x04, 0x00, 0x01, 0x00, 0x99, 0x00, 0x04,
  0x00, 0x01, 0x00, 0x99, 0x00, 0x04, 0x00, 0x01, 0x00, 0x99, 0x00, 0x04,
  0x00, 0x01, 0x00, 0x99, 0x00, 0x04, 0x00, 0x01, 0x00, 0x99, 0x00, 0x04,
  0x00, 0x01, 0x00, 0x99, 0x00, 0x04, 0x00, 0x01, 0x00, 0x99, 0x00, 0x04,
  0x00, 0x01, 0x00, 0x99, 0x00, 0x04, 0x00, 0x01, 0x00, 0x99, 0x00, 0x04,
  0x00, 0x01, 0x00, 0x99, 0x00, 0x04, 0x00, 0x01, 0x00, 0x99, 0x00, 0x04,
  0x00, 0x01, 0x00, 0x99, 0xff, 0xea, 0x00, 0x01, 0x00, 0x99, 0xff, 0xf5,
  0x00, 0x01, 0x00, 0x99, 0xff, 0xf5, 0x00, 0x01, 0x00, 0x99, 0xff, 0xf5,
  0x00, 0x01, 0x00, 0x99, 0xff, 0xf5, 0x00, 0x01, 0x00, 0x99, 0xff, 0xf5,
  0x00, 0x01, 0x00, 0x99, 0xff, 0xea, 0x00, 0x01, 0x00, 0x99, 0xff, 0xea,
  0x00, 0x01, 0x00, 0x99, 0xff, 0xea, 0x00, 0x01, 0x00, 0x99, 0xff, 0xea,
  0x00, 0x01, 0x02, 0x2f, 0x00, 0x02, 0x00, 0x01, 0x00, 0x99, 0xff, 0xf5,
  0x00, 0x01, 0x00, 0x99, 0xff, 0xf5, 0x00, 0x01, 0x00, 0x99, 0xff, 0xf5,
  0x00, 0x01, 0x00, 0x99, 0xff, 0xf5, 0x00, 0x01, 0x00, 0x99, 0xff, 0xf5,
  0x00, 0x01, 0x00, 0x99, 0xff, 0xf5, 0x00, 0x01, 0x00, 0x99, 0xff, 0xf5,
  0x00, 0x01, 0x00, 0x99, 0xff, 0xf5, 0x00, 0x01, 0x00, 0x99, 0xff, 0xf5,
  0x00, 0x01, 0x00, 0x99, 0xff, 0xf5, 0x00, 0x01, 0x00, 0x99, 0xff, 0xf5,
  0x00, 0x01, 0x00, 0x99, 0xff, 0xf5, 0x00, 0x01, 0x00, 0x99, 0xff, 0xf5,
  0x00, 0x01, 0x00, 0x99, 0xff, 0xf5, 0x00, 0x01, 0x00, 0x99, 0xff, 0xf5,
  0x00, 0x01, 0x00, 0x99, 0xff, 0xf5, 0x00, 0x01, 0x00, 0x99, 0xff, 0xf5,
  0x00, 0x01, 0x00, 0x99, 0xff, 0xf5, 0x00, 0x01, 0x00, 0x99, 0xff, 0xf5,
  0x00, 0x01, 0x00, 0x99, 0xff, 0xf5, 0x00, 0x01, 0x00, 0x99, 0xff, 0xf5,
  0x00, 0x01, 0x00, 0x99, 0xff, 0xf5, 0x00, 0x01, 0x00, 0x99, 0xff, 0xf5,
  0x00, 0x01, 0x00, 0x99, 0xff, 0xf5, 0x00, 0x01, 0x00, 0x99, 0xff, 0xef,
  0x00, 0x01, 0x00, 0x99, 0xff, 0xea, 0x00, 0x26, 0x00, 0x93, 0xff, 0xff,
  0x00, 0x94, 0xff, 0xff, 0x00, 0x95, 0xff, 0xff, 0x00, 0x96, 0xff, 0xff,
  0x00, 0x97, 0xff, 0xff, 0x00, 0x98, 0xff, 0xff, 0x00, 0x99, 0xff, 0xf6,
  0x00, 0x9a, 0xff, 0xf5, 0x00, 0x9b, 0xff, 0xf5, 0x00, 0x9c, 0xff, 0xf5,
  0x00, 0x9d, 0xff, 0xf5, 0x00, 0x9e, 0xff, 0xf5, 0x00, 0x9f, 0xff, 0xf5,
  0x00, 0xa0, 0xff, 0xf5, 0x00, 0xa1, 0xff, 0xf5, 0x01, 0x71, 0xff, 0xff,
  0x01, 0x72, 0xff, 0xff, 0x01, 0x73, 0xff, 0xff, 0x01, 0x74, 0xff, 0xff,
  0x01, 0x75, 0xff, 0xff, 0x01, 0x76, 0xff, 0xff, 0x01, 0x77, 0xff, 0xff,
  0x01, 0x78, 0xff, 0xff, 0x01, 0x79, 0xff, 0xff, 0x01, 0x7a, 0xff, 0xff,
  0x01, 0x7b, 0xff, 0xff, 0x01, 0xd3, 0xff, 0xff, 0x01, 0xd4, 0xff, 0xff,
  0x01, 0xd5, 0xff, 0xff, 0x01, 0xd6, 0xff, 0xff, 0x01, 0xd7, 0xff, 0xff,
  0x01, 0xd8, 0xff, 0xff, 0x01, 0xda, 0xff, 0xf5, 0x01, 0xdb, 0xff, 0xf5,
  0x01, 0xdc, 0xff, 0xf5, 0x01, 0xdd, 0xff, 0xf5, 0x01, 0xde, 0xff, 0xf5,
  0x02, 0x29, 0x00, 0x0b, 0x00, 0x01, 0x00, 0x99, 0xff, 0xe6, 0x00, 0x01,
  0x00, 0x99, 0xff, 0xe6, 0x00, 0x01, 0x00, 0x99, 0xff, 0xe6, 0x00, 0x01,
  0x00, 0x99, 0xff, 0xe6, 0x00, 0xf1, 0x00, 0x04, 0xff, 0xc1, 0x00, 0x05,
  0xff, 0xc1, 0x00, 0x06, 0xff, 0xc1, 0x00, 0x07, 0xff, 0xc1, 0x00, 0x08,
  0xff, 0xc1, 0x00, 0x09, 0xff, 0xc1, 0x00, 0x0a, 0xff, 0xc1, 0x00, 0x0b,
  0xff, 0xc1, 0x00, 0x0c, 0xff, 0xc1, 0x00, 0x0d, 0xff, 0xc1, 0x00, 0x0e,
  0xff, 0xc1, 0x00, 0x0f, 0xff, 0xc1, 0x00, 0x10, 0xff, 0xc1, 0x00, 0x11,
  0xff, 0xc1, 0x00, 0x12, 0xff, 0xc1, 0x00, 0x13, 0xff, 0xc1, 0x00, 0x14,
  0xff, 0xc1, 0x00, 0x15, 0xff, 0xc1, 0x00, 0x16, 0xff, 0xc1, 0x00, 0x17,
  0xff, 0xc1, 0x00, 0x18, 0xff, 0xc1, 0x00, 0x19, 0xff, 0xc1, 0x00, 0x1a,
  0xff, 0xc1, 0x00, 0x1b, 0xff, 0xc1, 0x00, 0x1c, 0xff, 0xf3, 0x00, 0x1d,
  0xff, 0xee, 0x00, 0x1e, 0xff, 0xee, 0x00, 0x1f, 0xff, 0xee, 0x00, 0x20,
  0xff, 0xee, 0x00, 0x22, 0xff, 0xee, 0x00, 0x23, 0xff, 0xf3, 0x00, 0x25,
  0xff, 0xf3, 0x00, 0x27, 0xff, 0xf3, 0x00, 0x28, 0xff, 0xf3, 0x00, 0x29,
  0xff, 0xf3, 0x00, 0x2a, 0xff, 0xf3, 0x00, 0x2b, 0xff, 0xf3, 0x00, 0x2c,
  0xff, 0xf3, 0x00, 0x2d, 0xff, 0xf3, 0x00, 0x2e, 0xff, 0xf3, 0x00, 0x2f,
  0xff, 0xf3, 0x00, 0x30, 0xff, 0xf3, 0x00, 0x31, 0xff, 0xf3, 0x00, 0x32,
  0xff, 0xf3, 0x00, 0x33, 0xff, 0xf3, 0x00, 0x34, 0xff, 0xf3, 0x00, 0x35,
  0xff, 0xf3, 0x00, 0x36, 0xff, 0xf3, 0x00, 0x37, 0xff, 0xf3, 0x00, 0x38,
  0xff, 0xf3, 0x00, 0x39, 0xff, 0xf3, 0x00, 0x3a, 0xff, 0xee, 0x00, 0x3b,
  0xff, 0xee, 0x00, 0x3d, 0xff, 0xee, 0x00, 0x4c, 0xff, 0xd3, 0x00, 0x4f,
  0xff, 0xfc, 0x00, 0x55, 0xff, 0xf3, 0x00, 0x59, 0xff, 0xf3, 0x00, 0x5a,
  0xff, 0xee, 0x00, 0x5b, 0xff, 0xee, 0x00, 0x5c, 0xff, 0xee, 0x00, 0x5d,
  0xff, 0xee, 0x00, 0x5e, 0xff, 0xee, 0x00, 0x5f, 0xff, 0xee, 0x00, 0x60,
  0xff, 0xee, 0x00, 0x61, 0xff, 0xee, 0x00, 0x62, 0xff, 0xee, 0x00, 0x63,
  0xff, 0xee, 0x00, 0x64, 0xff, 0xee, 0x00, 0x65, 0xff, 0xee, 0x00, 0x66,
  0xff, 0xee, 0x00, 0x67, 0xff, 0xee, 0x00, 0x68, 0xff, 0xee, 0x00, 0x69,
  0xff, 0xee, 0x00, 0x6a, 0xff, 0xee, 0x00, 0x6b, 0xff, 0xee, 0x00, 0x6c,
  0xff, 0xee, 0x00, 0x6d, 0xff, 0xee, 0x00, 0x6f, 0xff, 0xee, 0x00, 0x70,
  0xff, 0xee, 0x00, 0x71, 0xff, 0xf3, 0x00, 0x73, 0xff, 0xee, 0x00, 0x74,
  0xff, 0xfb, 0x00, 0x77, 0xff, 0xea, 0x00, 0x78, 0xff, 0xea, 0x00, 0x79,
  0xff, 0xea, 0x00, 0x7a, 0xff, 0xea, 0x00, 0x7c, 0xff, 0xcb, 0x00, 0xa6,
  0xff, 0xee, 0x00, 0xc6, 0xff, 0xcb, 0x00, 0xc7, 0xff, 0xcb, 0x00, 0xc8,
  0xff, 0xcb, 0x00, 0xc9, 0xff, 0xcb, 0x00, 0xcb, 0xff, 0xcb, 0x00, 0xcc,
  0xff, 0xcb, 0x00, 0xcd, 0xff, 0xcb, 0x00, 0xce, 0xff, 0xcb, 0x00, 0xcf,
  0xff, 0xcb, 0x00, 0xd0, 0xff, 0xcb, 0x00, 0xd1, 0xff, 0xcb, 0x00, 0xd2,
  0xff, 0xcb, 0x00, 0xd3, 0xff, 0xcb, 0x00, 0xd4, 0xff, 0xcb, 0x00, 0xd5,
  0xff, 0xcb, 0x00, 0xd6, 0xff, 0xcb, 0x00, 0xd7, 0xff, 0xcb, 0x00, 0xd8,
  0xff, 0xcb, 0x00, 0xd9, 0xff, 0xcb, 0x00, 0xda, 0xff, 0xcb, 0x00, 0xdb,
  0xff, 0xcb, 0x00, 0xdc, 0xff, 0xcb, 0x00, 0xdd, 0xff, 0xcb, 0x00, 0xde,
  0xff, 0xcb, 0x00, 0xdf, 0xff, 0xcb, 0x00, 0xe0, 0xff, 0xcb, 0x00, 0xe1,
  0xff, 0xcb, 0x00, 0xe5, 0xff, 0xe9, 0x00, 0xe6, 0xff, 0xcd, 0x00, 0xe7,
  0xff, 0xcd, 0x01, 0x09, 0xff, 0xe1, 0x01, 0x0a, 0xff, 0xe1, 0x01, 0x0b,
  0xff, 0xe1, 0x01, 0x0c, 0xff, 0xe1, 0x01, 0x0d, 0xff, 0xe1, 0x01, 0x0f,
  0xff, 0xcb, 0x01, 0x10, 0xff, 0xcb, 0x01, 0x12, 0xff, 0xcb, 0x01, 0x13,
  0xff, 0xcb, 0x01, 0x14, 0xff, 0xcb, 0x01, 0x15, 0xff, 0xcb, 0x01, 0x16,
  0xff, 0xcb, 0x01, 0x17, 0xff, 0xcb, 0x01, 0x18, 0xff, 0xcb, 0x01, 0x19,
  0xff, 0xcb, 0x01, 0x1a, 0xff, 0xcb, 0x01, 0x1b, 0xff, 0xcb, 0x01, 0x1c,
  0xff, 0xcb, 0x01, 0x1d, 0xff, 0xcb, 0x01, 0x1e, 0xff, 0xcb, 0x01, 0x1f,
  0xff, 0xcb, 0x01, 0x20, 0xff, 0xcb, 0x01, 0x21, 0xff, 0xcb, 0x01, 0x22,
  0xff, 0xcb, 0x01, 0x23, 0xff, 0xcb, 0x01, 0x24, 0xff, 0xcb, 0x01, 0x26,
  0xff, 0xcb, 0x01, 0x27, 0xff, 0xcb, 0x01, 0x28, 0xff, 0xe1, 0x01, 0x29,
  0xff, 0xe1, 0x01, 0x2a, 0xff, 0xcd, 0x01, 0x2b, 0xff, 0xe1, 0x01, 0x2c,
  0xff, 0xe1, 0x01, 0x2d, 0xff, 0xe1, 0x01, 0x2e, 0xff, 0xfc, 0x01, 0x2f,
  0xff, 0xfc, 0x01, 0x30, 0xff, 0xfc, 0x01, 0x31, 0xff, 0xfc, 0x01, 0x33,
  0xff, 0xf3, 0x01, 0x34, 0xff, 0xe9, 0x01, 0x35, 0xff, 0xe9, 0x01, 0x36,
  0xff, 0xe9, 0x01, 0x37, 0xff, 0xe4, 0x01, 0x38, 0xff, 0xe4, 0x01, 0x3b,
  0xff, 0xe4, 0x01, 0x3c, 0xff, 0xe4, 0x01, 0x3d, 0xff, 0xe4, 0x01, 0x3e,
  0xff, 0xe4, 0x01, 0x3f, 0xff, 0xe4, 0x01, 0x40, 0xff, 0xe4, 0x01, 0x41,
  0xff, 0xe4, 0x01, 0x42, 0xff, 0xe4, 0x01, 0x43, 0xff, 0xe4, 0x01, 0x44,
  0xff, 0xe4, 0x01, 0x45, 0xff, 0xe4, 0x01, 0x46, 0xff, 0xe4, 0x01, 0x47,
  0xff, 0xe4, 0x01, 0x48, 0xff, 0xcd, 0x01, 0x4a, 0xff, 0xe1, 0x01, 0x4b,
  0xff, 0xe1, 0x01, 0x4c, 0xff, 0xe9, 0x01, 0x4d, 0xff, 0xfc, 0x01, 0x4e,
  0xff, 0xe9, 0x01, 0x4f, 0xff, 0xe4, 0x01, 0x50, 0xff, 0xe4, 0x01, 0x51,
  0xff, 0xe4, 0x01, 0x52, 0xff, 0xde, 0x01, 0x53, 0xff, 0xde, 0x01, 0x54,
  0xff, 0xde, 0x01, 0x55, 0xff, 0xde, 0x01, 0x56, 0xff, 0xde, 0x01, 0x57,
  0xff, 0xde, 0x01, 0x58, 0xff, 0xef, 0x01, 0x59, 0xff, 0xde, 0x01, 0x5a,
  0xff, 0xde, 0x01, 0x5b, 0xff, 0xde, 0x01, 0x5c, 0xff, 0xde, 0x01, 0x5d,
  0xff, 0xde, 0x01, 0x5e, 0xff, 0xde, 0x01, 0x5f, 0xff, 0xde, 0x01, 0x60,
  0xff, 0xde, 0x01, 0x61, 0xff, 0xef, 0x01, 0x62, 0xff, 0xef, 0x01, 0x63,
  0xff, 0xef, 0x01, 0x64, 0xff, 0xef, 0x01, 0x67, 0xff, 0xcd, 0x01, 0x68,
  0xff, 0xcd, 0x01, 0x6c, 0xff, 0xe9, 0x01, 0x6d, 0xff, 0xe9, 0x01, 0x6e,
  0xff, 0xcd, 0x01, 0x70, 0xff, 0xc1, 0x01, 0x7d, 0xff, 0xee, 0x01, 0x7e,
  0xff, 0xee, 0x01, 0x7f, 0xff, 0xee, 0x01, 0x80, 0xff, 0xee, 0x01, 0x81,
  0xff, 0xee, 0x01, 0x82, 0xff, 0xf3, 0x01, 0x91, 0xff, 0xee, 0x01, 0x92,
  0xff, 0xee, 0x01, 0x93, 0xff, 0xee, 0x01, 0x94, 0xff, 0xee, 0x01, 0xaf,
  0xff, 0xee, 0x01, 0xb0, 0xff, 0xee, 0x01, 0xb1, 0xff, 0xee, 0x01, 0xb2,
  0xff, 0xee, 0x01, 0xb3, 0xff, 0xee, 0x01, 0xb4, 0xff, 0xee, 0x01, 0xb5,
  0xff, 0xee, 0x01, 0xb7, 0xff, 0xee, 0x01, 0xb8, 0xff, 0xee, 0x01, 0xbb,
  0xff, 0xee, 0x01, 0xc0, 0xff, 0xea, 0x01, 0xc1, 0xff, 0xea, 0x01, 0xc2,
  0xff, 0xea, 0x01, 0xc3, 0xff, 0xea, 0x01, 0xc4, 0xff, 0xea, 0x02, 0x22,
  0xff, 0xbc, 0x02, 0x23, 0xff, 0xbc, 0x02, 0x2f, 0xff, 0xd3, 0x02, 0x37,
  0xff, 0xcb, 0x02, 0x7c, 0xff, 0xde, 0x02, 0x97, 0xff, 0xbc, 0x00, 0x01,
  0x00, 0x99, 0xff, 0xf5, 0x00, 0x02, 0x02, 0x40, 0x00, 0x0d, 0x02, 0x42,
  0x00, 0x14, 0x00, 0x01, 0x01, 0xa5, 0x00, 0x00, 0x00, 0x01, 0x00, 0x99,
  0xff, 0xea, 0x00, 0x01, 0x02, 0x42, 0xff, 0xf7, 0x00, 0x39, 0x00, 0x7c,
  0xff, 0xf0, 0x00, 0xc6, 0xff, 0xf0, 0x00, 0xc7, 0xff, 0xf0, 0x00, 0xc8,
  0xff, 0xf0, 0x00, 0xc9, 0xff, 0xf0, 0x00, 0xcb, 0xff, 0xf0, 0x00, 0xcc,
  0xff, 0xf0, 0x00, 0xcd, 0xff, 0xf0, 0x00, 0xce, 0xff, 0xf0, 0x00, 0xcf,
  0xff, 0xf0, 0x00, 0xd0, 0xff, 0xf0, 0x00, 0xd1, 0xff, 0xf0, 0x00, 0xd2,
  0xff, 0xf0, 0x00, 0xd3, 0xff, 0xf0, 0x00, 0xd4, 0xff, 0xf0, 0x00, 0xd5,
  0xff, 0xf0, 0x00, 0xd6, 0xff, 0xf0, 0x00, 0xd7, 0xff, 0xf0, 0x00, 0xd8,
  0xff, 0xf0, 0x00, 0xd9, 0xff, 0xf0, 0x00, 0xda, 0xff, 0xf0, 0x00, 0xdb,
  0xff, 0xf0, 0x00, 0xdc, 0xff, 0xf0, 0x00, 0xdd, 0xff, 0xf0, 0x00, 0xde,
  0xff, 0xf0, 0x00, 0xdf, 0xff, 0xf0, 0x00, 0xe0, 0xff, 0xf0, 0x00, 0xe1,
  0xff, 0xf0, 0x01, 0x0f, 0xff, 0xf0, 0x01, 0x10, 0xff, 0xf0, 0x01, 0x12,
  0xff, 0xf0, 0x01, 0x13, 0xff, 0xf0, 0x01, 0x14, 0xff, 0xf0, 0x01, 0x15,
  0xff, 0xf0, 0x01, 0x16, 0xff, 0xf0, 0x01, 0x17, 0xff, 0xf0, 0x01, 0x18,
  0xff, 0xf0, 0x01, 0x19, 0xff, 0xf0, 0x01, 0x1a, 0xff, 0xf0, 0x01, 0x1b,
  0xff, 0xf0, 0x01, 0x1c, 0xff, 0xf0, 0x01, 0x1d, 0xff, 0xf0, 0x01, 0x1e,
  0xff, 0xf0, 0x01, 0x1f, 0xff, 0xf0, 0x01, 0x20, 0xff, 0xf0, 0x01, 0x21,
  0xff, 0xf0, 0x01, 0x22, 0xff, 0xf0, 0x01, 0x23, 0xff, 0xf0, 0x01, 0x24,
  0xff, 0xf0, 0x01, 0x26, 0xff, 0xf0, 0x01, 0x27, 0xff, 0xf0, 0x01, 0x2e,
  0xff, 0xff, 0x01, 0x2f, 0xff, 0xff, 0x01, 0x30, 0xff, 0xff, 0x01, 0x31,
  0xff, 0xff, 0x01, 0x4d, 0xff, 0xff, 0x02, 0x37, 0xff, 0xf0, 0x00, 0x01,
  0x02, 0x2f, 0x00, 0x0b, 0x00, 0x01, 0x00, 0x99, 0x00, 0x04, 0x00, 0x01,
  0x00, 0x99, 0xff, 0xea, 0x00, 0x01, 0x00, 0x99, 0xff, 0xf5, 0x00, 0x01,
  0x00, 0x99, 0xff, 0xf5, 0x00, 0x01, 0x00, 0x99, 0xff, 0xf5, 0x00, 0x01,
  0x00, 0x99, 0xff, 0xf5, 0x00, 0x01, 0x00, 0x99, 0xff, 0xf5, 0x00, 0x01,
  0x00, 0x99, 0xff, 0xea, 0x00, 0x01, 0x00, 0x99, 0xff, 0xea, 0x00, 0x01,
  0x00, 0x99, 0xff, 0xea, 0x00, 0x01, 0x00, 0x99, 0xff, 0xea, 0x00, 0x01,
  0x00, 0x99, 0xff, 0xf5, 0x00, 0x01, 0x00, 0x99, 0xff, 0xf5, 0x00, 0x01,
  0x00, 0x99, 0xff, 0xf5, 0x00, 0x01, 0x00, 0x99, 0xff, 0xf5, 0x00, 0x01,
  0x00, 0x99, 0xff, 0xf5, 0x00, 0x01, 0x00, 0x99, 0xff, 0xf5, 0x00, 0x01,
  0x00, 0x99, 0xff, 0xf5, 0x00, 0x01, 0x00, 0x99, 0xff, 0xf5, 0x00, 0x01,
  0x00, 0x99, 0xff, 0xf5, 0x00, 0x01, 0x00, 0x99, 0xff, 0xf5, 0x00, 0x01,
  0x00, 0x99, 0xff, 0xf5, 0x00, 0x01, 0x00, 0x99, 0xff, 0xf5, 0x00, 0x01,
  0x00, 0x99, 0xff, 0xef, 0x00, 0x02, 0x00, 0x99, 0xff, 0xf5, 0x01, 0xd9,
  0xff, 0xf6, 0x00, 0x01, 0x00, 0x99, 0xff, 0xe6, 0x00, 0x01, 0x00, 0x99,
  0xff, 0xe6, 0x00, 0x01, 0x00, 0x99, 0xff, 0xe6, 0x00, 0x01, 0x00, 0x99,
  0xff, 0xe6, 0x00, 0x01, 0x00, 0x99, 0xff, 0xe6, 0x00, 0x08, 0x01, 0x7c,
  0xff, 0xf3, 0x01, 0x86, 0xff, 0xf3, 0x01, 0x90, 0xff, 0xf3, 0x01, 0xa0,
  0xff, 0xd4, 0x01, 0xa3, 0xff, 0xfc, 0x01, 0xa9, 0xff, 0xf3, 0x01, 0xb9,
  0xff, 0xf3, 0x01, 0xbc, 0xff, 0xfb, 0x00, 0x01, 0x00, 0x99, 0x00, 0x0a,
  0x00, 0x01, 0x00, 0x99, 0x00, 0x0a, 0x00, 0x01, 0x00, 0x4f, 0x00, 0x11,
  0x00, 0x03, 0x00, 0x4e, 0xff, 0xf3, 0x00, 0x4f, 0xff, 0xef, 0x00, 0x74,
  0xff, 0xf7, 0x00, 0x01, 0x00, 0x99, 0x00, 0x0a, 0x00, 0x02, 0x25, 0x2e,
  0x00, 0x04, 0x00, 0x00, 0x27, 0xce, 0x29, 0x0a, 0x00, 0x10, 0x00, 0x1c,
  0x00, 0x00, 0x00, 0x16, 0x00, 0x03, 0xff, 0xf0, 0xff, 0xe9, 0xff, 0xc5,
  0xff, 0xbb, 0xff, 0xd0, 0xff, 0xd5, 0x00, 0x0d, 0xff, 0xe1, 0xff, 0xce,
  0x00, 0x07, 0xff, 0xff, 0xff, 0xff, 0xff, 0xfe, 0xff, 0xfd, 0xff, 0xfb,
  0xff, 0xf5, 0xff, 0xdf, 0x00, 0x00, 0x00, 0x00, 0x00, 0x00, 0x00, 0x00,
  0x00, 0x00, 0x00, 0x00, 0x00, 0x00, 0x00, 0x00, 0x00, 0x00, 0xff, 0xec,
  0x00, 0x00, 0x00, 0x00, 0x00, 0x00, 0x00, 0x00, 0xff, 0xeb, 0xff, 0xe5,
  0x00, 0x00, 0x00, 0x00, 0x00, 0x00, 0x00, 0x00, 0xff, 0xfc, 0x00, 0x00,
  0x00, 0x00, 0x00, 0x00, 0xff, 0xf7, 0x00, 0x00, 0x00, 0x00, 0xff, 0xfa,
  0xff, 0xfc, 0xff, 0xf7, 0xff, 0xfc, 0x00, 0x00, 0x00, 0x00, 0x00, 0x00,
  0x00, 0x00, 0x00, 0x00, 0x00, 0x00, 0xff, 0xdc, 0xff, 0xf7, 0x00, 0x00,
  0x00, 0x00, 0x00, 0x00, 0x00, 0x00, 0x00, 0x00, 0x00, 0x00, 0xff, 0xef,
  0x00, 0x00, 0x00, 0x00, 0xff, 0xd1, 0xff, 0xe9, 0xff, 0xe1, 0xff, 0xe1,
  0xff, 0xe6, 0xff, 0xfa, 0xff, 0xf0, 0xff, 0xef, 0x00, 0x00, 0x00, 0x00,
  0x00, 0x00, 0xff, 0xe1, 0xff, 0xef, 0x00, 0x00, 0x00, 0x00, 0x00, 0x00,
  0x00, 0x00, 0x00, 0x0d, 0x00, 0x00, 0xff, 0xf0, 0xff, 0xef, 0x00, 0x00,
  0x00, 0x00, 0x00, 0x00, 0x00, 0x00, 0x00, 0x00, 0x00, 0x00, 0x00, 0x00,
  0x00, 0x09, 0x00, 0x00, 0x00, 0x00, 0x00, 0x00, 0x00, 0x00, 0x00, 0x00,
  0x00, 0x00, 0x00, 0x00, 0x00, 0x00, 0x00, 0x09, 0x00, 0x00, 0x00, 0x00,
  0x00, 0x00, 0x00, 0x00, 0x00, 0x00, 0x00, 0x00, 0x00, 0x00, 0x00, 0x1a,
  0x00, 0x00, 0xff, 0xfd, 0xff, 0xfd, 0xff, 0xb5, 0x00, 0x00, 0xff, 0xe1,
  0x00, 0x00, 0x00, 0x00, 0x00, 0x00, 0x00, 0x00, 0x00, 0x09, 0x00, 0x00,
  0x00, 0x00, 0x00, 0x00, 0x00, 0x00, 0xff, 0xf4, 0x00, 0x00, 0x00, 0x00,
  0x00, 0x00, 0x00, 0x09, 0x00, 0x00, 0x00, 0x00, 0x00, 0x00, 0xff, 0xf5,
  0x00, 0x00, 0x00, 0x00, 0x00, 0x00, 0xff, 0xf8, 0x00, 0x00, 0x00, 0x00,
  0x00, 0x00, 0x00, 0x00, 0xff, 0xfe, 0xff, 0xf6, 0x00, 0x00, 0x00, 0x00,
  0x00, 0x00, 0x00, 0x00, 0x00, 0x00, 0x00, 0x00, 0x00, 0x00, 0xff, 0xf9,
  0x00, 0x00, 0x00, 0x00, 0x00, 0x00, 0xff, 0xfa, 0x00, 0x00, 0xff, 0xfc,
  0x00, 0x00, 0x00, 0x00, 0x00, 0x00, 0x00, 0x00, 0x00, 0x00, 0x00, 0x00,
  0x00, 0x00, 0xff, 0xe1, 0xff, 0xd3, 0x00, 0x00, 0x00, 0x00, 0x00, 0x00,
  0xff, 0xf5, 0xff, 0xef, 0x00, 0x00, 0x00, 0x00, 0x00, 0x00, 0x00, 0x00,
  0xff, 0xc6, 0x00, 0x00, 0x00, 0x00, 0x00, 0x00, 0x00, 0x00, 0x00, 0x00,
  0x00, 0x00, 0x00, 0x00, 0x00, 0x00, 0xff, 0xe6, 0x00, 0x00, 0x00, 0x00,
  0x00, 0x00, 0x00, 0x00, 0x00, 0x00, 0x00, 0x00, 0x00, 0x00, 0x00, 0x08,
  0x00, 0x00, 0x00, 0x00, 0x00, 0x04, 0x00, 0x00, 0xff, 0xff, 0xff, 0xea,
  0x00, 0x00, 0x00, 0x00, 0x00, 0x00, 0x00, 0x00, 0x00, 0x09, 0x00, 0x00,
  0x00, 0x00, 0x00, 0x00, 0x00, 0x00, 0x00, 0x00, 0x00, 0x00, 0x00, 0x00,
  0x00, 0x00, 0x00, 0x00, 0x00, 0x00, 0x00, 0x00, 0x00, 0x00, 0x00, 0x00,
  0x00, 0x00, 0x00, 0x00, 0x00, 0x00, 0x00, 0x00, 0x00, 0x00, 0x00, 0x00,
  0x00, 0x00, 0xff, 0xf7, 0xff, 0xf4, 0xff, 0xe9, 0x00, 0x00, 0x00, 0x00,
  0x00, 0x00, 0x00, 0x00, 0x00, 0x00, 0x00, 0x00, 0x00, 0x00, 0x00, 0x00,
  0x00, 0x00, 0x00, 0x00, 0x00, 0x00, 0xff, 0xfa, 0xff, 0xfc, 0xff, 0xfc,
  0x00, 0x00, 0x00, 0x00, 0x00, 0x00, 0x00, 0x00, 0x00, 0x00, 0x00, 0x00,
  0x00, 0x00, 0xff, 0xd0, 0x00, 0x00, 0xff, 0xe8, 0x00, 0x00, 0x00, 0x00,
  0x00, 0x00, 0x00, 0x00, 0x00, 0x00, 0xff, 0xf3, 0x00, 0x00, 0x00, 0x00,
  0xff, 0xf3, 0xff, 0xd8, 0xff, 0xc6, 0xff, 0xc1, 0xff, 0xce, 0xff, 0xf5,
  0xff, 0xf0, 0xff, 0xe2, 0x00, 0x00, 0xff, 0xd4, 0x00, 0x00, 0xff, 0xe5,
  0xff, 0xe9, 0x00, 0x17, 0xff, 0xfc, 0x00, 0x00, 0x00, 0x00, 0xff, 0xf5,
  0x00, 0x00, 0xff, 0xfc, 0x00, 0x00, 0x00, 0x00, 0x00, 0x00, 0x00, 0x00,
  0x00, 0x00, 0x00, 0x00, 0x00, 0x00, 0x00, 0x00, 0xff, 0xf2, 0x00, 0x00,
  0x00, 0x00, 0x00, 0x00, 0x00, 0x00, 0x00, 0x00, 0x00, 0x00, 0x00, 0x00,
  0xff, 0xf7, 0xff, 0xf7, 0x00, 0x00, 0x00, 0x00, 0x00, 0x00, 0x00, 0x00,
  0x00, 0x00, 0x00, 0x00, 0x00, 0x00, 0xff, 0xbe, 0xff, 0xe4, 0xff, 0xf2,
  0xff, 0xf3, 0x00, 0x00, 0x00, 0x00, 0x00, 0x00, 0x00, 0x00, 0xff, 0xef,
  0x00, 0x00, 0x00, 0x00, 0xff, 0xd3, 0xff, 0xe8, 0xff, 0xdf, 0xff, 0xd3,
  0xff, 0xda, 0xff, 0xf3, 0xff, 0xfa, 0xff, 0xf6, 0x00, 0x00, 0xff, 0xe1,
  0x00, 0x00, 0xff, 0xef, 0xff, 0xf5, 0x00, 0x00, 0x00, 0x00, 0xff, 0xfc,
  0x00, 0x00, 0x00, 0x04, 0xff, 0xfa, 0xff, 0xf4, 0xff, 0xe6, 0x00, 0x00,
  0x00, 0x00, 0x00, 0x00, 0x00, 0x00, 0x00, 0x00, 0x00, 0x00, 0x00, 0x00,
  0x00, 0x00, 0x00, 0x00, 0xff, 0xf5, 0xff, 0xf5, 0xff, 0xf5, 0xff, 0xf5,
  0xff, 0xf5, 0xff, 0xda, 0x00, 0x00, 0x00, 0x04, 0x00, 0x00, 0x00, 0x00,
  0x00, 0x00, 0x00, 0x00, 0x00, 0x00, 0x00, 0x00, 0x00, 0x00, 0x00, 0x00,
  0x00, 0x00, 0x00, 0x00, 0x00, 0x00, 0x00, 0x00, 0x00, 0x00, 0x00, 0x00,
  0xff, 0xf6, 0x00, 0x00, 0x00, 0x00, 0xff, 0xf5, 0x00, 0x00, 0xff, 0xfb,
  0x00, 0x00, 0x00, 0x00, 0xff, 0xff, 0xff, 0xfd, 0x00, 0x00, 0xff, 0xf5,
  0x00, 0x00, 0xff, 0xfc, 0x00, 0x00, 0x00, 0x00, 0x00, 0x00, 0x00, 0x00,
  0x00, 0x00, 0x00, 0x00, 0x00, 0x00, 0x00, 0x13, 0x00, 0x0d, 0x00, 0x00,
  0x00, 0x00, 0x00, 0x00, 0x00, 0x00, 0x00, 0x00, 0x00, 0x00, 0x00, 0x00,
  0x00, 0x00, 0x00, 0x00, 0x00, 0x00, 0x00, 0x00, 0x00, 0x00, 0xff, 0xfc,
  0xff, 0xfc, 0x00, 0x00, 0x00, 0x00, 0x00, 0x00, 0x00, 0x00, 0x00, 0x00,
  0x00, 0x00, 0x00, 0x00, 0x00, 0x00, 0x00, 0x00, 0x00, 0x00, 0x00, 0x00,
  0x00, 0x00, 0x00, 0x00, 0x00, 0x00, 0x00, 0x00, 0x00, 0x00, 0x00, 0x00,
  0x00, 0x00, 0x00, 0x00, 0x00, 0x00, 0x00, 0x00, 0x00, 0x00, 0x00, 0x00,
  0x00, 0x00, 0x00, 0x00, 0x00, 0x00, 0x00, 0x00, 0x00, 0x00, 0x00, 0x00,
  0x00, 0x00, 0x00, 0x00, 0xff, 0xfc, 0x00, 0x00, 0x00, 0x00, 0x00, 0x00,
  0x00, 0x00, 0x00, 0x00, 0x00, 0x00, 0x00, 0x00, 0x00, 0x02, 0x22, 0x44,
  0x00, 0x04, 0x00, 0x00, 0x27, 0x58, 0x28, 0x1c, 0x00, 0x0d, 0x00, 0x10,
  0x00, 0x00, 0xff, 0xfc, 0xff, 0xf3, 0xff, 0xf3, 0xff, 0xf5, 0x00, 0x00,
  0x00, 0x00, 0x00, 0x00, 0x00, 0x00, 0x00, 0x00, 0x00, 0x00, 0x00, 0x00,
  0x00, 0x00, 0x00, 0x00, 0x00, 0x00, 0x00, 0x00, 0x00, 0x00, 0xff, 0xfc,
  0x00, 0x00, 0xff, 0xfc, 0xff, 0xf0, 0xff, 0xfb, 0xff, 0xf5, 0x00, 0x00,
  0x00, 0x00, 0x00, 0x00, 0x00, 0x00, 0x00, 0x00, 0x00, 0x00, 0x00, 0x00,
  0x00, 0x00, 0x00, 0x00, 0x00, 0x00, 0x00, 0x00, 0x00, 0x00, 0x00, 0x04,
  0x00, 0x00, 0x00, 0x00, 0x00, 0x00, 0x00, 0x00, 0x00, 0x00, 0x00, 0x00,
  0x00, 0x00, 0x00, 0x00, 0x00, 0x00, 0x00, 0x00, 0x00, 0x00, 0x00, 0x00,
  0x00, 0x00, 0x00, 0x00, 0x00, 0x00, 0x00, 0x00, 0xff, 0xf7, 0x00, 0x00,
  0x00, 0x00, 0x00, 0x04, 0x00, 0x00, 0x00, 0x00, 0x00, 0x00, 0x00, 0x00,
  0x00, 0x00, 0x00, 0x00, 0x00, 0x00, 0x00, 0x00, 0x00, 0x00, 0x00, 0x00,
  0x00, 0x00, 0x00, 0x00, 0x00, 0x00, 0xff, 0xf5, 0x00, 0x00, 0x00, 0x00,
  0xff, 0xee, 0xff, 0xef, 0xff, 0xef, 0x00, 0x00, 0x00, 0x00, 0x00, 0x00,
  0x00, 0x00, 0x00, 0x00, 0x00, 0x00, 0xff, 0xf7, 0xff, 0xfb, 0xff, 0xfc,
  0xff, 0xfa, 0x00, 0x00, 0xff, 0xf5, 0x00, 0x00, 0x00, 0x00, 0x00, 0x00,
  0x00, 0x00, 0xff, 0xf7, 0x00, 0x00, 0x00, 0x00, 0x00, 0x00, 0x00, 0x00,
  0x00, 0x00, 0xff, 0xfc, 0xff, 0xfa, 0x00, 0x00, 0xff, 0xf1, 0x00, 0x00,
  0xff, 0xf0, 0x00, 0x00, 0x00, 0x00, 0x00, 0x00, 0x00, 0x00, 0xff, 0xf7,
  0x00, 0x00, 0x00, 0x00, 0x00, 0x00, 0x00, 0x00, 0x00, 0x00, 0x00, 0x00,
  0x00, 0x04, 0x00, 0x17, 0x00, 0x08, 0x00, 0x00, 0x00, 0x00, 0x00, 0x00,
  0xff, 0xfa, 0xff, 0xf6, 0x00, 0x00, 0x00, 0x0b, 0xff, 0xfc, 0x00, 0x00,
  0x00, 0x00, 0x00, 0x00, 0x00, 0x00, 0x00, 0x00, 0xff, 0xf3, 0xff, 0xf3,
  0xff, 0xef, 0x00, 0x00, 0xff, 0xf5, 0x00, 0x00, 0x00, 0x00, 0x00, 0x00,
  0xff, 0xf1, 0xff, 0xfa, 0x00, 0x00, 0x00, 0x00, 0x00, 0x00, 0x00, 0x00,
  0x00, 0x00, 0x00, 0x00, 0x00, 0x04, 0x00, 0x04, 0x00, 0x00, 0x00, 0x00,
  0x00, 0x00, 0x00, 0x00, 0x00, 0x00, 0x00, 0x00, 0x00, 0x00, 0x00, 0x00,
  0x00, 0x00, 0x00, 0x00, 0x00, 0x00, 0x00, 0x00, 0x00, 0x00, 0xff, 0xef,
  0x00, 0x00, 0x00, 0x15, 0x00, 0x09, 0x00, 0x00, 0x00, 0x00, 0x00, 0x00,
  0xff, 0xf3, 0xff, 0xec, 0xff, 0xf4, 0x00, 0x00, 0xff, 0xf5, 0x00, 0x16,
  0xff, 0xe9, 0x00, 0x00, 0x00, 0x00, 0x00, 0x00, 0x00, 0x04, 0x00, 0x00,
  0x00, 0x00, 0x00, 0x00, 0x00, 0x00, 0x00, 0x00, 0x00, 0x00, 0xff, 0xf7,
  0x00, 0x00, 0x00, 0x00, 0x00, 0x00, 0x00, 0x00, 0x00, 0x00, 0x00, 0x00,
  0x00, 0x00, 0x00, 0x00, 0x00, 0x00, 0x00, 0x00, 0x00, 0x00, 0x00, 0x00,
  0x00, 0x00, 0x00, 0x00, 0x00, 0x00, 0x00, 0x00, 0x00, 0x00, 0x00, 0x00,
  0x00, 0x00, 0x00, 0x00, 0x00, 0x00, 0xff, 0xfa, 0x00, 0x02, 0x21, 0x1c,
  0x00, 0x04, 0x00, 0x00, 0x27, 0x3c, 0x27, 0x64, 0x00, 0x07, 0x00, 0x14,
  0x00, 0x00, 0xff, 0xcd, 0xff, 0xdf, 0xff, 0xbc, 0xff, 0xfc, 0xff, 0xfc,
  0xff, 0xf7, 0xff, 0xf7, 0xff, 0xef, 0x00, 0x00, 0x00, 0x00, 0x00, 0x00,
  0x00, 0x00, 0x00, 0x00, 0x00, 0x00, 0x00, 0x00, 0x00, 0x00, 0x00, 0x00,
  0x00, 0x00, 0x00, 0x00, 0x00, 0x00, 0x00, 0x00, 0x00, 0x00, 0x00, 0x00,
  0x00, 0x00, 0xff, 0xe8, 0x00, 0x00, 0x00, 0x00, 0x00, 0x00, 0xff, 0xd5,
  0xff, 0xf1, 0xff, 0xfc, 0xff, 0xec, 0x00, 0x04, 0xff, 0xcd, 0x00, 0x00,
  0x00, 0x00, 0x00, 0x00, 0x00, 0x00, 0x00, 0x00, 0x00, 0x00, 0xff, 0xcf,
  0xff, 0xc7, 0xff, 0xcd, 0xff, 0xf9, 0xff, 0xfc, 0x00, 0x00, 0x00, 0x00,
  0x00, 0x00, 0x00, 0x00, 0x00, 0x00, 0x00, 0x00, 0x00, 0x00, 0x00, 0x00,
  0xff, 0xf5, 0xff, 0xef, 0xff, 0xf0, 0x00, 0x00, 0x00, 0x00, 0x00, 0x00,
  0x00, 0x00, 0x00, 0x00, 0x00, 0x00, 0x00, 0x00, 0xff, 0xe9, 0xff, 0xd1,
  0x00, 0x00, 0x00, 0x00, 0x00, 0x00, 0xff, 0xe1, 0xff, 0xe8, 0xff, 0xe8,
  0xff, 0xf5, 0xff, 0xfc, 0x00, 0x00, 0x00, 0x00, 0x00, 0x00, 0x00, 0x00,
  0x00, 0x00, 0x00, 0x00, 0x00, 0x00, 0x00, 0x00, 0x00, 0x00, 0x00, 0x00,
  0xff, 0xd4, 0xff, 0xdc, 0x00, 0x00, 0x00, 0x00, 0x00, 0x00, 0xff, 0xe1,
  0xff, 0xe6, 0x00, 0x00, 0xff, 0xce, 0xff, 0xf7, 0x00, 0x00, 0x00, 0x00,
  0xff, 0xf6, 0x00, 0x00, 0x00, 0x00, 0x00, 0x00, 0x00, 0x00, 0x00, 0x00,
  0x00, 0x00, 0x00, 0x00, 0xff, 0xd7, 0xff, 0xc1, 0x00, 0x00, 0x00, 0x00,
  0x00, 0x00, 0xff, 0xc7, 0xff, 0xc7, 0xff, 0xe6, 0xff, 0xb7, 0x00, 0x00,
  0xff, 0xc2, 0x00, 0x00, 0x00, 0x00, 0xff, 0xfc, 0x00, 0x00, 0x00, 0x00,
  0x00, 0x00, 0x00, 0x00, 0x00, 0x00, 0x00, 0x00, 0xff, 0xf0, 0xff, 0xca,
  0x00, 0x00, 0x00, 0x00, 0xff, 0xe9, 0xff, 0xb7, 0xff, 0xc6, 0xff, 0xf5,
  0xff, 0xe4, 0x00, 0x00, 0x00, 0x00, 0xff, 0xe3, 0xff, 0xf7, 0xff, 0xef,
  0xff, 0xf6, 0xff, 0xef, 0x00, 0x02, 0x20, 0x0c, 0x00, 0x04, 0x00, 0x00,
  0x27, 0xe4, 0x28, 0x00, 0x00, 0x05, 0x00, 0x03, 0x00, 0x00, 0xff, 0xf9,
  0x00, 0x00, 0x00, 0x00, 0x00, 0x00, 0xff, 0xf9, 0x00, 0x00, 0x00, 0x0d,
  0x00, 0x00, 0x00, 0x00, 0x00, 0x00, 0xff, 0xfc, 0x00, 0x00, 0x00, 0x00,
  0xff, 0xfc, 0x00, 0x01, 0x1f, 0xec, 0x20, 0x02, 0x00, 0x03, 0x00, 0x0c,
  0x00, 0x7e, 0x00, 0x1c, 0x00, 0x01, 0x00, 0xb0, 0x00, 0x01, 0x00, 0xb6,
  0x00, 0x01, 0x00, 0xbc, 0x00, 0x01, 0x00, 0xc2, 0x00, 0x01, 0x00, 0xc8,
  0x00, 0x01, 0x00, 0xce, 0x00, 0x01, 0x00, 0xd4, 0x00, 0x01, 0x00, 0xda,
  0x00, 0x01, 0x00, 0xe0, 0x00, 0x01, 0x00, 0xe6, 0x00, 0x01, 0x00, 0xe0,
  0x00, 0x01, 0x00, 0xec, 0x00, 0x01, 0x00, 0xf2, 0x00, 0x01, 0x00, 0xc2,
  0x00, 0x02, 0x01, 0x0a, 0x00, 0x00, 0x00, 0x92, 0x00, 0x00, 0x00, 0x98,
  0x00, 0x00, 0x00, 0x9e, 0x00, 0x00, 0x00, 0xa4, 0x00, 0x00, 0x00, 0xaa,
  0x00, 0x01, 0x00, 0xf8, 0x00, 0x01, 0x00, 0xf8, 0x00, 0x01, 0x00, 0xf8,
  0x00, 0x01, 0x00, 0xf8, 0x00, 0x01, 0x00, 0xfe, 0x00, 0x01, 0x01, 0x04,
  0x00, 0x01, 0x01, 0x04, 0x00, 0x01, 0x01, 0x04, 0x00, 0x05, 0x00, 0x9e,
  0x00, 0xa4, 0x00, 0xda, 0x00, 0xaa, 0x00, 0xb0, 0x00, 0xda, 0x00, 0xda,
  0x00, 0xb6, 0x00, 0xda, 0x00, 0xbc, 0x00, 0xc2, 0x00, 0xda, 0x00, 0xc8,
  0x00, 0xce, 0x00, 0xd4, 0x00, 0x01, 0xff, 0xb2, 0x00, 0x00, 0x00, 0x01,
  0xff, 0x89, 0x00, 0x00, 0x00, 0x01, 0xff, 0xb0, 0xff, 0xf4, 0x00, 0x01,
  0xff, 0xc4, 0xff, 0xf8, 0x00, 0x01, 0xff, 0x9d, 0xff, 0xfb, 0x00, 0x01,
  0xff, 0x64, 0x01, 0xff, 0x00, 0x01, 0xff, 0xb2, 0x01, 0xff, 0x00, 0x01,
  0xff, 0xcf, 0x01, 0xff, 0x00, 0x01, 0xff, 0x8d, 0x01, 0xff, 0x00, 0x01,
  0xff, 0x30, 0x01, 0xff, 0x00, 0x01, 0xff, 0x65, 0x01, 0xff, 0x00, 0x01,
  0xff, 0x63, 0x02, 0x01, 0x00, 0x01, 0xff, 0x7c, 0x01, 0xff, 0x00, 0x01,
  0xff, 0x98, 0x01, 0xff, 0x00, 0x01, 0xff, 0x61, 0x01, 0xff, 0x00, 0x01,
  0xfe, 0xc7, 0x01, 0xff, 0x00, 0x01, 0xff, 0x72, 0x01, 0xff, 0x00, 0x01,
  0xfe, 0x2c, 0x01, 0xff, 0x00, 0x01, 0xfe, 0x58, 0x01, 0xff, 0x00, 0x01,
  0xfe, 0x45, 0x01, 0xff, 0x00, 0x01, 0xff, 0xbc, 0x01, 0xff, 0x00, 0x01,
  0x00, 0xd7, 0x00, 0x52, 0x00, 0x01, 0x00, 0xd7, 0x02, 0x59, 0x00, 0x01,
  0x00, 0xe0, 0xff, 0xf8, 0x00, 0x01, 0x00, 0xdb, 0x02, 0xc4, 0x00, 0x01,
  0x01, 0x1b, 0x02, 0xc4, 0x00, 0x01, 0x01, 0x06, 0x00, 0x00, 0x00, 0x01,
  0x01, 0x06, 0x02, 0xbc, 0x00, 0x01, 0x00, 0xb4, 0x00, 0x00, 0x00, 0x01,
  0x00, 0xdd, 0x01, 0xff, 0x00, 0x01, 0x01, 0xa6, 0x01, 0xff, 0x00, 0x01,
  0x00, 0x00, 0x00, 0x00, 0x00, 0x01, 0x1e, 0x8e, 0x1e, 0xb2, 0x00, 0x03,
  0x00, 0x0c, 0x00, 0x7e, 0x00, 0x1c, 0x00, 0x01, 0x00, 0x98, 0x00, 0x01,
  0x00, 0x9e, 0x00, 0x01, 0x00, 0xa4, 0x00, 0x01, 0x00, 0xaa, 0x00, 0x01,
  0x00, 0xb0, 0x00, 0x01, 0x00, 0xb6, 0x00, 0x01, 0x00, 0xbc, 0x00, 0x01,
  0x00, 0xc2, 0x00, 0x01, 0x00, 0xc8, 0x00, 0x01, 0x00, 0xce, 0x00, 0x01,
  0x00, 0xc8, 0x00, 0x01, 0x00, 0xd4, 0x00, 0x01, 0x00, 0xda, 0x00, 0x01,
  0x00, 0xaa, 0x00, 0x02, 0x00, 0xf2, 0x00, 0x00, 0x00, 0x7a, 0x00, 0x00,
  0x00, 0x80, 0x00, 0x00, 0x00, 0x86, 0x00, 0x00, 0x00, 0x8c, 0x00, 0x00,
  0x00, 0x92, 0x00, 0x01, 0x00, 0xe0, 0x00, 0x01, 0x00, 0xe0, 0x00, 0x01,
  0x00, 0xe0, 0x00, 0x01, 0x00, 0xe0, 0x00, 0x01, 0x00, 0xe6, 0x00, 0x01,
  0x00, 0xec, 0x00, 0x01, 0x00, 0xec, 0x00, 0x01, 0x00, 0xec, 0x00, 0x01,
  0x00, 0x86, 0x00, 0x8c, 0x00, 0x92, 0x00, 0x01, 0xff, 0xb2, 0x00, 0x00,
  0x00, 0x01, 0xff, 0x89, 0x00, 0x00, 0x00, 0x01, 0xff, 0xb0, 0xff, 0xf4,
  0x00, 0x01, 0xff, 0xc4, 0xff, 0xf8, 0x00, 0x01, 0xff, 0x9d, 0xff, 0xfb,
  0x00, 0x01, 0xff, 0x64, 0x01, 0xff, 0x00, 0x01, 0xff, 0xb2, 0x01, 0xff,
  0x00, 0x01, 0xff, 0xcf, 0x01, 0xff, 0x00, 0x01, 0xff, 0x8d, 0x01, 0xff,
  0x00, 0x01, 0xff, 0x30, 0x01, 0xff, 0x00, 0x01, 0xff, 0x65, 0x01, 0xff,
  0x00, 0x01, 0xff, 0x63, 0x02, 0x01, 0x00, 0x01, 0xff, 0x7c, 0x01, 0xff,
  0x00, 0x01, 0xff, 0x98, 0x01, 0xff, 0x00, 0x01, 0xff, 0x61, 0x01, 0xff,
  0x00, 0x01, 0xfe, 0xc7, 0x01, 0xff, 0x00, 0x01, 0xff, 0x72, 0x01, 0xff,
  0x00, 0x01, 0xfe, 0x2c, 0x01, 0xff, 0x00, 0x01, 0xfe, 0x58, 0x01, 0xff,
  0x00, 0x01, 0xfe, 0x45, 0x01, 0xff, 0x00, 0x01, 0xff, 0xbc, 0x01, 0xff,
  0x00, 0x01, 0x00, 0xb4, 0x00, 0x00, 0x00, 0x01, 0x00, 0xdd, 0x01, 0xff,
  0x00, 0x01, 0x01, 0xa6, 0x01, 0xff, 0x00, 0x01, 0x1d, 0xa2, 0x1d, 0xb8,
  0x00, 0x05, 0x00, 0x0c, 0x00, 0x86, 0x00, 0x1e, 0x00, 0x01, 0x11, 0xb6,
  0x00, 0x01, 0x11, 0xbc, 0x00, 0x01, 0x11, 0xc2, 0x00, 0x01, 0x11, 0xc8,
  0x00, 0x01, 0x11, 0xce, 0x00, 0x01, 0x11, 0xd4, 0x00, 0x01, 0x11, 0xda,
  0x00, 0x01, 0x11, 0xe0, 0x00, 0x01, 0x11, 0xe6, 0x00, 0x01, 0x11, 0xec,
  0x00, 0x01, 0x11, 0xe6, 0x00, 0x01, 0x11, 0xf2, 0x00, 0x01, 0x11, 0xf8,
  0x00, 0x01, 0x11, 0xc8, 0x00, 0x03, 0x12, 0x16, 0x00, 0x00, 0x11, 0x98,
  0x00, 0x00, 0x11, 0x9e, 0x00, 0x00, 0x11, 0xa4, 0x00, 0x00, 0x11, 0xaa,
  0x00, 0x04, 0x12, 0x1c, 0x00, 0x02, 0x12, 0x10, 0x00, 0x00, 0x11, 0xb0,
  0x00, 0x01, 0x11, 0xfe, 0x00, 0x01, 0x11, 0xfe, 0x00, 0x01, 0x11, 0xfe,
  0x00, 0x01, 0x11, 0xfe, 0x00, 0x01, 0x12, 0x04, 0x00, 0x01, 0x12, 0x0a,
  0x00, 0x01, 0x12, 0x0a, 0x00, 0x01, 0x12, 0x0a, 0x01, 0xb6, 0x11, 0xa8,
  0x11, 0xae, 0x18, 0x1a, 0x18, 0x1a, 0x18, 0x1a, 0x11, 0xa8, 0x11, 0xb4,
  0x18, 0x1a, 0x18, 0x1a, 0x18, 0x1a, 0x11, 0xa8, 0x11, 0xae, 0x18, 0x1a,
  0x18, 0x1a, 0x18, 0x1a, 0x11, 0xa8, 0x11, 0xba, 0x18, 0x1a, 0x18, 0x1a,
  0x18, 0x1a, 0x11, 0xc0, 0x11, 0xc6, 0x18, 0x1a, 0x18, 0x1a, 0x18, 0x1a,
  0x11, 0xa8, 0x11, 0xcc, 0x18, 0x1a, 0x18, 0x1a, 0x18, 0x1a, 0x11, 0xa8,
  0x11, 0xd2, 0x18, 0x1a, 0x18, 0x1a, 0x18, 0x1a, 0x11, 0xa8, 0x11, 0xd8,
  0x18, 0x1a, 0x18, 0x1a, 0x18, 0x1a, 0x11, 0xa8, 0x11, 0xae, 0x18, 0x1a,
  0x18, 0x1a, 0x18, 0x1a, 0x11, 0xa8, 0x11, 0xde, 0x18, 0x1a, 0x18, 0x1a,
  0x18, 0x1a, 0x11, 0xa8, 0x11, 0xe4, 0x18, 0x1a, 0x18, 0x1a, 0x18, 0x1a,
  0x11, 0xc0, 0x11, 0xde, 0x18, 0x1a, 0x18, 0x1a, 0x18, 0x1a, 0x11, 0xa8,
  0x11, 0xea, 0x18, 0x1a, 0x18, 0x1a, 0x18, 0x1a, 0x11, 0xa8, 0x11, 0xf0,
  0x18, 0x1a, 0x18, 0x1a, 0x18, 0x1a, 0x11, 0xa8, 0x11, 0xf6, 0x18, 0x1a,
  0x18, 0x1a, 0x18, 0x1a, 0x11, 0xa8, 0x11, 0xae, 0x18, 0x1a, 0x18, 0x1a,
  0x18, 0x1a, 0x11, 0xc0, 0x11, 0xae, 0x18, 0x1a, 0x18, 0x1a, 0x18, 0x1a,
  0x11, 0xa8, 0x11, 0xfc, 0x18, 0x1a, 0x18, 0x1a, 0x18, 0x1a, 0x11, 0xa8,
  0x12, 0x02, 0x18, 0x1a, 0x18, 0x1a, 0x18, 0x1a, 0x11, 0xa8, 0x11, 0xae,
  0x18, 0x1a, 0x18, 0x1a, 0x18, 0x1a, 0x11, 0xa8, 0x11, 0xae, 0x18, 0x1a,
  0x18, 0x1a, 0x18, 0x1a, 0x11, 0xa8, 0x11, 0xae, 0x18, 0x1a, 0x18, 0x1a,
  0x18, 0x1a, 0x11, 0xa8, 0x12, 0x08, 0x18, 0x1a, 0x18, 0x1a, 0x18, 0x1a,
  0x12, 0x0e, 0x12, 0x14, 0x18, 0x1a, 0x18, 0x1a, 0x18, 0x1a, 0x12, 0x0e,
  0x12, 0x1a, 0x18, 0x1a, 0x18, 0x1a, 0x18, 0x1a, 0x12, 0x0e, 0x12, 0x14,
  0x18, 0x1a, 0x18, 0x1a, 0x18, 0x1a, 0x12, 0x0e, 0x18, 0x1a, 0x18, 0x1a,
  0x18, 0x1a, 0x18, 0x1a, 0x12, 0x0e, 0x12, 0x20, 0x18, 0x1a, 0x18, 0x1a,
  0x18, 0x1a, 0x12, 0x0e, 0x12, 0x14, 0x18, 0x1a, 0x18, 0x1a, 0x18, 0x1a,
  0x18, 0x1a, 0x12, 0x26, 0x18, 0x1a, 0x18, 0x1a, 0x18, 0x1a, 0x18, 0x1a,
  0x12, 0x2c, 0x18, 0x1a, 0x18, 0x1a, 0x18, 0x1a, 0x18, 0x1a, 0x12, 0x26,
  0x18, 0x1a, 0x18, 0x1a, 0x18, 0x1a, 0x18, 0x1a, 0x12, 0x2c, 0x18, 0x1a,
  0x18, 0x1a, 0x18, 0x1a, 0x12, 0x32, 0x12, 0x38, 0x18, 0x1a, 0x18, 0x1a,
  0x18, 0x1a, 0x12, 0x32, 0x12, 0x3e, 0x18, 0x1a, 0x18, 0x1a, 0x18, 0x1a,
  0x12, 0x32, 0x12, 0x38, 0x18, 0x1a, 0x18, 0x1a, 0x18, 0x1a, 0x12, 0x32,
  0x18, 0x1a, 0x18, 0x1a, 0x18, 0x1a, 0x18, 0x1a, 0x12, 0x32, 0x12, 0x44,
  0x18, 0x1a, 0x18, 0x1a, 0x18, 0x1a, 0x12, 0x32, 0x12, 0x4a, 0x18, 0x1a,
  0x18, 0x1a, 0x18, 0x1a, 0x12, 0x50, 0x12, 0x44, 0x18, 0x1a, 0x18, 0x1a,
  0x18, 0x1a, 0x12, 0x32, 0x12, 0x56, 0x18, 0x1a, 0x18, 0x1a, 0x18, 0x1a,
  0x12, 0x32, 0x12, 0x5c, 0x18, 0x1a, 0x18, 0x1a, 0x18, 0x1a, 0x12, 0x32,
  0x12, 0x62, 0x18, 0x1a, 0x18, 0x1a, 0x18, 0x1a, 0x12, 0x32, 0x12, 0x38,
  0x18, 0x1a, 0x18, 0x1a, 0x18, 0x1a, 0x12, 0x32, 0x12, 0x38, 0x18, 0x1a,
  0x18, 0x1a, 0x18, 0x1a, 0x12, 0x50, 0x12, 0x38, 0x18, 0x1a, 0x18, 0x1a,
  0x18, 0x1a, 0x12, 0x32, 0x12, 0x68, 0x18, 0x1a, 0x18, 0x1a, 0x18, 0x1a,
  0x12, 0x32, 0x12, 0x6e, 0x18, 0x1a, 0x18, 0x1a, 0x18, 0x1a, 0x12, 0x32,
  0x12, 0x38, 0x18, 0x1a, 0x18, 0x1a, 0x18, 0x1a, 0x12, 0x32, 0x18, 0x1a,
  0x18, 0x1a, 0x18, 0x1a, 0x18, 0x1a, 0x12, 0x32, 0x12, 0x74, 0x18, 0x1a,
  0x18, 0x1a, 0x18, 0x1a, 0x12, 0x7a, 0x12, 0x14, 0x18, 0x1a, 0x18, 0x1a,
  0x18, 0x1a, 0x12, 0x7a, 0x12, 0x14, 0x18, 0x1a, 0x18, 0x1a, 0x18, 0x1a,
  0x12, 0x7a, 0x12, 0x20, 0x18, 0x1a, 0x18, 0x1a, 0x18, 0x1a, 0x12, 0x7a,
  0x12, 0x14, 0x18, 0x1a, 0x18, 0x1a, 0x18, 0x1a, 0x18, 0x1a, 0x12, 0x86,
  0x12, 0x80, 0x18, 0x1a, 0x18, 0x1a, 0x18, 0x1a, 0x12, 0x86, 0x12, 0x80,
  0x18, 0x1a, 0x18, 0x1a, 0x18, 0x1a, 0x12, 0x8c, 0x12, 0x80, 0x18, 0x1a,
  0x18, 0x1a, 0x12, 0x92, 0x12, 0x98, 0x18, 0x1a, 0x18, 0x1a, 0x18, 0x1a,
  0x12, 0x92, 0x12, 0x9e, 0x18, 0x1a, 0x18, 0x1a, 0x18, 0x1a, 0x12, 0x92,
  0x12, 0xa4, 0x18, 0x1a, 0x18, 0x1a, 0x18, 0x1a, 0x12, 0x92, 0x12, 0x98,
  0x18, 0x1a, 0x18, 0x1a, 0x18, 0x1a, 0x12, 0x92, 0x12, 0x98, 0x18, 0x1a,
  0x18, 0x1a, 0x18, 0x1a, 0x12, 0xaa, 0x12, 0x98, 0x18, 0x1a, 0x18, 0x1a,
  0x18, 0x1a, 0x12, 0x92, 0x12, 0xb0, 0x18, 0x1a, 0x18, 0x1a, 0x18, 0x1a,
  0x12, 0x92, 0x12, 0xb6, 0x18, 0x1a, 0x18, 0x1a, 0x18, 0x1a, 0x12, 0x92,
  0x12, 0x98, 0x18, 0x1a, 0x18, 0x1a, 0x18, 0x1a, 0x12, 0xbc, 0x12, 0xc2,
  0x18, 0x1a, 0x18, 0x1a, 0x18, 0x1a, 0x12, 0x92, 0x12, 0xc8, 0x18, 0x1a,
  0x18, 0x1a, 0x18, 0x1a, 0x18, 0x1a, 0x12, 0xce, 0x18, 0x1a, 0x18, 0x1a,
  0x18, 0x1a, 0x18, 0x1a, 0x12, 0xd4, 0x18, 0x1a, 0x18, 0x1a, 0x18, 0x1a,
  0x12, 0xda, 0x18, 0x1a, 0x18, 0x1a, 0x18, 0x1a, 0x18, 0x1a, 0x12, 0xe0,
  0x12, 0xe6, 0x18, 0x1a, 0x18, 0x1a, 0x18, 0x1a, 0x12, 0xe0, 0x12, 0xec,
  0x18, 0x1a, 0x18, 0x1a, 0x18, 0x1a, 0x12, 0xe0, 0x12, 0xf2, 0x18, 0x1a,
  0x18, 0x1a, 0x18, 0x1a, 0x12, 0xe0, 0x12, 0xe6, 0x18, 0x1a, 0x18, 0x1a,
  0x18, 0x1a, 0x12, 0xf8, 0x12, 0xfe, 0x18, 0x1a, 0x18, 0x1a, 0x18, 0x1a,
  0x13, 0x04, 0x13, 0x0a, 0x18, 0x1a, 0x18, 0x1a, 0x18, 0x1a, 0x13, 0x04,
  0x13, 0x10, 0x18, 0x1a, 0x18, 0x1a, 0x18, 0x1a, 0x13, 0x04, 0x13, 0x0a,
  0x18, 0x1a, 0x18, 0x1a, 0x18, 0x1a, 0x13, 0x04, 0x13, 0x0a, 0x18, 0x1a,
  0x18, 0x1a, 0x18, 0x1a, 0x13, 0x04, 0x13, 0x16, 0x18, 0x1a, 0x18, 0x1a,
  0x18, 0x1a, 0x13, 0x1c, 0x13, 0x22, 0x18, 0x1a, 0x13, 0x28, 0x18, 0x1a,
  0x13, 0x1c, 0x13, 0x2e, 0x18, 0x1a, 0x13, 0x28, 0x18, 0x1a, 0x13, 0x1c,
  0x13, 0x34, 0x18, 0x1a, 0x13, 0x28, 0x18, 0x1a, 0x13, 0x1c, 0x13, 0x3a,
  0x18, 0x1a, 0x13, 0x28, 0x18, 0x1a, 0x13, 0x40, 0x13, 0x34, 0x18, 0x1a,
  0x13, 0x28, 0x18, 0x1a, 0x13, 0x1c, 0x13, 0x46, 0x18, 0x1a, 0x13, 0x28,
  0x18, 0x1a, 0x13, 0x1c, 0x13, 0x4c, 0x18, 0x1a, 0x13, 0x28, 0x18, 0x1a,
  0x13, 0x1c, 0x13, 0x52, 0x18, 0x1a, 0x13, 0x28, 0x18, 0x1a, 0x13, 0x1c,
  0x13, 0x22, 0x18, 0x1a, 0x13, 0x28, 0x18, 0x1a, 0x13, 0x40, 0x13, 0x22,
  0x18, 0x1a, 0x13, 0x28, 0x18, 0x1a, 0x13, 0x1c, 0x13, 0x58, 0x18, 0x1a,
  0x13, 0x28, 0x18, 0x1a, 0x13, 0x1c, 0x13, 0x5e, 0x18, 0x1a, 0x13, 0x28,
  0x18, 0x1a, 0x13, 0x1c, 0x13, 0x22, 0x18, 0x1a, 0x13, 0x28, 0x18, 0x1a,
  0x13, 0x1c, 0x13, 0x2e, 0x18, 0x1a, 0x13, 0x28, 0x18, 0x1a, 0x13, 0x40,
  0x13, 0x22, 0x18, 0x1a, 0x13, 0x28, 0x18, 0x1a, 0x13, 0x1c, 0x13, 0x58,
  0x18, 0x1a, 0x13, 0x28, 0x18, 0x1a, 0x13, 0x1c, 0x13, 0x5e, 0x18, 0x1a,
  0x13, 0x28, 0x18, 0x1a, 0x13, 0x1c, 0x13, 0x64, 0x18, 0x1a, 0x13, 0x28,
  0x18, 0x1a, 0x13, 0x1c, 0x13, 0x22, 0x18, 0x1a, 0x13, 0x28, 0x18, 0x1a,
  0x13, 0x1c, 0x13, 0x22, 0x18, 0x1a, 0x13, 0x28, 0x18, 0x1a, 0x13, 0x6a,
  0x13, 0x70, 0x18, 0x1a, 0x13, 0x76, 0x18, 0x1a, 0x13, 0x1c, 0x13, 0x64,
  0x18, 0x1a, 0x13, 0x28, 0x18, 0x1a, 0x18, 0x1a, 0x13, 0x7c, 0x18, 0x1a,
  0x18, 0x1a, 0x18, 0x1a, 0x13, 0x82, 0x13, 0x88, 0x18, 0x1a, 0x18, 0x1a,
  0x18, 0x1a, 0x13, 0x82, 0x13, 0x8e, 0x18, 0x1a, 0x18, 0x1a, 0x18, 0x1a,
  0x13, 0x82, 0x13, 0x88, 0x18, 0x1a, 0x18, 0x1a, 0x18, 0x1a, 0x13, 0x94,
  0x13, 0x9a, 0x18, 0x1a, 0x18, 0x1a, 0x18, 0x1a, 0x13, 0x94, 0x13, 0xa0,
  0x18, 0x1a, 0x18, 0x1a, 0x18, 0x1a, 0x13, 0x94, 0x13, 0x9a, 0x18, 0x1a,
  0x18, 0x1a, 0x18, 0x1a, 0x13, 0x94, 0x18, 0x1a, 0x18, 0x1a, 0x18, 0x1a,
  0x18, 0x1a, 0x13, 0x94, 0x13, 0xa6, 0x18, 0x1a, 0x18, 0x1a, 0x18, 0x1a,
  0x18, 0x1a, 0x13, 0xac, 0x18, 0x1a, 0x18, 0x1a, 0x18, 0x1a, 0x13, 0xb2,
  0x13, 0xb8, 0x18, 0x1a, 0x18, 0x1a, 0x18, 0x1a, 0x13, 0xb2, 0x13, 0xb8,
  0x18, 0x1a, 0x18, 0x1a, 0x18, 0x1a, 0x13, 0xb2, 0x13, 0xb8, 0x18, 0x1a,
  0x18, 0x1a, 0x18, 0x1a, 0x13, 0xbe, 0x13, 0xc4, 0x18, 0x1a, 0x13, 0xca,
  0x18, 0x1a, 0x13, 0xbe, 0x13, 0xd0, 0x18, 0x1a, 0x13, 0xca, 0x18, 0x1a,
  0x13, 0xbe, 0x13, 0xd6, 0x18, 0x1a, 0x13, 0xca, 0x18, 0x1a, 0x13, 0xbe,
  0x13, 0xdc, 0x18, 0x1a, 0x13, 0xca, 0x18, 0x1a, 0x13, 0xbe, 0x13, 0xc4,
  0x18, 0x1a, 0x13, 0xca, 0x18, 0x1a, 0x13, 0xe2, 0x13, 0xc4, 0x18, 0x1a,
  0x13, 0xca, 0x18, 0x1a, 0x13, 0xbe, 0x13, 0xe8, 0x18, 0x1a, 0x13, 0xca,
  0x18, 0x1a, 0x13, 0xbe, 0x13, 0xee, 0x18, 0x1a, 0x13, 0xca, 0x18, 0x1a,
  0x13, 0xbe, 0x13, 0xc4, 0x18, 0x1a, 0x13, 0xca, 0x18, 0x1a, 0x13, 0xbe,
  0x13, 0xd0, 0x18, 0x1a, 0x13, 0xca, 0x18, 0x1a, 0x13, 0xe2, 0x13, 0xc4,
  0x18, 0x1a, 0x13, 0xca, 0x18, 0x1a, 0x13, 0xbe, 0x13, 0xe8, 0x18, 0x1a,
  0x13, 0xca, 0x18, 0x1a, 0x13, 0xbe, 0x13, 0xee, 0x18, 0x1a, 0x13, 0xca,
  0x18, 0x1a, 0x13, 0xbe, 0x13, 0xf4, 0x18, 0x1a, 0x13, 0xca, 0x18, 0x1a,
  0x13, 0xbe, 0x13, 0xc4, 0x18, 0x1a, 0x13, 0xca, 0x18, 0x1a, 0x13, 0xbe,
  0x13, 0xc4, 0x18, 0x1a, 0x13, 0xca, 0x18, 0x1a, 0x13, 0xbe, 0x18, 0x1a,
  0x18, 0x1a, 0x13, 0xca, 0x18, 0x1a, 0x13, 0xbe, 0x13, 0xc4, 0x18, 0x1a,
  0x13, 0xca, 0x18, 0x1a, 0x13, 0xbe, 0x13, 0xf4, 0x18, 0x1a, 0x13, 0xca,
  0x18, 0x1a, 0x18, 0x1a, 0x13, 0xfa, 0x18, 0x1a, 0x18, 0x1a, 0x18, 0x1a,
  0x18, 0x1a, 0x14, 0x00, 0x18, 0x1a, 0x18, 0x1a, 0x18, 0x1a, 0x18, 0x1a,
  0x14, 0x06, 0x18, 0x1a, 0x18, 0x1a, 0x18, 0x1a, 0x18, 0x1a, 0x13, 0xfa,
  0x18, 0x1a, 0x18, 0x1a, 0x18, 0x1a, 0x18, 0x1a, 0x14, 0x0c, 0x18, 0x1a,
  0x18, 0x1a, 0x18, 0x1a, 0x14, 0x12, 0x11, 0xae, 0x18, 0x1a, 0x18, 0x1a,
  0x18, 0x1a, 0x14, 0x12, 0x11, 0xb4, 0x18, 0x1a, 0x18, 0x1a, 0x18, 0x1a,
  0x14, 0x12, 0x11, 0xde, 0x18, 0x1a, 0x18, 0x1a, 0x18, 0x1a, 0x14, 0x12,
  0x11, 0xae, 0x18, 0x1a, 0x18, 0x1a, 0x18, 0x1a, 0x14, 0x18, 0x11, 0xae,
  0x18, 0x1a, 0x18, 0x1a, 0x18, 0x1a, 0x14, 0x12, 0x12, 0x68, 0x18, 0x1a,
  0x18, 0x1a, 0x18, 0x1a, 0x14, 0x12, 0x12, 0x02, 0x18, 0x1a, 0x18, 0x1a,
  0x18, 0x1a, 0x14, 0x12, 0x12, 0x74, 0x18, 0x1a, 0x18, 0x1a, 0x18, 0x1a,
  0x18, 0x1a, 0x14, 0x1e, 0x18, 0x1a, 0x18, 0x1a, 0x18, 0x1a, 0x18, 0x1a,
  0x14, 0x24, 0x18, 0x1a, 0x18, 0x1a, 0x18, 0x1a, 0x14, 0x2a, 0x14, 0x1e,
  0x18, 0x1a, 0x18, 0x1a, 0x18, 0x1a, 0x18, 0x1a, 0x14, 0x1e, 0x18, 0x1a,
  0x18, 0x1a, 0x18, 0x1a, 0x12, 0x7a, 0x12, 0x14, 0x18, 0x1a, 0x18, 0x1a,
  0x18, 0x1a, 0x12, 0xda, 0x18, 0x1a, 0x18, 0x1a, 0x18, 0x1a, 0x18, 0x1a,
  0x13, 0x04, 0x13, 0x0a, 0x18, 0x1a, 0x18, 0x1a, 0x18, 0x1a, 0x13, 0x82,
  0x13, 0x88, 0x18, 0x1a, 0x18, 0x1a, 0x18, 0x1a, 0x13, 0xb2, 0x13, 0xb8,
  0x18, 0x1a, 0x18, 0x1a, 0x18, 0x1a, 0x13, 0x94, 0x13, 0x9a, 0x18, 0x1a,
  0x18, 0x1a, 0x18, 0x1a, 0x13, 0xb2, 0x13, 0xb8, 0x18, 0x1a, 0x18, 0x1a,
  0x18, 0x1a, 0x14, 0x30, 0x14, 0x36, 0x18, 0x1a, 0x18, 0x1a, 0x18, 0x1a,
  0x14, 0x30, 0x14, 0x3c, 0x18, 0x1a, 0x18, 0x1a, 0x18, 0x1a, 0x14, 0x30,
  0x14, 0x36, 0x18, 0x1a, 0x18, 0x1a, 0x18, 0x1a, 0x14, 0x30, 0x14, 0x42,
  0x18, 0x1a, 0x18, 0x1a, 0x18, 0x1a, 0x14, 0x48, 0x14, 0x4e, 0x18, 0x1a,
  0x18, 0x1a, 0x18, 0x1a, 0x14, 0x30, 0x14, 0x54, 0x18, 0x1a, 0x18, 0x1a,
  0x18, 0x1a, 0x14, 0x30, 0x14, 0x5a, 0x18, 0x1a, 0x18, 0x1a, 0x18, 0x1a,
  0x14, 0x30, 0x14, 0x60, 0x18, 0x1a, 0x18, 0x1a, 0x18, 0x1a, 0x14, 0x30,
  0x14, 0x36, 0x18, 0x1a, 0x18, 0x1a, 0x18, 0x1a, 0x14, 0x30, 0x14, 0x66,
  0x18, 0x1a, 0x18, 0x1a, 0x18, 0x1a, 0x14, 0x30, 0x14, 0x6c, 0x18, 0x1a,
  0x18, 0x1a, 0x18, 0x1a, 0x14, 0x48, 0x14, 0x66, 0x18, 0x1a, 0x18, 0x1a,
  0x18, 0x1a, 0x14, 0x30, 0x14, 0x72, 0x18, 0x1a, 0x18, 0x1a, 0x18, 0x1a,
  0x14, 0x30, 0x14, 0x78, 0x18, 0x1a, 0x18, 0x1a, 0x18, 0x1a, 0x14, 0x30,
  0x14, 0x7e, 0x18, 0x1a, 0x18, 0x1a, 0x18, 0x1a, 0x14, 0x30, 0x14, 0x36,
  0x18, 0x1a, 0x18, 0x1a, 0x18, 0x1a, 0x14, 0x48, 0x14, 0x36, 0x18, 0x1a,
  0x18, 0x1a, 0x18, 0x1a, 0x14, 0x30, 0x14, 0x84, 0x18, 0x1a, 0x18, 0x1a,
  0x18, 0x1a, 0x14, 0x30, 0x14, 0x8a, 0x18, 0x1a, 0x18, 0x1a, 0x18, 0x1a,
  0x14, 0x30, 0x14, 0x36, 0x18, 0x1a, 0x18, 0x1a, 0x18, 0x1a, 0x14, 0x30,
  0x18, 0x1a, 0x18, 0x1a, 0x18, 0x1a, 0x18, 0x1a, 0x14, 0x30, 0x14, 0x36,
  0x18, 0x1a, 0x18, 0x1a, 0x18, 0x1a, 0x14, 0x30, 0x14, 0x90, 0x18, 0x1a,
  0x18, 0x1a, 0x18, 0x1a, 0x14, 0x96, 0x14, 0x9c, 0x18, 0x1a, 0x18, 0x1a,
  0x18, 0x1a, 0x14, 0x96, 0x14, 0xa2, 0x18, 0x1a, 0x18, 0x1a, 0x18, 0x1a,
  0x14, 0x96, 0x14, 0x9c, 0x18, 0x1a, 0x18, 0x1a, 0x18, 0x1a, 0x14, 0x96,
  0x18, 0x1a, 0x18, 0x1a, 0x18, 0x1a, 0x18, 0x1a, 0x14, 0x96, 0x13, 0x9a,
  0x18, 0x1a, 0x18, 0x1a, 0x18, 0x1a, 0x14, 0x96, 0x14, 0x9c, 0x18, 0x1a,
  0x18, 0x1a, 0x18, 0x1a, 0x18, 0x1a, 0x14, 0xa8, 0x18, 0x1a, 0x18, 0x1a,
  0x18, 0x1a, 0x14, 0xae, 0x14, 0x9c, 0x18, 0x1a, 0x18, 0x1a, 0x18, 0x1a,
  0x14, 0xae, 0x14, 0xb4, 0x18, 0x1a, 0x18, 0x1a, 0x18, 0x1a, 0x14, 0xae,
  0x14, 0x9c, 0x18, 0x1a, 0x18, 0x1a, 0x18, 0x1a, 0x14, 0xae, 0x18, 0x1a,
  0x18, 0x1a, 0x18, 0x1a, 0x18, 0x1a, 0x14, 0xae, 0x14, 0xba, 0x18, 0x1a,
  0x18, 0x1a, 0x18, 0x1a, 0x14, 0xae, 0x14, 0xc0, 0x18, 0x1a, 0x18, 0x1a,
  0x18, 0x1a, 0x14, 0xc6, 0x14, 0xba, 0x18, 0x1a, 0x18, 0x1a, 0x18, 0x1a,
  0x14, 0xae, 0x14, 0xcc, 0x18, 0x1a, 0x18, 0x1a, 0x18, 0x1a, 0x14, 0xae,
  0x14, 0xd2, 0x18, 0x1a, 0x18, 0x1a, 0x18, 0x1a, 0x14, 0xae, 0x14, 0xd8,
  0x18, 0x1a, 0x18, 0x1a, 0x18, 0x1a, 0x14, 0xae, 0x14, 0x9c, 0x18, 0x1a,
  0x18, 0x1a, 0x18, 0x1a, 0x14, 0xae, 0x14, 0x9c, 0x18, 0x1a, 0x18, 0x1a,
  0x18, 0x1a, 0x14, 0xc6, 0x14, 0x9c, 0x18, 0x1a, 0x18, 0x1a, 0x18, 0x1a,
  0x14, 0xae, 0x14, 0xde, 0x18, 0x1a, 0x18, 0x1a, 0x18, 0x1a, 0x14, 0xae,
  0x14, 0xe4, 0x18, 0x1a, 0x18, 0x1a, 0x18, 0x1a, 0x14, 0xae, 0x14, 0x9c,
  0x18, 0x1a, 0x18, 0x1a, 0x18, 0x1a, 0x14, 0xae, 0x18, 0x1a, 0x18, 0x1a,
  0x18, 0x1a, 0x18, 0x1a, 0x14, 0xae, 0x14, 0xea, 0x18, 0x1a, 0x18, 0x1a,
  0x18, 0x1a, 0x14, 0xf0, 0x14, 0xf6, 0x18, 0x1a, 0x18, 0x1a, 0x18, 0x1a,
  0x18, 0x1a, 0x14, 0xfc, 0x18, 0x1a, 0x18, 0x1a, 0x18, 0x1a, 0x18, 0x1a,
  0x14, 0xfc, 0x18, 0x1a, 0x18, 0x1a, 0x18, 0x1a, 0x18, 0x1a, 0x15, 0x02,
  0x18, 0x1a, 0x18, 0x1a, 0x18, 0x1a, 0x18, 0x1a, 0x15, 0x02, 0x18, 0x1a,
  0x18, 0x1a, 0x18, 0x1a, 0x18, 0x1a, 0x15, 0x02, 0x18, 0x1a, 0x18, 0x1a,
  0x18, 0x1a, 0x18, 0x1a, 0x14, 0x66, 0x18, 0x1a, 0x18, 0x1a, 0x18, 0x1a,
  0x18, 0x1a, 0x15, 0x02, 0x18, 0x1a, 0x18, 0x1a, 0x18, 0x1a, 0x18, 0x1a,
  0x15, 0x02, 0x18, 0x1a, 0x18, 0x1a, 0x18, 0x1a, 0x18, 0x1a, 0x18, 0x1a,
  0x18, 0x1a, 0x18, 0x1a, 0x15, 0x08, 0x18, 0x1a, 0x18, 0x1a, 0x18, 0x1a,
  0x18, 0x1a, 0x15, 0x08, 0x18, 0x1a, 0x15, 0x0e, 0x18, 0x1a, 0x18, 0x1a,
  0x15, 0x08, 0x18, 0x1a, 0x15, 0x14, 0x18, 0x1a, 0x18, 0x1a, 0x15, 0x08,
  0x15, 0x1a, 0x15, 0x20, 0x18, 0x1a, 0x18, 0x1a, 0x18, 0x1a, 0x18, 0x1a,
  0x15, 0x26, 0x18, 0x1a, 0x18, 0x1a, 0x18, 0x1a, 0x18, 0x1a, 0x15, 0x2c,
  0x18, 0x1a, 0x18, 0x1a, 0x18, 0x1a, 0x18, 0x1a, 0x15, 0x32, 0x18, 0x1a,
  0x18, 0x1a, 0x18, 0x1a, 0x18, 0x1a, 0x15, 0x38, 0x18, 0x1a, 0x18, 0x1a,
  0x18, 0x1a, 0x18, 0x1a, 0x15, 0x26, 0x18, 0x1a, 0x18, 0x1a, 0x18, 0x1a,
  0x18, 0x1a, 0x15, 0x26, 0x18, 0x1a, 0x18, 0x1a, 0x18, 0x1a, 0x15, 0x3e,
  0x15, 0x20, 0x18, 0x1a, 0x18, 0x1a, 0x18, 0x1a, 0x18, 0x1a, 0x15, 0x44,
  0x18, 0x1a, 0x18, 0x1a, 0x18, 0x1a, 0x18, 0x1a, 0x15, 0x4a, 0x18, 0x1a,
  0x18, 0x1a, 0x18, 0x1a, 0x18, 0x1a, 0x15, 0x50, 0x18, 0x1a, 0x18, 0x1a,
  0x18, 0x1a, 0x18, 0x1a, 0x15, 0x26, 0x18, 0x1a, 0x18, 0x1a, 0x18, 0x1a,
  0x18, 0x1a, 0x15, 0x56, 0x18, 0x1a, 0x18, 0x1a, 0x18, 0x1a, 0x18, 0x1a,
  0x15, 0x5c, 0x18, 0x1a, 0x18, 0x1a, 0x18, 0x1a, 0x18, 0x1a, 0x15, 0x62,
  0x18, 0x1a, 0x18, 0x1a, 0x18, 0x1a, 0x18, 0x1a, 0x15, 0x62, 0x18, 0x1a,
  0x18, 0x1a, 0x18, 0x1a, 0x18, 0x1a, 0x15, 0x68, 0x18, 0x1a, 0x18, 0x1a,
  0x18, 0x1a, 0x15, 0x6e, 0x18, 0x1a, 0x18, 0x1a, 0x18, 0x1a, 0x18, 0x1a,
  0x15, 0x6e, 0x18, 0x1a, 0x18, 0x1a, 0x18, 0x1a, 0x18, 0x1a, 0x18, 0x1a,
  0x15, 0x74, 0x18, 0x1a, 0x18, 0x1a, 0x18, 0x1a, 0x18, 0x1a, 0x15, 0x7a,
  0x18, 0x1a, 0x18, 0x1a, 0x18, 0x1a, 0x18, 0x1a, 0x15, 0x80, 0x18, 0x1a,
  0x18, 0x1a, 0x18, 0x1a, 0x18, 0x1a, 0x15, 0x74, 0x18, 0x1a, 0x18, 0x1a,
  0x18, 0x1a, 0x18, 0x1a, 0x15, 0x86, 0x18, 0x1a, 0x18, 0x1a, 0x18, 0x1a,
  0x18, 0x1a, 0x15, 0x8c, 0x18, 0x1a, 0x18, 0x1a, 0x18, 0x1a, 0x15, 0x92,
  0x15, 0x98, 0x18, 0x1a, 0x18, 0x1a, 0x18, 0x1a, 0x15, 0x92, 0x15, 0x9e,
  0x18, 0x1a, 0x18, 0x1a, 0x18, 0x1a, 0x15, 0x92, 0x15, 0x98, 0x18, 0x1a,
  0x18, 0x1a, 0x18, 0x1a, 0x15, 0x92, 0x15, 0x98, 0x18, 0x1a, 0x18, 0x1a,
  0x18, 0x1a, 0x18, 0x1a, 0x15, 0xa4, 0x18, 0x1a, 0x18, 0x1a, 0x18, 0x1a,
  0x15, 0xaa, 0x15, 0x02, 0x18, 0x1a, 0x15, 0xb0, 0x18, 0x1a, 0x15, 0xaa,
  0x14, 0x3c, 0x18, 0x1a, 0x15, 0xb0, 0x18, 0x1a, 0x15, 0xaa, 0x15, 0xb6,
  0x18, 0x1a, 0x15, 0xb0, 0x18, 0x1a, 0x15, 0xaa, 0x15, 0xbc, 0x18, 0x1a,
  0x15, 0xb0, 0x18, 0x1a, 0x15, 0xaa, 0x15, 0xc2, 0x18, 0x1a, 0x15, 0xb0,
  0x18, 0x1a, 0x14, 0x48, 0x15, 0xbc, 0x18, 0x1a, 0x15, 0xb0, 0x18, 0x1a,
  0x15, 0xaa, 0x15, 0xc8, 0x18, 0x1a, 0x15, 0xb0, 0x18, 0x1a, 0x15, 0xaa,
  0x15, 0xce, 0x18, 0x1a, 0x15, 0xb0, 0x18, 0x1a, 0x15, 0xaa, 0x15, 0xd4,
  0x18, 0x1a, 0x15, 0xb0, 0x18, 0x1a, 0x15, 0xaa, 0x15, 0x02, 0x18, 0x1a,
  0x15, 0xb0, 0x18, 0x1a, 0x14, 0x48, 0x15, 0x02, 0x18, 0x1a, 0x15, 0xb0,
  0x18, 0x1a, 0x15, 0xaa, 0x15, 0xda, 0x18, 0x1a, 0x15, 0xb0, 0x18, 0x1a,
  0x15, 0xaa, 0x15, 0xe0, 0x18, 0x1a, 0x15, 0xb0, 0x18, 0x1a, 0x15, 0xaa,
  0x15, 0x02, 0x18, 0x1a, 0x15, 0xe6, 0x18, 0x1a, 0x15, 0xaa, 0x14, 0x3c,
  0x18, 0x1a, 0x15, 0xe6, 0x18, 0x1a, 0x14, 0x48, 0x15, 0x02, 0x18, 0x1a,
  0x15, 0xe6, 0x18, 0x1a, 0x15, 0xaa, 0x15, 0xda, 0x18, 0x1a, 0x15, 0xe6,
  0x18, 0x1a, 0x15, 0xaa, 0x15, 0xe0, 0x18, 0x1a, 0x15, 0xe6, 0x18, 0x1a,
  0x15, 0xaa, 0x15, 0xec, 0x18, 0x1a, 0x15, 0xe6, 0x18, 0x1a, 0x15, 0xaa,
  0x15, 0x02, 0x18, 0x1a, 0x15, 0xb0, 0x18, 0x1a, 0x15, 0xaa, 0x15, 0x02,
  0x18, 0x1a, 0x15, 0xb0, 0x18, 0x1a, 0x15, 0xf2, 0x15, 0xf8, 0x18, 0x1a,
  0x15, 0xfe, 0x18, 0x1a, 0x15, 0xf2, 0x14, 0x3c, 0x18, 0x1a, 0x15, 0xfe,
  0x18, 0x1a, 0x15, 0xaa, 0x16, 0x04, 0x18, 0x1a, 0x15, 0xb0, 0x18, 0x1a,
  0x16, 0x0a, 0x16, 0x10, 0x18, 0x1a, 0x18, 0x1a, 0x18, 0x1a, 0x16, 0x0a,
  0x16, 0x16, 0x18, 0x1a, 0x18, 0x1a, 0x18, 0x1a, 0x16, 0x0a, 0x16, 0x10,
  0x18, 0x1a, 0x18, 0x1a, 0x18, 0x1a, 0x16, 0x1c, 0x16, 0x22, 0x18, 0x1a,
  0x18, 0x1a, 0x18, 0x1a, 0x16, 0x1c, 0x16, 0x28, 0x18, 0x1a, 0x18, 0x1a,
  0x18, 0x1a, 0x16, 0x1c, 0x16, 0x22, 0x18, 0x1a, 0x18, 0x1a, 0x18, 0x1a,
  0x16, 0x1c, 0x18, 0x1a, 0x18, 0x1a, 0x18, 0x1a, 0x18, 0x1a, 0x16, 0x1c,
  0x16, 0x2e, 0x18, 0x1a, 0x18, 0x1a, 0x18, 0x1a, 0x16, 0x34, 0x16, 0x3a,
  0x18, 0x1a, 0x18, 0x1a, 0x18, 0x1a, 0x16, 0x34, 0x16, 0x3a, 0x18, 0x1a,
  0x18, 0x1a, 0x18, 0x1a, 0x16, 0x34, 0x16, 0x40, 0x18, 0x1a, 0x18, 0x1a,
  0x18, 0x1a, 0x16, 0x46, 0x16, 0x4c, 0x18, 0x1a, 0x16, 0x52, 0x18, 0x1a,
  0x16, 0x46, 0x14, 0x3c, 0x18, 0x1a, 0x16, 0x52, 0x18, 0x1a, 0x16, 0x46,
  0x15, 0xb6, 0x18, 0x1a, 0x16, 0x52, 0x18, 0x1a, 0x16, 0x46, 0x16, 0x4c,
  0x18, 0x1a, 0x16, 0x52, 0x18, 0x1a, 0x16, 0x46, 0x15, 0xbc, 0x18, 0x1a,
  0x16, 0x52, 0x18, 0x1a, 0x16, 0x46, 0x16, 0x4c, 0x18, 0x1a, 0x16, 0x52,
  0x18, 0x1a, 0x16, 0x58, 0x16, 0x4c, 0x18, 0x1a, 0x16, 0x52, 0x18, 0x1a,
  0x16, 0x46, 0x14, 0x84, 0x18, 0x1a, 0x16, 0x52, 0x18, 0x1a, 0x16, 0x46,
  0x15, 0xe0, 0x18, 0x1a, 0x16, 0x52, 0x18, 0x1a, 0x16, 0x46, 0x16, 0x4c,
  0x18, 0x1a, 0x16, 0x5e, 0x18, 0x1a, 0x16, 0x46, 0x14, 0x3c, 0x18, 0x1a,
  0x16, 0x5e, 0x18, 0x1a, 0x16, 0x58, 0x16, 0x4c, 0x18, 0x1a, 0x16, 0x5e,
  0x18, 0x1a, 0x16, 0x46, 0x14, 0x84, 0x18, 0x1a, 0x16, 0x5e, 0x18, 0x1a,
  0x16, 0x46, 0x15, 0xe0, 0x18, 0x1a, 0x16, 0x5e, 0x18, 0x1a, 0x16, 0x46,
  0x14, 0x90, 0x18, 0x1a, 0x16, 0x5e, 0x18, 0x1a, 0x16, 0x46, 0x16, 0x4c,
  0x18, 0x1a, 0x16, 0x52, 0x18, 0x1a, 0x16, 0x46, 0x16, 0x4c, 0x18, 0x1a,
  0x16, 0x52, 0x18, 0x1a, 0x18, 0x1a, 0x15, 0x02, 0x18, 0x1a, 0x18, 0x1a,
  0x18, 0x1a, 0x15, 0x6e, 0x18, 0x1a, 0x18, 0x1a, 0x18, 0x1a, 0x18, 0x1a,
  0x15, 0x92, 0x15, 0x98, 0x18, 0x1a, 0x18, 0x1a, 0x18, 0x1a, 0x16, 0x0a,
  0x16, 0x10, 0x18, 0x1a, 0x18, 0x1a, 0x18, 0x1a, 0x16, 0x34, 0x18, 0x1a,
  0x18, 0x1a, 0x18, 0x1a, 0x18, 0x1a, 0x16, 0x1c, 0x16, 0x22, 0x18, 0x1a,
  0x18, 0x1a, 0x18, 0x1a, 0x16, 0x34, 0x16, 0x3a, 0x18, 0x1a, 0x18, 0x1a,
  0x18, 0x1a, 0x16, 0x46, 0x18, 0x1a, 0x18, 0x1a, 0x16, 0x52, 0x18, 0x1a,
  0x16, 0x46, 0x16, 0x4c, 0x18, 0x1a, 0x16, 0x52, 0x18, 0x1a, 0x16, 0x46,
  0x14, 0x90, 0x18, 0x1a, 0x16, 0x52, 0x18, 0x1a, 0x18, 0x1a, 0x16, 0x64,
  0x18, 0x1a, 0x18, 0x1a, 0x18, 0x1a, 0x18, 0x1a, 0x16, 0x6a, 0x18, 0x1a,
  0x18, 0x1a, 0x18, 0x1a, 0x18, 0x1a, 0x16, 0x70, 0x18, 0x1a, 0x18, 0x1a,
  0x18, 0x1a, 0x18, 0x1a, 0x16, 0x64, 0x18, 0x1a, 0x18, 0x1a, 0x18, 0x1a,
  0x18, 0x1a, 0x16, 0x76, 0x18, 0x1a, 0x18, 0x1a, 0x18, 0x1a, 0x16, 0x7c,
  0x16, 0x82, 0x18, 0x1a, 0x18, 0x1a, 0x18, 0x1a, 0x16, 0x7c, 0x15, 0x0e,
  0x18, 0x1a, 0x18, 0x1a, 0x18, 0x1a, 0x16, 0x7c, 0x16, 0x88, 0x18, 0x1a,
  0x18, 0x1a, 0x18, 0x1a, 0x16, 0x7c, 0x16, 0x82, 0x18, 0x1a, 0x18, 0x1a,
  0x18, 0x1a, 0x16, 0x8e, 0x16, 0x82, 0x18, 0x1a, 0x18, 0x1a, 0x18, 0x1a,
  0x16, 0x7c, 0x16, 0x94, 0x18, 0x1a, 0x18, 0x1a, 0x18, 0x1a, 0x16, 0x7c,
  0x16, 0x9a, 0x18, 0x1a, 0x18, 0x1a, 0x18, 0x1a, 0x16, 0x7c, 0x16, 0xa0,
  0x18, 0x1a, 0x18, 0x1a, 0x18, 0x1a, 0x18, 0x1a, 0x16, 0xa6, 0x18, 0x1a,
  0x18, 0x1a, 0x18, 0x1a, 0x18, 0x1a, 0x16, 0xac, 0x18, 0x1a, 0x18, 0x1a,
  0x18, 0x1a, 0x16, 0xb2, 0x16, 0xa6, 0x18, 0x1a, 0x18, 0x1a, 0x18, 0x1a,
  0x18, 0x1a, 0x16, 0xa6, 0x18, 0x1a, 0x18, 0x1a, 0x18, 0x1a, 0x14, 0xae,
  0x14, 0xea, 0x18, 0x1a, 0x18, 0x1a, 0x18, 0x1a, 0x18, 0x1a, 0x18, 0x1a,
  0x18, 0x1a, 0x18, 0x1a, 0x15, 0x08, 0x18, 0x1a, 0x16, 0xb8, 0x18, 0x1a,
  0x18, 0x1a, 0x18, 0x1a, 0x18, 0x1a, 0x16, 0xbe, 0x18, 0x1a, 0x18, 0x1a,
  0x18, 0x1a, 0x18, 0x1a, 0x16, 0xc4, 0x18, 0x1a, 0x18, 0x1a, 0x18, 0x1a,
  0x18, 0x1a, 0x16, 0xca, 0x18, 0x1a, 0x18, 0x1a, 0x18, 0x1a, 0x18, 0x1a,
  0x16, 0xbe, 0x18, 0x1a, 0x18, 0x1a, 0x18, 0x1a, 0x18, 0x1a, 0x16, 0xd0,
  0x18, 0x1a, 0x18, 0x1a, 0x18, 0x1a, 0x18, 0x1a, 0x16, 0xbe, 0x18, 0x1a,
  0x18, 0x1a, 0x18, 0x1a, 0x18, 0x1a, 0x16, 0xd6, 0x18, 0x1a, 0x18, 0x1a,
  0x18, 0x1a, 0x18, 0x1a, 0x16, 0xbe, 0x18, 0x1a, 0x18, 0x1a, 0x18, 0x1a,
  0x18, 0x1a, 0x16, 0xbe, 0x18, 0x1a, 0x18, 0x1a, 0x18, 0x1a, 0x18, 0x1a,
  0x16, 0xbe, 0x18, 0x1a, 0x18, 0x1a, 0x18, 0x1a, 0x18, 0x1a, 0x16, 0xdc,
  0x18, 0x1a, 0x18, 0x1a, 0x18, 0x1a, 0x16, 0xe2, 0x16, 0xe8, 0x18, 0x1a,
  0x18, 0x1a, 0x18, 0x1a, 0x16, 0xe2, 0x16, 0xee, 0x18, 0x1a, 0x18, 0x1a,
  0x18, 0x1a, 0x16, 0xe2, 0x16, 0xe8, 0x18, 0x1a, 0x18, 0x1a, 0x18, 0x1a,
  0x16, 0xe2, 0x18, 0x1a, 0x18, 0x1a, 0x18, 0x1a, 0x18, 0x1a, 0x16, 0xe2,
  0x16, 0xe8, 0x18, 0x1a, 0x18, 0x1a, 0x18, 0x1a, 0x18, 0x1a, 0x16, 0xf4,
  0x18, 0x1a, 0x18, 0x1a, 0x18, 0x1a, 0x18, 0x1a, 0x16, 0xfa, 0x18, 0x1a,
  0x18, 0x1a, 0x18, 0x1a, 0x18, 0x1a, 0x16, 0xf4, 0x18, 0x1a, 0x18, 0x1a,
  0x18, 0x1a, 0x18, 0x1a, 0x16, 0xfa, 0x18, 0x1a, 0x18, 0x1a, 0x18, 0x1a,
  0x12, 0xe0, 0x17, 0x00, 0x18, 0x1a, 0x18, 0x1a, 0x18, 0x1a, 0x12, 0xe0,
  0x17, 0x06, 0x18, 0x1a, 0x18, 0x1a, 0x18, 0x1a, 0x12, 0xe0, 0x17, 0x00,
  0x18, 0x1a, 0x18, 0x1a, 0x18, 0x1a, 0x12, 0xe0, 0x18, 0x1a, 0x18, 0x1a,
  0x18, 0x1a, 0x18, 0x1a, 0x12, 0xe0, 0x17, 0x0c, 0x18, 0x1a, 0x18, 0x1a,
  0x18, 0x1a, 0x12, 0xe0, 0x17, 0x00, 0x18, 0x1a, 0x18, 0x1a, 0x18, 0x1a,
  0x12, 0xe0, 0x17, 0x00, 0x18, 0x1a, 0x18, 0x1a, 0x18, 0x1a, 0x12, 0xe0,
  0x17, 0x12, 0x18, 0x1a, 0x18, 0x1a, 0x18, 0x1a, 0x12, 0xe0, 0x17, 0x00,
  0x18, 0x1a, 0x18, 0x1a, 0x18, 0x1a, 0x12, 0xe0, 0x18, 0x1a, 0x18, 0x1a,
  0x18, 0x1a, 0x18, 0x1a, 0x17, 0x18, 0x16, 0xe8, 0x18, 0x1a, 0x18, 0x1a,
  0x18, 0x1a, 0x17, 0x18, 0x17, 0x1e, 0x18, 0x1a, 0x18, 0x1a, 0x18, 0x1a,
  0x17, 0x18, 0x16, 0xe8, 0x18, 0x1a, 0x18, 0x1a, 0x18, 0x1a, 0x17, 0x18,
  0x16, 0xe8, 0x18, 0x1a, 0x18, 0x1a, 0x18, 0x1a, 0x18, 0x1a, 0x18, 0x1a,
  0x17, 0x24, 0x18, 0x1a, 0x18, 0x1a, 0x18, 0x1a, 0x18, 0x1a, 0x17, 0x24,
  0x18, 0x1a, 0x18, 0x1a, 0x18, 0x1a, 0x17, 0x2a, 0x18, 0x1a, 0x18, 0x1a,
  0x18, 0x1a, 0x18, 0x1a, 0x17, 0x30, 0x18, 0x1a, 0x18, 0x1a, 0x18, 0x1a,
  0x18, 0x1a, 0x17, 0x36, 0x18, 0x1a, 0x18, 0x1a, 0x18, 0x1a, 0x18, 0x1a,
  0x17, 0x2a, 0x18, 0x1a, 0x18, 0x1a, 0x18, 0x1a, 0x18, 0x1a, 0x17, 0x2a,
  0x18, 0x1a, 0x18, 0x1a, 0x18, 0x1a, 0x18, 0x1a, 0x17, 0x3c, 0x18, 0x1a,
  0x18, 0x1a, 0x18, 0x1a, 0x18, 0x1a, 0x17, 0x2a, 0x18, 0x1a, 0x18, 0x1a,
  0x18, 0x1a, 0x18, 0x1a, 0x17, 0x2a, 0x18, 0x1a, 0x18, 0x1a, 0x18, 0x1a,
  0x18, 0x1a, 0x17, 0x2a, 0x18, 0x1a, 0x18, 0x1a, 0x18, 0x1a, 0x17, 0x42,
  0x18, 0x1a, 0x18, 0x1a, 0x18, 0x1a, 0x18, 0x1a, 0x17, 0x42, 0x18, 0x1a,
  0x18, 0x1a, 0x18, 0x1a, 0x18, 0x1a, 0x17, 0x48, 0x17, 0x4e, 0x18, 0x1a,
  0x18, 0x1a, 0x18, 0x1a, 0x17, 0x48, 0x17, 0x54, 0x18, 0x1a, 0x18, 0x1a,
  0x18, 0x1a, 0x18, 0x1a, 0x17, 0x5a, 0x18, 0x1a, 0x18, 0x1a, 0x18, 0x1a,
  0x17, 0x48, 0x17, 0x4e, 0x18, 0x1a, 0x18, 0x1a, 0x18, 0x1a, 0x13, 0x6a,
  0x17, 0x60, 0x18, 0x1a, 0x18, 0x1a, 0x18, 0x1a, 0x13, 0x6a, 0x17, 0x66,
  0x18, 0x1a, 0x18, 0x1a, 0x18, 0x1a, 0x13, 0x6a, 0x17, 0x6c, 0x18, 0x1a,
  0x18, 0x1a, 0x18, 0x1a, 0x13, 0x6a, 0x17, 0x66, 0x18, 0x1a, 0x18, 0x1a,
  0x18, 0x1a, 0x13, 0x6a, 0x17, 0x66, 0x18, 0x1a, 0x18, 0x1a, 0x18, 0x1a,
  0x13, 0x6a, 0x17, 0x66, 0x18, 0x1a, 0x18, 0x1a, 0x18, 0x1a, 0x13, 0x6a,
  0x17, 0x72, 0x18, 0x1a, 0x18, 0x1a, 0x18, 0x1a, 0x18, 0x1a, 0x17, 0x78,
  0x18, 0x1a, 0x18, 0x1a, 0x18, 0x1a, 0x18, 0x1a, 0x17, 0x7e, 0x18, 0x1a,
  0x18, 0x1a, 0x18, 0x1a, 0x18, 0x1a, 0x17, 0x84, 0x18, 0x1a, 0x18, 0x1a,
  0x18, 0x1a, 0x18, 0x1a, 0x17, 0x78, 0x18, 0x1a, 0x18, 0x1a, 0x18, 0x1a,
  0x18, 0x1a, 0x17, 0x8a, 0x18, 0x1a, 0x18, 0x1a, 0x18, 0x1a, 0x18, 0x1a,
  0x17, 0x78, 0x18, 0x1a, 0x18, 0x1a, 0x18, 0x1a, 0x18, 0x1a, 0x17, 0x78,
  0x18, 0x1a, 0x18, 0x1a, 0x18, 0x1a, 0x18, 0x1a, 0x17, 0x78, 0x18, 0x1a,
  0x18, 0x1a, 0x18, 0x1a, 0x18, 0x1a, 0x17, 0x90, 0x18, 0x1a, 0x18, 0x1a,
  0x18, 0x1a, 0x18, 0x1a, 0x17, 0x96, 0x18, 0x1a, 0x18, 0x1a, 0x18, 0x1a,
  0x14, 0x30, 0x17, 0x9c, 0x18, 0x1a, 0x18, 0x1a, 0x18, 0x1a, 0x14, 0x30,
  0x17, 0xa2, 0x18, 0x1a, 0x18, 0x1a, 0x18, 0x1a, 0x14, 0x30, 0x17, 0x9c,
  0x18, 0x1a, 0x18, 0x1a, 0x18, 0x1a, 0x14, 0x30, 0x17, 0x9c, 0x18, 0x1a,
  0x18, 0x1a, 0x18, 0x1a, 0x17, 0xa8, 0x17, 0xae, 0x18, 0x1a, 0x18, 0x1a,
  0x18, 0x1a, 0x17, 0xa8, 0x17, 0xb4, 0x18, 0x1a, 0x18, 0x1a, 0x18, 0x1a,
  0x17, 0xa8, 0x17, 0xae, 0x18, 0x1a, 0x18, 0x1a, 0x18, 0x1a, 0x17, 0xa8,
  0x18, 0x1a, 0x18, 0x1a, 0x18, 0x1a, 0x18, 0x1a, 0x17, 0xa8, 0x17, 0xae,
  0x18, 0x1a, 0x18, 0x1a, 0x18, 0x1a, 0x17, 0xba, 0x17, 0xc0, 0x18, 0x1a,
  0x18, 0x1a, 0x18, 0x1a, 0x17, 0xba, 0x17, 0xc0, 0x18, 0x1a, 0x18, 0x1a,
  0x18, 0x1a, 0x17, 0xba, 0x17, 0xc0, 0x18, 0x1a, 0x18, 0x1a, 0x18, 0x1a,
  0x17, 0xba, 0x18, 0x1a, 0x18, 0x1a, 0x18, 0x1a, 0x18, 0x1a, 0x17, 0xba,
  0x17, 0xc0, 0x18, 0x1a, 0x18, 0x1a, 0x18, 0x1a, 0x14, 0x30, 0x17, 0xc6,
  0x18, 0x1a, 0x18, 0x1a, 0x18, 0x1a, 0x14, 0x30, 0x17, 0xcc, 0x18, 0x1a,
  0x18, 0x1a, 0x18, 0x1a, 0x14, 0x30, 0x17, 0xd2, 0x18, 0x1a, 0x18, 0x1a,
  0x18, 0x1a, 0x14, 0x30, 0x17, 0xc6, 0x18, 0x1a, 0x18, 0x1a, 0x18, 0x1a,
  0x14, 0x30, 0x17, 0xd8, 0x18, 0x1a, 0x18, 0x1a, 0x18, 0x1a, 0x14, 0x30,
  0x17, 0xc6, 0x18, 0x1a, 0x18, 0x1a, 0x18, 0x1a, 0x14, 0x30, 0x17, 0xc6,
  0x18, 0x1a, 0x18, 0x1a, 0x18, 0x1a, 0x14, 0x30, 0x18, 0x1a, 0x18, 0x1a,
  0x18, 0x1a, 0x18, 0x1a, 0x14, 0x30, 0x17, 0xc6, 0x18, 0x1a, 0x18, 0x1a,
  0x18, 0x1a, 0x18, 0x1a, 0x17, 0xde, 0x18, 0x1a, 0x18, 0x1a, 0x18, 0x1a,
  0x18, 0x1a, 0x17, 0xe4, 0x18, 0x1a, 0x18, 0x1a, 0x18, 0x1a, 0x18, 0x1a,
  0x17, 0xea, 0x18, 0x1a, 0x18, 0x1a, 0x18, 0x1a, 0x18, 0x1a, 0x17, 0xde,
  0x18, 0x1a, 0x18, 0x1a, 0x18, 0x1a, 0x18, 0x1a, 0x17, 0xf0, 0x18, 0x1a,
  0x18, 0x1a, 0x18, 0x1a, 0x18, 0x1a, 0x17, 0xf6, 0x18, 0x1a, 0x18, 0x1a,
  0x18, 0x1a, 0x18, 0x1a, 0x17, 0xfc, 0x18, 0x1a, 0x18, 0x1a, 0x18, 0x1a,
  0x18, 0x1a, 0x18, 0x02, 0x18, 0x1a, 0x18, 0x1a, 0x18, 0x1a, 0x18, 0x1a,
  0x17, 0xf6, 0x18, 0x1a, 0x18, 0x1a, 0x18, 0x1a, 0x18, 0x1a, 0x18, 0x08,
  0x18, 0x1a, 0x18, 0x1a, 0x18, 0x1a, 0x18, 0x1a, 0x18, 0x0e, 0x18, 0x1a,
  0x18, 0x1a, 0x18, 0x1a, 0x18, 0x1a, 0x18, 0x14, 0x18, 0x1a, 0x18, 0x1a,
  0x18, 0x1a, 0x18, 0x1a, 0x18, 0x0e, 0x18, 0x1a, 0x18, 0x1a, 0x18, 0x1a,
  0x18, 0x1a, 0x18, 0x0e, 0x18, 0x1a, 0x18, 0x1a, 0x18, 0x1a, 0x00, 0x01,
  0xff, 0xb2, 0x00, 0x00, 0x00, 0x01, 0xff, 0x89, 0x00, 0x00, 0x00, 0x01,
  0xff, 0xb0, 0xff, 0xf4, 0x00, 0x01, 0xff, 0xc4, 0xff, 0xf8, 0x00, 0x01,
  0xff, 0x9d, 0xff, 0xfb, 0x00, 0x01, 0xff, 0x64, 0x01, 0xff, 0x00, 0x01,
  0xff, 0xb2, 0x01, 0xff, 0x00, 0x01, 0xff, 0xcf, 0x01, 0xff, 0x00, 0x01,
  0xff, 0x8d, 0x01, 0xff, 0x00, 0x01, 0xff, 0x30, 0x01, 0xff, 0x00, 0x01,
  0xff, 0x65, 0x01, 0xff, 0x00, 0x01, 0xff, 0x63, 0x02, 0x01, 0x00, 0x01,
  0xff, 0x7c, 0x01, 0xff, 0x00, 0x01, 0xff, 0x98, 0x01, 0xff, 0x00, 0x01,
  0xff, 0x61, 0x01, 0xff, 0x00, 0x01, 0xfe, 0xc7, 0x01, 0xff, 0x00, 0x01,
  0xff, 0x72, 0x01, 0xff, 0x00, 0x01, 0xfe, 0x2c, 0x01, 0xff, 0x00, 0x01,
  0xfe, 0x58, 0x01, 0xff, 0x00, 0x01, 0xfe, 0x45, 0x01, 0xff, 0x00, 0x01,
  0xff, 0x18, 0x02, 0x00, 0x00, 0x01, 0xff, 0xbc, 0x01, 0xff, 0x00, 0x01,
  0xff, 0x70, 0x02, 0x30, 0x00, 0x01, 0x00, 0xe5, 0x00, 0x00, 0x00, 0x01,
  0x00, 0xe4, 0x02, 0xbc, 0x00, 0x01, 0x00, 0xfc, 0x03, 0x79, 0x00, 0x01,
  0x00, 0xfc, 0x04, 0x18, 0x00, 0x01, 0x00, 0xe5, 0xff, 0x21, 0x00, 0x01,
  0x00, 0xe4, 0x03, 0x5c, 0x00, 0x01, 0x00, 0xb9, 0x04, 0x18, 0x00, 0x01,
  0x00, 0xe5, 0x04, 0x2a, 0x00, 0x01, 0x00, 0xed, 0x04, 0x07, 0x00, 0x01,
  0x00, 0xe3, 0x03, 0x79, 0x00, 0x01, 0x01, 0xb2, 0x03, 0xc9, 0x00, 0x01,
  0x01, 0x56, 0x03, 0xf1, 0x00, 0x01, 0x01, 0x70, 0x04, 0x10, 0x00, 0x01,
  0x00, 0xe5, 0x04, 0x0c, 0x00, 0x01, 0x00, 0xb9, 0x03, 0x79, 0x00, 0x01,
  0x00, 0xe4, 0x03, 0xa0, 0x00, 0x01, 0x00, 0xf3, 0x03, 0x7f, 0x00, 0x01,
  0x00, 0xe6, 0xff, 0xf8, 0x00, 0x01, 0x00, 0xe6, 0x02, 0xbc, 0x00, 0x01,
  0x00, 0xfe, 0x03, 0x79, 0x00, 0x01, 0x00, 0xe5, 0x03, 0x79, 0x00, 0x01,
  0x00, 0xe7, 0x02, 0xbc, 0x00, 0x01, 0x01, 0x0a, 0x02, 0xbc, 0x00, 0x01,
  0x00, 0xdf, 0x00, 0x00, 0x00, 0x01, 0x00, 0xe5, 0x02, 0xbc, 0x00, 0x01,
  0x00, 0xfd, 0x03, 0x79, 0x00, 0x01, 0x00, 0xe4, 0x03, 0x79, 0x00, 0x01,
  0x01, 0xb3, 0x03, 0xc9, 0x00, 0x01, 0x00, 0xdf, 0xff, 0x21, 0x00, 0x01,
  0x01, 0x57, 0x03, 0xf1, 0x00, 0x01, 0x01, 0x71, 0x04, 0x10, 0x00, 0x01,
  0x00, 0xe6, 0x04, 0x0c, 0x00, 0x01, 0x00, 0xba, 0x03, 0x79, 0x00, 0x01,
  0x00, 0xe5, 0x03, 0xa0, 0x00, 0x01, 0x00, 0xf4, 0x03, 0x7f, 0x00, 0x01,
  0x00, 0xe2, 0xff, 0xf8, 0x00, 0x01, 0x00, 0xef, 0x01, 0xfb, 0x00, 0x01,
  0x00, 0xed, 0x02, 0xbd, 0x00, 0x01, 0x00, 0xec, 0x03, 0x7a, 0x00, 0x01,
  0x00, 0x70, 0x00, 0x00, 0x00, 0x01, 0x00, 0x70, 0x02, 0xbc, 0x00, 0x01,
  0x00, 0x88, 0x03, 0x79, 0x00, 0x01, 0x00, 0x6f, 0x03, 0x79, 0x00, 0x01,
  0x00, 0x70, 0xff, 0x21, 0x00, 0x01, 0x00, 0x45, 0x03, 0x79, 0x00, 0x01,
  0x00, 0x70, 0x03, 0xa0, 0x00, 0x01, 0x00, 0x68, 0x00, 0x00, 0x00, 0x01,
  0x00, 0x68, 0x02, 0xbc, 0x00, 0x01, 0x00, 0x7f, 0x03, 0x7f, 0x00, 0x01,
  0x01, 0x48, 0x02, 0xbd, 0x00, 0x01, 0x01, 0x47, 0x03, 0x7a, 0x00, 0x01,
  0x01, 0x03, 0x00, 0x00, 0x00, 0x01, 0x00, 0xca, 0x00, 0x00, 0x00, 0x01,
  0x00, 0x72, 0x02, 0xbc, 0x00, 0x01, 0x00, 0x89, 0x03, 0x79, 0x00, 0x01,
  0x01, 0x21, 0x02, 0xbc, 0x00, 0x01, 0x00, 0xfe, 0x00, 0x00, 0x00, 0x01,
  0x00, 0xa6, 0x02, 0xbc, 0x00, 0x01, 0x01, 0x02, 0x00, 0x00, 0x00, 0x01,
  0x00, 0xfc, 0x02, 0xc0, 0x00, 0x01, 0x01, 0x14, 0x03, 0x7d, 0x00, 0x01,
  0x01, 0x0c, 0x03, 0x84, 0x00, 0x01, 0x00, 0xe9, 0x00, 0x00, 0x00, 0x01,
  0x00, 0xe9, 0x02, 0xbc, 0x00, 0x01, 0x01, 0x62, 0x02, 0xbc, 0x00, 0x01,
  0x01, 0x00, 0x03, 0x78, 0x00, 0x01, 0x00, 0xe8, 0x03, 0x78, 0x00, 0x01,
  0x01, 0xb7, 0x03, 0xc8, 0x00, 0x01, 0x00, 0xe9, 0xff, 0x21, 0x00, 0x01,
  0x01, 0x5b, 0x03, 0xf0, 0x00, 0x01, 0x01, 0x75, 0x04, 0x0f, 0x00, 0x01,
  0x00, 0xea, 0x04, 0x0b, 0x00, 0x01, 0x00, 0xbe, 0x03, 0x78, 0x00, 0x01,
  0x00, 0xe9, 0x03, 0x9f, 0x00, 0x01, 0x00, 0xf8, 0x03, 0x7f, 0x00, 0x01,
  0x00, 0xec, 0x00, 0x00, 0x00, 0x01, 0x00, 0xeb, 0x02, 0xbc, 0x00, 0x01,
  0x01, 0x64, 0x02, 0xbc, 0x00, 0x01, 0x01, 0x6d, 0x02, 0xbc, 0x00, 0x01,
  0x00, 0xee, 0x00, 0x00, 0x00, 0x01, 0x00, 0xe3, 0x02, 0xbc, 0x00, 0x01,
  0x00, 0xfb, 0x03, 0x79, 0x00, 0x01, 0x00, 0xdb, 0xff, 0xf8, 0x00, 0x01,
  0x00, 0xd6, 0x02, 0xbc, 0x00, 0x01, 0x00, 0xed, 0x03, 0x79, 0x00, 0x01,
  0x00, 0xd5, 0x03, 0x79, 0x00, 0x01, 0x01, 0x07, 0x02, 0xc6, 0x00, 0x01,
  0x00, 0xde, 0xff, 0xfe, 0x00, 0x01, 0x00, 0xe2, 0x02, 0xbc, 0x00, 0x01,
  0x00, 0xf0, 0x00, 0x00, 0x00, 0x01, 0x00, 0xef, 0x02, 0xbc, 0x00, 0x01,
  0x01, 0xbc, 0x02, 0xbc, 0x00, 0x01, 0x01, 0x06, 0x03, 0x79, 0x00, 0x01,
  0x00, 0xef, 0x03, 0x5c, 0x00, 0x01, 0x00, 0xee, 0x03, 0x79, 0x00, 0x01,
  0x00, 0xf0, 0xff, 0x21, 0x00, 0x01, 0x00, 0xc4, 0x03, 0x79, 0x00, 0x01,
  0x00, 0xef, 0x03, 0xa0, 0x00, 0x01, 0x00, 0xfe, 0x03, 0x7f, 0x00, 0x01,
  0x01, 0x48, 0x02, 0xbc, 0x00, 0x01, 0x01, 0x5f, 0x03, 0x79, 0x00, 0x01,
  0x01, 0x47, 0x03, 0x79, 0x00, 0x01, 0x01, 0x1d, 0x03, 0x79, 0x00, 0x01,
  0x00, 0xe4, 0x00, 0x00, 0x00, 0x01, 0x00, 0xe4, 0xff, 0x21, 0x00, 0x01,
  0x00, 0xca, 0x02, 0xbc, 0x00, 0x01, 0x00, 0xe1, 0x03, 0x79, 0x00, 0x01,
  0x00, 0xcd, 0x02, 0xfc, 0x00, 0x01, 0x00, 0xda, 0x00, 0x00, 0x00, 0x01,
  0x00, 0xdc, 0x02, 0x06, 0x00, 0x01, 0x00, 0xf0, 0x02, 0xbc, 0x00, 0x01,
  0x00, 0xf0, 0x03, 0x5c, 0x00, 0x01, 0x00, 0xd9, 0xff, 0x21, 0x00, 0x01,
  0x00, 0xd9, 0x02, 0x9f, 0x00, 0x01, 0x00, 0xae, 0x03, 0x5c, 0x00, 0x01,
  0x00, 0xd9, 0x03, 0x6d, 0x00, 0x01, 0x00, 0xe2, 0x03, 0x4b, 0x00, 0x01,
  0x00, 0xd8, 0x02, 0xbc, 0x00, 0x01, 0x01, 0xa7, 0x03, 0x0c, 0x00, 0x01,
  0x01, 0x4b, 0x03, 0x34, 0x00, 0x01, 0x01, 0x65, 0x03, 0x53, 0x00, 0x01,
  0x00, 0xda, 0x03, 0x4f, 0x00, 0x01, 0x00, 0xae, 0x02, 0xbc, 0x00, 0x01,
  0x00, 0xd9, 0x02, 0xe3, 0x00, 0x01, 0x00, 0xe8, 0x02, 0xc3, 0x00, 0x01,
  0x00, 0xd7, 0xff, 0xf8, 0x00, 0x01, 0x00, 0xd7, 0x01, 0xff, 0x00, 0x01,
  0x00, 0xee, 0x02, 0xbc, 0x00, 0x01, 0x02, 0x07, 0x02, 0xbc, 0x00, 0x01,
  0x00, 0xd7, 0xff, 0xf9, 0x00, 0x01, 0x00, 0xed, 0x02, 0xbc, 0x00, 0x01,
  0x00, 0xd4, 0x02, 0xbc, 0x00, 0x01, 0x01, 0xa3, 0x03, 0x0c, 0x00, 0x01,
  0x00, 0xd5, 0xff, 0x21, 0x00, 0x01, 0x01, 0x47, 0x03, 0x34, 0x00, 0x01,
  0x01, 0x61, 0x03, 0x53, 0x00, 0x01, 0x00, 0xd6, 0x03, 0x4f, 0x00, 0x01,
  0x00, 0xaa, 0x02, 0xbc, 0x00, 0x01, 0x00, 0xd5, 0x02, 0xe3, 0x00, 0x01,
  0x00, 0xe4, 0x02, 0xc3, 0x00, 0x01, 0x00, 0xd3, 0x00, 0x00, 0x00, 0x01,
  0x00, 0xd3, 0x02, 0x06, 0x00, 0x01, 0x00, 0xce, 0x01, 0xff, 0x00, 0x01,
  0x00, 0xd8, 0x01, 0xff, 0x00, 0x01, 0x00, 0x8a, 0x02, 0x22, 0x00, 0x01,
  0x00, 0xe1, 0x02, 0xbc, 0x00, 0x01, 0x00, 0xe5, 0x03, 0x6b, 0x00, 0x01,
  0x00, 0x6b, 0x00, 0x00, 0x00, 0x01, 0x00, 0x6c, 0x01, 0xff, 0x00, 0x01,
  0x00, 0x5b, 0x01, 0xff, 0x00, 0x01, 0x00, 0x73, 0x02, 0xbc, 0x00, 0x01,
  0x00, 0x5b, 0x02, 0x9f, 0x00, 0x01, 0x00, 0x5a, 0x02, 0xbc, 0x00, 0x01,
  0x00, 0x6b, 0xff, 0x21, 0x00, 0x01, 0x00, 0x30, 0x02, 0xbc, 0x00, 0x01,
  0x00, 0x5b, 0x02, 0xe3, 0x00, 0x01, 0x01, 0x3c, 0x01, 0xff, 0x00, 0x01,
  0x00, 0x75, 0x01, 0xff, 0x00, 0x01, 0x00, 0x6a, 0x02, 0xc3, 0x00, 0x01,
  0x00, 0x68, 0x01, 0xff, 0x00, 0x01, 0x00, 0x67, 0x02, 0xbc, 0x00, 0x01,
  0x00, 0xe1, 0x00, 0x00, 0x00, 0x01, 0x00, 0x65, 0x02, 0xbc, 0x00, 0x01,
  0x00, 0x7c, 0x03, 0x79, 0x00, 0x01, 0x01, 0x0c, 0x02, 0xbd, 0x00, 0x01,
  0x00, 0x71, 0x02, 0xbc, 0x00, 0x01, 0x00, 0xab, 0x02, 0xbc, 0x00, 0x01,
  0x00, 0xe0, 0x00, 0x00, 0x00, 0x01, 0x00, 0xdf, 0x01, 0xff, 0x00, 0x01,
  0x00, 0xf6, 0x02, 0xbc, 0x00, 0x01, 0x00, 0xec, 0x02, 0xc3, 0x00, 0x01,
  0x00, 0xd8, 0x00, 0x00, 0x00, 0x01, 0x01, 0x43, 0x01, 0xff, 0x00, 0x01,
  0x00, 0xd8, 0x02, 0x9f, 0x00, 0x01, 0x00, 0xd7, 0x02, 0xbc, 0x00, 0x01,
  0x01, 0xa6, 0x03, 0x0c, 0x00, 0x01, 0x01, 0x4a, 0x03, 0x34, 0x00, 0x01,
  0x01, 0x64, 0x03, 0x53, 0x00, 0x01, 0x00, 0xd9, 0x03, 0x4f, 0x00, 0x01,
  0x00, 0xad, 0x02, 0xbc, 0x00, 0x01, 0x00, 0xd8, 0x02, 0xe3, 0x00, 0x01,
  0x01, 0x52, 0x01, 0xff, 0x00, 0x01, 0x00, 0xd2, 0x02, 0xca, 0x00, 0x01,
  0x00, 0xdc, 0x00, 0x00, 0x00, 0x01, 0x00, 0xdb, 0x01, 0xff, 0x00, 0x01,
  0x01, 0x47, 0x01, 0xff, 0x00, 0x01, 0x00, 0xe7, 0x02, 0xc3, 0x00, 0x01,
  0x00, 0x6e, 0x00, 0x00, 0x00, 0x01, 0x00, 0xb2, 0x01, 0xff, 0x00, 0x01,
  0x00, 0xc9, 0x02, 0xbc, 0x00, 0x01, 0x00, 0xcb, 0xff, 0xfa, 0x00, 0x01,
  0x00, 0xc8, 0x01, 0xff, 0x00, 0x01, 0x00, 0xe0, 0x02, 0xbc, 0x00, 0x01,
  0x00, 0xc7, 0x02, 0xbc, 0x00, 0x01, 0x00, 0xa9, 0x00, 0x07, 0x00, 0x01,
  0x00, 0x80, 0x02, 0x7e, 0x00, 0x01, 0x01, 0x1a, 0x02, 0xbd, 0x00, 0x01,
  0x00, 0xaf, 0x00, 0x00, 0x00, 0x01, 0x00, 0xd9, 0x01, 0xff, 0x00, 0x01,
  0x01, 0xa2, 0x01, 0xff, 0x00, 0x01, 0x00, 0xd7, 0xff, 0x21, 0x00, 0x01,
  0x01, 0x96, 0x01, 0xff, 0x00, 0x01, 0x01, 0x27, 0x02, 0x00, 0x00, 0x01,
  0x01, 0x3f, 0x02, 0xbc, 0x00, 0x01, 0x01, 0x26, 0x02, 0xbc, 0x00, 0x01,
  0x00, 0xfc, 0x02, 0xbc, 0x00, 0x01, 0x01, 0x66, 0x00, 0x00, 0x00, 0x01,
  0x00, 0xc9, 0x02, 0x00, 0x00, 0x01, 0x00, 0xc8, 0x02, 0xbc, 0x00, 0x01,
  0x01, 0x55, 0xff, 0x21, 0x00, 0x01, 0x00, 0x9e, 0x02, 0xbc, 0x00, 0x01,
  0x00, 0xc9, 0x02, 0xe3, 0x00, 0x01, 0x00, 0xd8, 0x02, 0xc3, 0x00, 0x01,
  0x00, 0xba, 0x01, 0xff, 0x00, 0x01, 0x00, 0xd1, 0x02, 0xbc, 0x00, 0x01,
  0x00, 0xbd, 0x02, 0x3f, 0x00, 0x01, 0x00, 0xda, 0x02, 0x08, 0x00, 0x01,
  0x00, 0xe0, 0x02, 0x41, 0x00, 0x01, 0x00, 0xf7, 0x02, 0xfe, 0x00, 0x01,
  0x00, 0xe0, 0x02, 0xe1, 0x00, 0x01, 0x00, 0xdf, 0x02, 0xfe, 0x00, 0x01,
  0x00, 0xb5, 0x02, 0xfe, 0x00, 0x01, 0x00, 0xef, 0x03, 0x05, 0x00, 0x01,
  0x00, 0xd4, 0xff, 0xf9, 0x00, 0x01, 0x00, 0xd4, 0x02, 0x48, 0x00, 0x01,
  0x00, 0xeb, 0x03, 0x05, 0x00, 0x01, 0x00, 0xd1, 0x02, 0x45, 0x00, 0x01,
  0x00, 0xee, 0x02, 0x45, 0x00, 0x01, 0x00, 0xcf, 0x02, 0x4b, 0x00, 0x01,
  0x00, 0xe6, 0x03, 0x08, 0x00, 0x01, 0x00, 0xcd, 0x03, 0x08, 0x00, 0x01,
  0x00, 0xa4, 0x03, 0x08, 0x00, 0x01, 0x00, 0xd2, 0xff, 0xf9, 0x00, 0x01,
  0x00, 0xd4, 0x02, 0xe8, 0x00, 0x01, 0x00, 0xd9, 0x01, 0xa3, 0x00, 0x01,
  0x00, 0x67, 0x02, 0x47, 0x00, 0x01, 0x00, 0x7e, 0x03, 0x04, 0x00, 0x01,
  0x00, 0x66, 0x03, 0x04, 0x00, 0x01, 0x00, 0x3c, 0x03, 0x04, 0x00, 0x01,
  0x00, 0xed, 0x00, 0x00, 0x00, 0x01, 0x00, 0xb8, 0x00, 0x00, 0x00, 0x01,
  0x00, 0x68, 0x02, 0x41, 0x00, 0x01, 0x00, 0x80, 0x02, 0xfe, 0x00, 0x01,
  0x01, 0x0c, 0x02, 0x41, 0x00, 0x01, 0x00, 0x9c, 0x02, 0x41, 0x00, 0x01,
  0x00, 0xe6, 0x02, 0x4c, 0x00, 0x01, 0x00, 0xfe, 0x03, 0x08, 0x00, 0x01,
  0x00, 0xf6, 0x03, 0x0f, 0x00, 0x01, 0x00, 0xd6, 0x02, 0x45, 0x00, 0x01,
  0x00, 0xee, 0x03, 0x02, 0x00, 0x01, 0x00, 0xd5, 0x03, 0x02, 0x00, 0x01,
  0x00, 0xab, 0x03, 0x02, 0x00, 0x01, 0x00, 0xe5, 0x03, 0x09, 0x00, 0x01,
  0x01, 0x4c, 0x02, 0x41, 0x00, 0x01, 0x00, 0xcf, 0x02, 0x41, 0x00, 0x01,
  0x00, 0xe7, 0x02, 0xfe, 0x00, 0x01, 0x00, 0xcd, 0xff, 0xf9, 0x00, 0x01,
  0x00, 0xc9, 0x02, 0x48, 0x00, 0x01, 0x00, 0xe0, 0x03, 0x05, 0x00, 0x01,
  0x00, 0xc7, 0xff, 0xff, 0x00, 0x01, 0x00, 0xcc, 0x02, 0x41, 0x00, 0x01,
  0x00, 0xd9, 0x02, 0x4b, 0x00, 0x01, 0x00, 0xf0, 0x03, 0x08, 0x00, 0x01,
  0x00, 0xd8, 0x03, 0x08, 0x00, 0x01, 0x00, 0xae, 0x03, 0x08, 0x00, 0x01,
  0x01, 0x31, 0x02, 0x41, 0x00, 0x01, 0x01, 0x49, 0x02, 0xfe, 0x00, 0x01,
  0x01, 0x30, 0x02, 0xfe, 0x00, 0x01, 0x01, 0x07, 0x02, 0xfe, 0x00, 0x01,
  0x00, 0xd4, 0x02, 0x41, 0x00, 0x01, 0x00, 0xeb, 0x02, 0xfd, 0x00, 0x01,
  0x00, 0xd3, 0x02, 0xfd, 0x00, 0x01, 0x00, 0xa9, 0x02, 0xfd, 0x00, 0x01,
  0x00, 0xb9, 0x02, 0x4c, 0x00, 0x01, 0x00, 0xd0, 0x03, 0x09, 0x00, 0x01,
  0x00, 0x00, 0x00, 0x00, 0x00, 0x01, 0x05, 0xa6, 0x05, 0xb4, 0x00, 0x01,
  0x00, 0x0c, 0x00, 0x22, 0x00, 0x05, 0x00, 0x00, 0x00, 0x1e, 0x00, 0x00,
  0x00, 0x24, 0x00, 0x00, 0x00, 0x2a, 0x00, 0x00, 0x00, 0x30, 0x00, 0x00,
  0x00, 0x36, 0x00, 0x03, 0x00, 0x26, 0x00, 0x2c, 0x00, 0x32, 0x00, 0x01,
  0xff, 0xb2, 0x00, 0x00, 0x00, 0x01, 0xff, 0x89, 0x00, 0x00, 0x00, 0x01,
  0xff, 0xb0, 0xff, 0xf4, 0x00, 0x01, 0xff, 0xc4, 0xff, 0xf8, 0x00, 0x01,
  0xff, 0x9d, 0xff, 0xfb, 0x00, 0x01, 0xff, 0x99, 0x02, 0x3f, 0x00, 0x01,
  0xff, 0xb2, 0xff, 0x21, 0x00, 0x01, 0x00, 0x9c, 0x02, 0x3f, 0x00, 0x01,
  0x05, 0x64, 0x05, 0x74, 0x00, 0x01, 0x00, 0x0c, 0x00, 0x66, 0x00, 0x16,
  0x00, 0x00, 0x00, 0x74, 0x00, 0x00, 0x00, 0x7a, 0x00, 0x00, 0x00, 0x80,
  0x00, 0x00, 0x00, 0x86, 0x00, 0x00, 0x00, 0x8c, 0x00, 0x00, 0x00, 0x92,
  0x00, 0x00, 0x00, 0x98, 0x00, 0x00, 0x00, 0x9e, 0x00, 0x00, 0x00, 0xa4,
  0x00, 0x00, 0x00, 0xaa, 0x00, 0x00, 0x00, 0xa4, 0x00, 0x00, 0x00, 0xb0,
  0x00, 0x00, 0x00, 0xb6, 0x00, 0x00, 0x00, 0x86, 0x00, 0x00, 0x00, 0xbc,
  0x00, 0x00, 0x00, 0xbc, 0x00, 0x00, 0x00, 0xbc, 0x00, 0x00, 0x00, 0xbc,
  0x00, 0x00, 0x00, 0xc2, 0x00, 0x00, 0x00, 0xc8, 0x00, 0x00, 0x00, 0xc8,
  0x00, 0x00, 0x00, 0xc8, 0x00, 0x0c, 0x00, 0x74, 0x00, 0x74, 0x00, 0x7a,
  0x00, 0x80, 0x00, 0x86, 0x00, 0x8c, 0x00, 0x74, 0x00, 0x92, 0x00, 0x98,
  0x00, 0x92, 0x00, 0x9e, 0x00, 0xa4, 0x00, 0x01, 0xff, 0x64, 0x01, 0xff,
  0x00, 0x01, 0xff, 0xb2, 0x01, 0xff, 0x00, 0x01, 0xff, 0xcf, 0x01, 0xff,
  0x00, 0x01, 0xff, 0x8d, 0x01, 0xff, 0x00, 0x01, 0xff, 0x30, 0x01, 0xff,
  0x00, 0x01, 0xff, 0x65, 0x01, 0xff, 0x00, 0x01, 0xff, 0x63, 0x02, 0x01,
  0x00, 0x01, 0xff, 0x7c, 0x01, 0xff, 0x00, 0x01, 0xff, 0x98, 0x01, 0xff,
  0x00, 0x01, 0xff, 0x61, 0x01, 0xff, 0x00, 0x01, 0xfe, 0xc7, 0x01, 0xff,
  0x00, 0x01, 0xff, 0x72, 0x01, 0xff, 0x00, 0x01, 0xfe, 0x2c, 0x01, 0xff,
  0x00, 0x01, 0xfe, 0x58, 0x01, 0xff, 0x00, 0x01, 0xfe, 0x45, 0x01, 0xff,
  0x00, 0x01, 0xff, 0xa4, 0x02, 0xbc, 0x00, 0x01, 0xff, 0x64, 0x02, 0xbc,
  0x00, 0x01, 0xff, 0x7c, 0x02, 0x9f, 0x00, 0x01, 0xff, 0x70, 0x02, 0xc3,
  0x00, 0x01, 0xfe, 0xc7, 0x02, 0xe3, 0x00, 0x01, 0x00, 0x67, 0x02, 0xbc,
  0x00, 0x01, 0x00, 0x9b, 0x02, 0xbc, 0x00, 0x01, 0x00, 0xf9, 0x02, 0xc4,
  0x00, 0x01, 0x00, 0xa0, 0x02, 0xc3, 0x00, 0x01, 0x04, 0x80, 0x04, 0x80,
  0x00, 0x01, 0x00, 0x0c, 0x00, 0x12, 0x00, 0x01, 0x00, 0x00, 0x00, 0x0a,
  0x00, 0x01, 0x00, 0x0a, 0x00, 0x01, 0xff, 0xbc, 0x01, 0xff, 0x00, 0x01,
  0xff, 0xbc, 0x01, 0xff, 0x00, 0x01, 0x04, 0x32, 0x04, 0x64, 0x00, 0x01,
  0x00, 0x0c, 0x00, 0x66, 0x00, 0x16, 0x00, 0x00, 0x00, 0x6c, 0x00, 0x00,
  0x00, 0x72, 0x00, 0x00, 0x00, 0x78, 0x00, 0x00, 0x00, 0x7e, 0x00, 0x00,
  0x00, 0x84, 0x00, 0x00, 0x00, 0x8a, 0x00, 0x00, 0x00, 0x90, 0x00, 0x00,
  0x00, 0x96, 0x00, 0x00, 0x00, 0x9c, 0x00, 0x00, 0x00, 0xa2, 0x00, 0x00,
  0x00, 0x9c, 0x00, 0x00, 0x00, 0xa8, 0x00, 0x00, 0x00, 0xae, 0x00, 0x00,
  0x00, 0x7e, 0x00, 0x00, 0x00, 0xb4, 0x00, 0x00, 0x00, 0xb4, 0x00, 0x00,
  0x00, 0xb4, 0x00, 0x00, 0x00, 0xb4, 0x00, 0x00, 0x00, 0xba, 0x00, 0x00,
  0x00, 0xc0, 0x00, 0x00, 0x00, 0xc0, 0x00, 0x00, 0x00, 0xc0, 0x00, 0x08,
  0x00, 0x6c, 0x00, 0x72, 0x00, 0x78, 0x00, 0x7e, 0x00, 0x84, 0x00, 0x8a,
  0x00, 0x90, 0x00, 0x96, 0x00, 0x01, 0xff, 0x64, 0x01, 0xff, 0x00, 0x01,
  0xff, 0xb2, 0x01, 0xff, 0x00, 0x01, 0xff, 0xcf, 0x01, 0xff, 0x00, 0x01,
  0xff, 0x8d, 0x01, 0xff, 0x00, 0x01, 0xff, 0x30, 0x01, 0xff, 0x00, 0x01,
  0xff, 0x65, 0x01, 0xff, 0x00, 0x01, 0xff, 0x63, 0x02, 0x01, 0x00, 0x01,
  0xff, 0x7c, 0x01, 0xff, 0x00, 0x01, 0xff, 0x98, 0x01, 0xff, 0x00, 0x01,
  0xff, 0x61, 0x01, 0xff, 0x00, 0x01, 0xfe, 0xc7, 0x01, 0xff, 0x00, 0x01,
  0xff, 0x72, 0x01, 0xff, 0x00, 0x01, 0xfe, 0x2c, 0x01, 0xff, 0x00, 0x01,
  0xfe, 0x58, 0x01, 0xff, 0x00, 0x01, 0xfe, 0x45, 0x01, 0xff, 0x00, 0x01,
  0xfe, 0x43, 0x03, 0x5c, 0x00, 0x01, 0xfe, 0x01, 0x03, 0x5c, 0x00, 0x01,
  0xfe, 0x2c, 0x03, 0x6d, 0x00, 0x01, 0xfe, 0x35, 0x03, 0x4b, 0x00, 0x01,
  0xff, 0x26, 0x03, 0x0c, 0x00, 0x01, 0xfe, 0xb7, 0x03, 0x34, 0x00, 0x01,
  0xfe, 0xd1, 0x03, 0x53, 0x00, 0x01, 0xfe, 0x46, 0x03, 0x4f, 0x00, 0x01,
  0x00, 0x12, 0x01, 0xea, 0x01, 0xeb, 0x01, 0xec, 0x01, 0xed, 0x01, 0xee,
  0x01, 0xef, 0x01, 0xf0, 0x01, 0xf1, 0x01, 0xf2, 0x01, 0xfd, 0x02, 0x07,
  0x02, 0x08, 0x02, 0x0c, 0x02, 0x0d, 0x02, 0x0e, 0x02, 0x1a, 0x02, 0x2f,
  0x02, 0x58, 0x00, 0x01, 0x00, 0x03, 0x02, 0x22, 0x02, 0x23, 0x02, 0x97,
  0x00, 0x01, 0x00, 0x01, 0x01, 0xf0, 0x00, 0x02, 0x00, 0x1e, 0x00, 0x04,
  0x00, 0x1a, 0x00, 0x00, 0x00, 0x1c, 0x00, 0x20, 0x00, 0x17, 0x00, 0x22,
  0x00, 0x27, 0x00, 0x1c, 0x00, 0x3a, 0x00, 0x3b, 0x00, 0x22, 0x00, 0x3d,
  0x00, 0x3d, 0x00, 0x24, 0x00, 0x5a, 0x00, 0x6d, 0x00, 0x25, 0x00, 0x6f,
  0x00, 0x6f, 0x00, 0x39, 0x00, 0x71, 0x00, 0x73, 0x00, 0x3a, 0x00, 0x77,
  0x00, 0x7a, 0x00, 0x3d, 0x00, 0x9a, 0x00, 0x9a, 0x00, 0x41, 0x00, 0xa6,
  0x00, 0xa6, 0x00, 0x42, 0x00, 0xe5, 0x00, 0xe5, 0x00, 0x43, 0x01, 0x05,
  0x01, 0x05, 0x00, 0x44, 0x01, 0x33, 0x01, 0x33, 0x00, 0x45, 0x01, 0x37,
  0x01, 0x37, 0x00, 0x46, 0x01, 0x58, 0x01, 0x58, 0x00, 0x47, 0x01, 0x61,
  0x01, 0x61, 0x00, 0x48, 0x01, 0x70, 0x01, 0x70, 0x00, 0x49, 0x01, 0x7c,
  0x01, 0x85, 0x00, 0x4a, 0x01, 0x91, 0x01, 0x94, 0x00, 0x54, 0x01, 0xaf,
  0x01, 0xb5, 0x00, 0x58, 0x01, 0xb7, 0x01, 0xb7, 0x00, 0x5f, 0x01, 0xb9,
  0x01, 0xb9, 0x00, 0x60, 0x01, 0xbb, 0x01, 0xbb, 0x00, 0x61, 0x01, 0xc0,
  0x01, 0xc4, 0x00, 0x62, 0x01, 0xda, 0x01, 0xda, 0x00, 0x67, 0x02, 0x22,
  0x02, 0x23, 0x00, 0x68, 0x02, 0x2a, 0x02, 0x2a, 0x00, 0x6a, 0x02, 0x2f,
  0x02, 0x2f, 0x00, 0x6b, 0x02, 0x97, 0x02, 0x97, 0x00, 0x6c, 0x00, 0x02,
  0x00, 0x1b, 0x00, 0x04, 0x00, 0x1a, 0x00, 0x00, 0x00, 0x1c, 0x00, 0x20,
  0x00, 0x17, 0x00, 0x22, 0x00, 0x27, 0x00, 0x1c, 0x00, 0x39, 0x00, 0x3b,
  0x00, 0x22, 0x00, 0x3d, 0x00, 0x3e, 0x00, 0x25, 0x00, 0x4c, 0x00, 0x4c,
  0x00, 0x27, 0x00, 0x4e, 0x00, 0x53, 0x00, 0x28, 0x00, 0x5a, 0x00, 0x6d,
  0x00, 0x2e, 0x00, 0x6f, 0x00, 0x6f, 0x00, 0x42, 0x00, 0x71, 0x00, 0x7a,
  0x00, 0x43, 0x00, 0x7c, 0x00, 0x81, 0x00, 0x4d, 0x00, 0x83, 0x00, 0x99,
  0x00, 0x53, 0x00, 0xa6, 0x00, 0xa7, 0x00, 0x6a, 0x00, 0xa9, 0x00, 0xaa,
  0x00, 0x6c, 0x00, 0xac, 0x00, 0xac, 0x00, 0x6e, 0x00, 0xc4, 0x00, 0xc4,
  0x00, 0x6f, 0x00, 0xd0, 0x00, 0xe1, 0x00, 0x70, 0x01, 0x05, 0x01, 0x05,
  0x00, 0x82, 0x01, 0x27, 0x01, 0x27, 0x00, 0x83, 0x01, 0x33, 0x01, 0x33,
  0x00, 0x84, 0x01, 0x70, 0x01, 0x85, 0x00, 0x85, 0x01, 0x91, 0x01, 0x94,
  0x00, 0x9b, 0x01, 0xa1, 0x01, 0xa7, 0x00, 0x9f, 0x01, 0xaf, 0x01, 0xb5,
  0x00, 0xa6, 0x01, 0xb7, 0x01, 0xb7, 0x00, 0xad, 0x01, 0xb9, 0x01, 0xb9,
  0x00, 0xae, 0x01, 0xbb, 0x01, 0xd9, 0x00, 0xaf, 0x00, 0x02, 0x00, 0x16,
  0x00, 0xad, 0x00, 0xc3, 0x00, 0x00, 0x00, 0xc5, 0x00, 0xc9, 0x00, 0x17,
  0x00, 0xcb, 0x00, 0xcb, 0x00, 0x1c, 0x00, 0xcd, 0x00, 0xcd, 0x00, 0x1d,
  0x00, 0xe5, 0x00, 0xe7, 0x00, 0x1e, 0x00, 0xec, 0x00, 0xed, 0x00, 0x21,
  0x00, 0xf0, 0x00, 0xf0, 0x00, 0x23, 0x01, 0x01, 0x01, 0x01, 0x00, 0x24,
  0x01, 0x09, 0x01, 0x0d, 0x00, 0x25, 0x01, 0x0f, 0x01, 0x10, 0x00, 0x2a,
  0x01, 0x12, 0x01, 0x24, 0x00, 0x2c, 0x01, 0x26, 0x01, 0x26, 0x00, 0x3f,
  0x01, 0x28, 0x01, 0x31, 0x00, 0x40, 0x01, 0x34, 0x01, 0x36, 0x00, 0x4a,
  0x01, 0x48, 0x01, 0x4e, 0x00, 0x4d, 0x01, 0x52, 0x01, 0x57, 0x00, 0x54,
  0x01, 0x59, 0x01, 0x60, 0x00, 0x5a, 0x01, 0x67, 0x01, 0x67, 0x00, 0x62,
  0x01, 0x6e, 0x01, 0x6e, 0x00, 0x63, 0x02, 0x37, 0x02, 0x37, 0x00, 0x64,
  0x02, 0x7c, 0x02, 0x7c, 0x00, 0x65, 0x02, 0x8a, 0x02, 0x8a, 0x00, 0x66,
  0x00, 0x01, 0x00, 0x0a, 0x02, 0x22, 0x02, 0x23, 0x02, 0x2a, 0x02, 0x2f,
  0x02, 0x3f, 0x02, 0x41, 0x02, 0x42, 0x02, 0x47, 0x02, 0x48, 0x02, 0x97,
  0x00, 0x01, 0x00, 0x05, 0x01, 0x86, 0x01, 0x90, 0x01, 0x95, 0x01, 0xa0,
  0x01, 0xa8, 0x00, 0x02, 0x00, 0x03, 0x02, 0x87, 0x02, 0x99, 0x00, 0x00,
  0x02, 0xab, 0x02, 0xab, 0x00, 0x13, 0x02, 0xad, 0x02, 0xb4, 0x00, 0x14,
  0x00, 0x01, 0x00, 0x05, 0x02, 0x4c, 0x02, 0x4e, 0x02, 0x4f, 0x02, 0x55,
  0x02, 0x6e, 0x00, 0x01, 0x00, 0x01, 0x01, 0xe7, 0x00, 0x02, 0x00, 0x03,
  0x02, 0x87, 0x02, 0x9b, 0x00, 0x00, 0x02, 0xab, 0x02, 0xab, 0x00, 0x15,
  0x02, 0xad, 0x02, 0xb4, 0x00, 0x16, 0x00, 0x02, 0x00, 0x18, 0x00, 0x04,
  0x00, 0x1a, 0x00, 0x00, 0x00, 0x1d, 0x00, 0x38, 0x00, 0x17, 0x00, 0x3a,
  0x00, 0x53, 0x00, 0x33, 0x00, 0x55, 0x00, 0x70, 0x00, 0x4d, 0x00, 0x74,
  0x00, 0x92, 0x00, 0x69, 0x00, 0x94, 0x00, 0x98, 0x00, 0x88, 0x00, 0x9a,
  0x00, 0xc3, 0x00, 0x8d, 0x00, 0xc6, 0x00, 0xcb, 0x00, 0xb7, 0x00, 0xce,
  0x00, 0xce, 0x00, 0xbd, 0x00, 0xd0, 0x00, 0xe4, 0x00, 0xbe, 0x00, 0xe6,
  0x01, 0x08, 0x00, 0xd3, 0x01, 0x0a, 0x01, 0x26, 0x00, 0xf6, 0x01, 0x2b,
  0x01, 0x32, 0x01, 0x13, 0x01, 0x34, 0x01, 0x51, 0x01, 0x1b, 0x01, 0x53,
  0x01, 0x57, 0x01, 0x39, 0x01, 0x59, 0x01, 0x67, 0x01, 0x3e, 0x01, 0x70,
  0x01, 0x7a, 0x01, 0x4d, 0x01, 0x7d, 0x01, 0x8f, 0x01, 0x58, 0x01, 0x91,
  0x01, 0x9f, 0x01, 0x6b, 0x01, 0xa1, 0x01, 0xa7, 0x01, 0x7a, 0x01, 0xa9,
  0x01, 0xb8, 0x01, 0x81, 0x01, 0xbc, 0x01, 0xd2, 0x01, 0x91, 0x01, 0xd4,
  0x01, 0xd8, 0x01, 0xa8, 0x01, 0xda, 0x01, 0xe2, 0x01, 0xad, 0x00, 0x01,
  0x00, 0x05, 0x02, 0x96, 0x02, 0x97, 0x02, 0x98, 0x02, 0x99, 0x02, 0xab,
  0x00, 0x01, 0x00, 0x03, 0x02, 0x93, 0x02, 0x96, 0x02, 0xa0, 0x00, 0x02,
  0x00, 0x02, 0x02, 0x87, 0x02, 0x94, 0x00, 0x00, 0x02, 0xad, 0x02, 0xb4,
  0x00, 0x0e, 0x00, 0x01, 0x00, 0x0c, 0x02, 0x89, 0x02, 0x8a, 0x02, 0x8c,
  0x02, 0x8e, 0x02, 0x90, 0x02, 0x92, 0x02, 0x94, 0x02, 0x9e, 0x02, 0xa2,
  0x02, 0xa5, 0x02, 0xa6, 0x02, 0xaa, 0x00, 0x01, 0x00, 0x01, 0x02, 0x95,
  0x00, 0x02, 0x00, 0x01, 0x02, 0xad, 0x02, 0xb4, 0x00, 0x00, 0x00, 0x02,
  0x00, 0x00, 0x00, 0x02, 0x00, 0x02, 0x01, 0xe9, 0x01, 0xe9, 0x00, 0x02,
  0x01, 0xf0, 0x01, 0xf0, 0x00, 0x01, 0x00, 0x02, 0x00, 0x02, 0x02, 0x22,
  0x02, 0x23, 0x00, 0x01, 0x02, 0x97, 0x02, 0x97, 0x00, 0x01, 0x00, 0x02,
  0x00, 0x34, 0x00, 0x1c, 0x00, 0x1c, 0x00, 0x01, 0x00, 0x1d, 0x00, 0x20,
  0x00, 0x05, 0x00, 0x22, 0x00, 0x22, 0x00, 0x05, 0x00, 0x23, 0x00, 0x26,
  0x00, 0x01, 0x00, 0x27, 0x00, 0x27, 0x00, 0x0e, 0x00, 0x39, 0x00, 0x39,
  0x00, 0x02, 0x00, 0x3a, 0x00, 0x3b, 0x00, 0x05, 0x00, 0x3d, 0x00, 0x3d,
  0x00, 0x05, 0x00, 0x3e, 0x00, 0x3e, 0x00, 0x0f, 0x00, 0x4c, 0x00, 0x4c,
  0x00, 0x0a, 0x00, 0x4e, 0x00, 0x4e, 0x00, 0x03, 0x00, 0x4f, 0x00, 0x53,
  0x00, 0x04, 0x00, 0x5a, 0x00, 0x6d, 0x00, 0x05, 0x00, 0x6f, 0x00, 0x6f,
  0x00, 0x05, 0x00, 0x71, 0x00, 0x71, 0x00, 0x06, 0x00, 0x72, 0x00, 0x72,
  0x00, 0x01, 0x00, 0x73, 0x00, 0x73, 0x00, 0x05, 0x00, 0x74, 0x00, 0x76,
  0x00, 0x07, 0x00, 0x77, 0x00, 0x7a, 0x00, 0x08, 0x00, 0x7c, 0x00, 0x7c,
  0x00, 0x0d, 0x00, 0x7d, 0x00, 0x7f, 0x00, 0x09, 0x00, 0x80, 0x00, 0x81,
  0x00, 0x0a, 0x00, 0x83, 0x00, 0x92, 0x00, 0x0a, 0x00, 0x93, 0x00, 0x98,
  0x00, 0x0b, 0x00, 0x99, 0x00, 0x99, 0x00, 0x0c, 0x00, 0xa6, 0x00, 0xa6,
  0x00, 0x05, 0x00, 0xa7, 0x00, 0xa7, 0x00, 0x03, 0x00, 0xa9, 0x00, 0xa9,
  0x00, 0x07, 0x00, 0xaa, 0x00, 0xaa, 0x00, 0x09, 0x00, 0xac, 0x00, 0xac,
  0x00, 0x09, 0x00, 0xc4, 0x00, 0xc4, 0x00, 0x0d, 0x00, 0xd0, 0x00, 0xe1,
  0x00, 0x0d, 0x01, 0x05, 0x01, 0x05, 0x00, 0x0b, 0x01, 0x27, 0x01, 0x27,
  0x00, 0x0d, 0x01, 0x33, 0x01, 0x33, 0x00, 0x01, 0x01, 0x71, 0x01, 0x7b,
  0x00, 0x0b, 0x01, 0x7c, 0x01, 0x7c, 0x00, 0x01, 0x01, 0x7d, 0x01, 0x81,
  0x00, 0x05, 0x01, 0x82, 0x01, 0x85, 0x00, 0x01, 0x01, 0x91, 0x01, 0x94,
  0x00, 0x05, 0x01, 0xa1, 0x01, 0xa2, 0x00, 0x03, 0x01, 0xa3, 0x01, 0xa7,
  0x00, 0x04, 0x01, 0xaf, 0x01, 0xb5, 0x00, 0x05, 0x01, 0xb7, 0x01, 0xb7,
  0x00, 0x05, 0x01, 0xb9, 0x01, 0xb9, 0x00, 0x06, 0x01, 0xbb, 0x01, 0xbb,
  0x00, 0x05, 0x01, 0xbc, 0x01, 0xbf, 0x00, 0x07, 0x01, 0xc0, 0x01, 0xc4,
  0x00, 0x08, 0x01, 0xc5, 0x01, 0xc9, 0x00, 0x09, 0x01, 0xca, 0x01, 0xd2,
  0x00, 0x0a, 0x01, 0xd3, 0x01, 0xd8, 0x00, 0x0b, 0x01, 0xd9, 0x01, 0xd9,
  0x00, 0x0c, 0x00, 0x02, 0x00, 0x4f, 0x00, 0x04, 0x00, 0x1b, 0x00, 0x01,
  0x00, 0x1c, 0x00, 0x1c, 0x00, 0x14, 0x00, 0x1d, 0x00, 0x20, 0x00, 0x03,
  0x00, 0x22, 0x00, 0x22, 0x00, 0x03, 0x00, 0x23, 0x00, 0x23, 0x00, 0x14,
  0x00, 0x25, 0x00, 0x25, 0x00, 0x14, 0x00, 0x27, 0x00, 0x39, 0x00, 0x14,
  0x00, 0x3a, 0x00, 0x3b, 0x00, 0x03, 0x00, 0x3d, 0x00, 0x3d, 0x00, 0x03,
  0x00, 0x4c, 0x00, 0x4c, 0x00, 0x02, 0x00, 0x4e, 0x00, 0x4e, 0x00, 0x16,
  0x00, 0x4f, 0x00, 0x4f, 0x00, 0x1a, 0x00, 0x55, 0x00, 0x55, 0x00, 0x14,
  0x00, 0x59, 0x00, 0x59, 0x00, 0x14, 0x00, 0x5a, 0x00, 0x6d, 0x00, 0x03,
  0x00, 0x6f, 0x00, 0x70, 0x00, 0x03, 0x00, 0x71, 0x00, 0x71, 0x00, 0x14,
  0x00, 0x73, 0x00, 0x73, 0x00, 0x03, 0x00, 0x74, 0x00, 0x74, 0x00, 0x1b,
  0x00, 0x77, 0x00, 0x7a, 0x00, 0x04, 0x00, 0x7c, 0x00, 0x7c, 0x00, 0x0f,
  0x00, 0x7d, 0x00, 0x7f, 0x00, 0x05, 0x00, 0x93, 0x00, 0x98, 0x00, 0x06,
  0x00, 0x9a, 0x00, 0xa1, 0x00, 0x07, 0x00, 0xa6, 0x00, 0xa6, 0x00, 0x03,
  0x00, 0xaa, 0x00, 0xaa, 0x00, 0x05, 0x00, 0xac, 0x00, 0xac, 0x00, 0x05,
  0x00, 0xad, 0x00, 0xc4, 0x00, 0x0d, 0x00, 0xc6, 0x00, 0xc9, 0x00, 0x0f,
  0x00, 0xcb, 0x00, 0xe1, 0x00, 0x0f, 0x00, 0xe5, 0x00, 0xe5, 0x00, 0x11,
  0x00, 0xe6, 0x00, 0xe7, 0x00, 0x0e, 0x01, 0x09, 0x01, 0x0d, 0x00, 0x17,
  0x01, 0x0f, 0x01, 0x10, 0x00, 0x0f, 0x01, 0x12, 0x01, 0x24, 0x00, 0x0f,
  0x01, 0x26, 0x01, 0x27, 0x00, 0x0f, 0x01, 0x28, 0x01, 0x29, 0x00, 0x17,
  0x01, 0x2a, 0x01, 0x2a, 0x00, 0x0e, 0x01, 0x2b, 0x01, 0x2d, 0x00, 0x17,
  0x01, 0x2e, 0x01, 0x31, 0x00, 0x10, 0x01, 0x33, 0x01, 0x33, 0x00, 0x14,
  0x01, 0x34, 0x01, 0x36, 0x00, 0x11, 0x01, 0x37, 0x01, 0x38, 0x00, 0x12,
  0x01, 0x3b, 0x01, 0x47, 0x00, 0x12, 0x01, 0x48, 0x01, 0x48, 0x00, 0x0e,
  0x01, 0x4a, 0x01, 0x4b, 0x00, 0x17, 0x01, 0x4c, 0x01, 0x4c, 0x00, 0x11,
  0x01, 0x4d, 0x01, 0x4d, 0x00, 0x10, 0x01, 0x4e, 0x01, 0x4e, 0x00, 0x11,
  0x01, 0x4f, 0x01, 0x51, 0x00, 0x12, 0x01, 0x52, 0x01, 0x57, 0x00, 0x13,
  0x01, 0x58, 0x01, 0x58, 0x00, 0x09, 0x01, 0x59, 0x01, 0x60, 0x00, 0x13,
  0x01, 0x61, 0x01, 0x64, 0x00, 0x18, 0x01, 0x67, 0x01, 0x68, 0x00, 0x0e,
  0x01, 0x6c, 0x01, 0x6d, 0x00, 0x11, 0x01, 0x6e, 0x01, 0x6e, 0x00, 0x0e,
  0x01, 0x70, 0x01, 0x70, 0x00, 0x01, 0x01, 0x71, 0x01, 0x7b, 0x00, 0x06,
  0x01, 0x7d, 0x01, 0x81, 0x00, 0x03, 0x01, 0x82, 0x01, 0x82, 0x00, 0x14,
  0x01, 0x91, 0x01, 0x94, 0x00, 0x03, 0x01, 0xaf, 0x01, 0xb5, 0x00, 0x03,
  0x01, 0xb7, 0x01, 0xb8, 0x00, 0x03, 0x01, 0xbb, 0x01, 0xbb, 0x00, 0x03,
  0x01, 0xc0, 0x01, 0xc4, 0x00, 0x04, 0x01, 0xc5, 0x01, 0xc9, 0x00, 0x05,
  0x01, 0xd3, 0x01, 0xd8, 0x00, 0x06, 0x01, 0xda, 0x01, 0xde, 0x00, 0x07,
  0x02, 0x22, 0x02, 0x23, 0x00, 0x15, 0x02, 0x29, 0x02, 0x29, 0x00, 0x19,
  0x02, 0x2f, 0x02, 0x2f, 0x00, 0x0c, 0x02, 0x37, 0x02, 0x37, 0x00, 0x0f,
  0x02, 0x40, 0x02, 0x40, 0x00, 0x0a, 0x02, 0x42, 0x02, 0x42, 0x00, 0x0b,
  0x02, 0x47, 0x02, 0x48, 0x00, 0x08, 0x02, 0x7c, 0x02, 0x7c, 0x00, 0x13,
  0x02, 0x8a, 0x02, 0x8a, 0x00, 0x0d, 0x02, 0x97, 0x02, 0x97, 0x00, 0x15,
  0x00, 0x02, 0x00, 0x20, 0x00, 0xae, 0x00, 0xc3, 0x00, 0x05, 0x00, 0xc5,
  0x00, 0xc5, 0x00, 0x05, 0x00, 0xc6, 0x00, 0xc9, 0x00, 0x01, 0x00, 0xcb,
  0x00, 0xcb, 0x00, 0x01, 0x00, 0xe5, 0x00, 0xe5, 0x00, 0x0b, 0x00, 0xe6,
  0x00, 0xe7, 0x00, 0x03, 0x00, 0xec, 0x00, 0xed, 0x00, 0x05, 0x00, 0xf0,
  0x00, 0xf0, 0x00, 0x0c, 0x01, 0x01, 0x01, 0x01, 0x00, 0x04, 0x01, 0x09,
  0x01, 0x0d, 0x00, 0x05, 0x01, 0x0f, 0x01, 0x10, 0x00, 0x06, 0x01, 0x12,
  0x01, 0x24, 0x00, 0x06, 0x01, 0x26, 0x01, 0x26, 0x00, 0x06, 0x01, 0x28,
  0x01, 0x29, 0x00, 0x05, 0x01, 0x2a, 0x01, 0x2a, 0x00, 0x03, 0x01, 0x2b,
  0x01, 0x2d, 0x00, 0x07, 0x01, 0x2e, 0x01, 0x31, 0x00, 0x08, 0x01, 0x34,
  0x01, 0x36, 0x00, 0x09, 0x01, 0x48, 0x01, 0x48, 0x00, 0x03, 0x01, 0x49,
  0x01, 0x49, 0x00, 0x04, 0x01, 0x4a, 0x01, 0x4a, 0x00, 0x05, 0x01, 0x4b,
  0x01, 0x4b, 0x00, 0x07, 0x01, 0x4c, 0x01, 0x4c, 0x00, 0x09, 0x01, 0x4d,
  0x01, 0x4d, 0x00, 0x08, 0x01, 0x4e, 0x01, 0x4e, 0x00, 0x09, 0x01, 0x52,
  0x01, 0x57, 0x00, 0x0a, 0x01, 0x59, 0x01, 0x60, 0x00, 0x0a, 0x01, 0x67,
  0x01, 0x67, 0x00, 0x02, 0x01, 0x6e, 0x01, 0x6e, 0x00, 0x03, 0x02, 0x37,
  0x02, 0x37, 0x00, 0x06, 0x02, 0x7c, 0x02, 0x7c, 0x00, 0x0a, 0x02, 0x8a,
  0x02, 0x8a, 0x00, 0x05, 0x00, 0x02, 0x00, 0x22, 0x00, 0x7c, 0x00, 0x7c,
  0x00, 0x08, 0x00, 0xad, 0x00, 0xc4, 0x00, 0x0c, 0x00, 0xc6, 0x00, 0xc9,
  0x00, 0x08, 0x00, 0xcb, 0x00, 0xe1, 0x00, 0x08, 0x00, 0xe5, 0x00, 0xe5,
  0x00, 0x05, 0x00, 0xe6, 0x00, 0xe7, 0x00, 0x09, 0x00, 0xf0, 0x00, 0xf0,
  0x00, 0x07, 0x00, 0xfe, 0x00, 0xfe, 0x00, 0x0f, 0x01, 0x0f, 0x01, 0x10,
  0x00, 0x08, 0x01, 0x12, 0x01, 0x24, 0x00, 0x08, 0x01, 0x26, 0x01, 0x27,
  0x00, 0x08, 0x01, 0x2a, 0x01, 0x2a, 0x00, 0x09, 0x01, 0x2e, 0x01, 0x31,
  0x00, 0x0a, 0x01, 0x34, 0x01, 0x36, 0x00, 0x05, 0x01, 0x48, 0x01, 0x48,
  0x00, 0x09, 0x01, 0x4c, 0x01, 0x4c, 0x00, 0x05, 0x01, 0x4d, 0x01, 0x4d,
  0x00, 0x0a, 0x01, 0x4e, 0x01, 0x4e, 0x00, 0x05, 0x01, 0x52, 0x01, 0x57,
  0x00, 0x04, 0x01, 0x58, 0x01, 0x58, 0x00, 0x06, 0x01, 0x59, 0x01, 0x60,
  0x00, 0x04, 0x01, 0x67, 0x01, 0x68, 0x00, 0x09, 0x01, 0x6c, 0x01, 0x6d,
  0x00, 0x05, 0x01, 0x6e, 0x01, 0x6e, 0x00, 0x09, 0x02, 0x22, 0x02, 0x23,
  0x00, 0x01, 0x02, 0x2f, 0x02, 0x2f, 0x00, 0x0e, 0x02, 0x37, 0x02, 0x37,
  0x00, 0x08, 0x02, 0x40, 0x02, 0x40, 0x00, 0x0b, 0x02, 0x41, 0x02, 0x41,
  0x00, 0x0d, 0x02, 0x42, 0x02, 0x42, 0x00, 0x03, 0x02, 0x47, 0x02, 0x48,
  0x00, 0x02, 0x02, 0x7c, 0x02, 0x7c, 0x00, 0x04, 0x02, 0x8a, 0x02, 0x8a,
  0x00, 0x0c, 0x02, 0x97, 0x02, 0x97, 0x00, 0x01, 0x00, 0x02, 0x00, 0x06,
  0x02, 0x2a, 0x02, 0x2a, 0x00, 0x02, 0x02, 0x2f, 0x02, 0x2f, 0x00, 0x06,
  0x02, 0x3f, 0x02, 0x3f, 0x00, 0x03, 0x02, 0x41, 0x02, 0x41, 0x00, 0x04,
  0x02, 0x42, 0x02, 0x42, 0x00, 0x05, 0x02, 0x47, 0x02, 0x48, 0x00, 0x01,
  0x00, 0x02, 0x00, 0x46, 0x00, 0x04, 0x00, 0x1b, 0x00, 0x09, 0x00, 0x1c,
  0x00, 0x1c, 0x00, 0x12, 0x00, 0x1d, 0x00, 0x20, 0x00, 0x0f, 0x00, 0x22,
  0x00, 0x22, 0x00, 0x0f, 0x00, 0x23, 0x00, 0x23, 0x00, 0x12, 0x00, 0x25,
  0x00, 0x25, 0x00, 0x12, 0x00, 0x27, 0x00, 0x39, 0x00, 0x12, 0x00, 0x3a,
  0x00, 0x3b, 0x00, 0x0f, 0x00, 0x3d, 0x00, 0x3d, 0x00, 0x0f, 0x00, 0x4c,
  0x00, 0x4c, 0x00, 0x0e, 0x00, 0x4e, 0x00, 0x4e, 0x00, 0x06, 0x00, 0x4f,
  0x00, 0x4f, 0x00, 0x07, 0x00, 0x55, 0x00, 0x55, 0x00, 0x12, 0x00, 0x59,
  0x00, 0x59, 0x00, 0x12, 0x00, 0x5a, 0x00, 0x6d, 0x00, 0x0f, 0x00, 0x6f,
  0x00, 0x70, 0x00, 0x0f, 0x00, 0x71, 0x00, 0x71, 0x00, 0x12, 0x00, 0x73,
  0x00, 0x73, 0x00, 0x0f, 0x00, 0x77, 0x00, 0x7a, 0x00, 0x10, 0x00, 0x7c,
  0x00, 0x7c, 0x00, 0x05, 0x00, 0x7d, 0x00, 0x7f, 0x00, 0x01, 0x00, 0x93,
  0x00, 0x98, 0x00, 0x02, 0x00, 0x9a, 0x00, 0xa1, 0x00, 0x03, 0x00, 0xa6,
  0x00, 0xa6, 0x00, 0x0f, 0x00, 0xaa, 0x00, 0xaa, 0x00, 0x01, 0x00, 0xac,
  0x00, 0xac, 0x00, 0x01, 0x00, 0xad, 0x00, 0xc4, 0x00, 0x0a, 0x00, 0xc6,
  0x00, 0xc9, 0x00, 0x05, 0x00, 0xcb, 0x00, 0xe1, 0x00, 0x05, 0x00, 0xe5,
  0x00, 0xe5, 0x00, 0x0d, 0x00, 0xe6, 0x00, 0xe7, 0x00, 0x04, 0x01, 0x09,
  0x01, 0x0d, 0x00, 0x0b, 0x01, 0x0f, 0x01, 0x10, 0x00, 0x05, 0x01, 0x12,
  0x01, 0x24, 0x00, 0x05, 0x01, 0x26, 0x01, 0x27, 0x00, 0x05, 0x01, 0x28,
  0x01, 0x29, 0x00, 0x0b, 0x01, 0x2a, 0x01, 0x2a, 0x00, 0x04, 0x01, 0x2b,
  0x01, 0x2d, 0x00, 0x0b, 0x01, 0x2e, 0x01, 0x31, 0x00, 0x0c, 0x01, 0x33,
  0x01, 0x33, 0x00, 0x12, 0x01, 0x34, 0x01, 0x36, 0x00, 0x0d, 0x01, 0x37,
  0x01, 0x38, 0x00, 0x11, 0x01, 0x3b, 0x01, 0x47, 0x00, 0x11, 0x01, 0x48,
  0x01, 0x48, 0x00, 0x04, 0x01, 0x4a, 0x01, 0x4b, 0x00, 0x0b, 0x01, 0x4c,
  0x01, 0x4c, 0x00, 0x0d, 0x01, 0x4d, 0x01, 0x4d, 0x00, 0x0c, 0x01, 0x4e,
  0x01, 0x4e, 0x00, 0x0d, 0x01, 0x4f, 0x01, 0x51, 0x00, 0x11, 0x01, 0x52,
  0x01, 0x57, 0x00, 0x08, 0x01, 0x59, 0x01, 0x60, 0x00, 0x08, 0x01, 0x61,
  0x01, 0x64, 0x00, 0x13, 0x01, 0x67, 0x01, 0x68, 0x00, 0x04, 0x01, 0x6c,
  0x01, 0x6d, 0x00, 0x0d, 0x01, 0x6e, 0x01, 0x6e, 0x00, 0x04, 0x01, 0x70,
  0x01, 0x70, 0x00, 0x09, 0x01, 0x71, 0x01, 0x7b, 0x00, 0x02, 0x01, 0x7d,
  0x01, 0x81, 0x00, 0x0f, 0x01, 0x82, 0x01, 0x82, 0x00, 0x12, 0x01, 0x91,
  0x01, 0x94, 0x00, 0x0f, 0x01, 0xaf, 0x01, 0xb5, 0x00, 0x0f, 0x01, 0xb7,
  0x01, 0xb8, 0x00, 0x0f, 0x01, 0xbb, 0x01, 0xbb, 0x00, 0x0f, 0x01, 0xc0,
  0x01, 0xc4, 0x00, 0x10, 0x01, 0xc5, 0x01, 0xc9, 0x00, 0x01, 0x01, 0xd3,
  0x01, 0xd8, 0x00, 0x02, 0x01, 0xda, 0x01, 0xde, 0x00, 0x03, 0x02, 0x37,
  0x02, 0x37, 0x00, 0x05, 0x02, 0x7c, 0x02, 0x7c, 0x00, 0x08, 0x02, 0x8a,
  0x02, 0x8a, 0x00, 0x0a, 0x00, 0x02, 0x00, 0x04, 0x01, 0x86, 0x01, 0x86,
  0x00, 0x02, 0x01, 0x95, 0x01, 0x95, 0x00, 0x03, 0x01, 0xa0, 0x01, 0xa0,
  0x00, 0x01, 0x01, 0xa8, 0x01, 0xa8, 0x00, 0x04, 0x00, 0x02, 0x00, 0x06,
  0x01, 0x7c, 0x01, 0x7c, 0x00, 0x02, 0x01, 0x86, 0x01, 0x86, 0x00, 0x02,
  0x01, 0x90, 0x01, 0x90, 0x00, 0x02, 0x01, 0xa0, 0x01, 0xa0, 0x00, 0x01,
  0x01, 0xa9, 0x01, 0xa9, 0x00, 0x02, 0x01, 0xb9, 0x01, 0xb9, 0x00, 0x02,
  0x00, 0x01, 0x00, 0x00, 0x00, 0x0a, 0x01, 0x40, 0x06, 0x4a, 0x00, 0x02,
  0x44, 0x46, 0x4c, 0x54, 0x00, 0x0e, 0x6c, 0x61, 0x74, 0x6e, 0x00, 0x30,
  0x00, 0x04, 0x00, 0x00, 0x00, 0x00, 0xff, 0xff, 0x00, 0x0c, 0x00, 0x00,
  0x00, 0x08, 0x00, 0x10, 0x00, 0x18, 0x00, 0x20, 0x00, 0x28, 0x00, 0x36,
  0x00, 0x3e, 0x00, 0x46, 0x00, 0x4e, 0x00, 0x56, 0x00, 0x5e, 0x00, 0x28,
  0x00, 0x06, 0x41, 0x5a, 0x45, 0x20, 0x00, 0x46, 0x43, 0x41, 0x54, 0x20,
  0x00, 0x66, 0x43, 0x52, 0x54, 0x20, 0x00, 0x86, 0x4b, 0x41, 0x5a, 0x20,
  0x00, 0xa6, 0x54, 0x41, 0x54, 0x20, 0x00, 0xc6, 0x54, 0x52, 0x4b, 0x20,
  0x00, 0xe6, 0x00, 0x00, 0xff, 0xff, 0x00, 0x0c, 0x00, 0x01, 0x00, 0x09,
  0x00, 0x11, 0x00, 0x19, 0x00, 0x21, 0x00, 0x29, 0x00, 0x37, 0x00, 0x3f,
  0x00, 0x47, 0x00, 0x4f, 0x00, 0x57, 0x00, 0x5f, 0x00, 0x00, 0xff, 0xff,
  0x00, 0x0d, 0x00, 0x02, 0x00, 0x0a, 0x00, 0x12, 0x00, 0x1a, 0x00, 0x22,
  0x00, 0x2a, 0x00, 0x30, 0x00, 0x38, 0x00, 0x40, 0x00, 0x48, 0x00, 0x50,
  0x00, 0x58, 0x00, 0x60, 0x00, 0x00, 0xff, 0xff, 0x00, 0x0d, 0x00, 0x03,
  0x00, 0x0b, 0x00, 0x13, 0x00, 0x1b, 0x00, 0x23, 0x00, 0x2b, 0x00, 0x31,
  0x00, 0x39, 0x00, 0x41, 0x00, 0x49, 0x00, 0x51, 0x00, 0x59, 0x00, 0x61,
  0x00, 0x00, 0xff, 0xff, 0x00, 0x0d, 0x00, 0x04, 0x00, 0x0c, 0x00, 0x14,
  0x00, 0x1c, 0x00, 0x24, 0x00, 0x2c, 0x00, 0x32, 0x00, 0x3a, 0x00, 0x42,
  0x00, 0x4a, 0x00, 0x52, 0x00, 0x5a, 0x00, 0x62, 0x00, 0x00, 0xff, 0xff,
  0x00, 0x0d, 0x00, 0x05, 0x00, 0x0d, 0x00, 0x15, 0x00, 0x1d, 0x00, 0x25,
  0x00, 0x2d, 0x00, 0x33, 0x00, 0x3b, 0x00, 0x43, 0x00, 0x4b, 0x00, 0x53,
  0x00, 0x5b, 0x00, 0x63, 0x00, 0x00, 0xff, 0xff, 0x00, 0x0d, 0x00, 0x06,
  0x00, 0x0e, 0x00, 0x16, 0x00, 0x1e, 0x00, 0x26, 0x00, 0x2e, 0x00, 0x34,
  0x00, 0x3c, 0x00, 0x44, 0x00, 0x4c, 0x00, 0x54, 0x00, 0x5c, 0x00, 0x64,
  0x00, 0x00, 0xff, 0xff, 0x00, 0x0d, 0x00, 0x07, 0x00, 0x0f, 0x00, 0x17,
  0x00, 0x1f, 0x00, 0x27, 0x00, 0x2f, 0x00, 0x35, 0x00, 0x3d, 0x00, 0x45,
  0x00, 0x4d, 0x00, 0x55, 0x00, 0x5d, 0x00, 0x65, 0x00, 0x66, 0x61, 0x61,
  0x6c, 0x74, 0x02, 0x66, 0x61, 0x61, 0x6c, 0x74, 0x02, 0x6e, 0x61, 0x61,
  0x6c, 0x74, 0x02, 0x76, 0x61, 0x61, 0x6c, 0x74, 0x02, 0x7e, 0x61, 0x61,
  0x6c, 0x74, 0x02, 0x86, 0x61, 0x61, 0x6c, 0x74, 0x02, 0x8e, 0x61, 0x61,
  0x6c, 0x74, 0x02, 0x96, 0x61, 0x61, 0x6c, 0x74, 0x02, 0x9e, 0x63, 0x32,
  0x73, 0x63, 0x02, 0xa6, 0x63, 0x32, 0x73, 0x63, 0x02, 0xac, 0x63, 0x32,
  0x73, 0x63, 0x02, 0xb2, 0x63, 0x32, 0x73, 0x63, 0x02, 0xb8, 0x63, 0x32,
  0x73, 0x63, 0x02, 0xbe, 0x63, 0x32, 0x73, 0x63, 0x02, 0xc4, 0x63, 0x32,
  0x73, 0x63, 0x02, 0xca, 0x63, 0x32, 0x73, 0x63, 0x02, 0xd0, 0x63, 0x63,
  0x6d, 0x70, 0x02, 0xd6, 0x63, 0x63, 0x6d, 0x70, 0x02, 0xde, 0x63, 0x63,
  0x6d, 0x70, 0x02, 0xe6, 0x63, 0x63, 0x6d, 0x70, 0x02, 0xee, 0x63, 0x63,
  0x6d, 0x70, 0x02, 0xf6, 0x63, 0x63, 0x6d, 0x70, 0x02, 0xfe, 0x63, 0x63,
  0x6d, 0x70, 0x03, 0x06, 0x63, 0x63, 0x6d, 0x70, 0x03, 0x0e, 0x64, 0x6e,
  0x6f, 0x6d, 0x03, 0x16, 0x64, 0x6e, 0x6f, 0x6d, 0x03, 0x1c, 0x64, 0x6e,
  0x6f, 0x6d, 0x03, 0x22, 0x64, 0x6e, 0x6f, 0x6d, 0x03, 0x28, 0x64, 0x6e,
  0x6f, 0x6d, 0x03, 0x2e, 0x64, 0x6e, 0x6f, 0x6d, 0x03, 0x34, 0x64, 0x6e,
  0x6f, 0x6d, 0x03, 0x3a, 0x64, 0x6e, 0x6f, 0x6d, 0x03, 0x40, 0x66, 0x72,
  0x61, 0x63, 0x03, 0x46, 0x66, 0x72, 0x61, 0x63, 0x03, 0x50, 0x66, 0x72,
  0x61, 0x63, 0x03, 0x5a, 0x66, 0x72, 0x61, 0x63, 0x03, 0x64, 0x66, 0x72,
  0x61, 0x63, 0x03, 0x6e, 0x66, 0x72, 0x61, 0x63, 0x03, 0x78, 0x66, 0x72,
  0x61, 0x63, 0x03, 0x82, 0x66, 0x72, 0x61, 0x63, 0x03, 0x8c, 0x6c, 0x69,
  0x67, 0x61, 0x03, 0x96, 0x6c, 0x69, 0x67, 0x61, 0x03, 0x9c, 0x6c, 0x69,
  0x67, 0x61, 0x03, 0xa2, 0x6c, 0x69, 0x67, 0x61, 0x03, 0xa8, 0x6c, 0x69,
  0x67, 0x61, 0x03, 0xae, 0x6c, 0x69, 0x67, 0x61, 0x03, 0xb4, 0x6c, 0x69,
  0x67, 0x61, 0x03, 0xba, 0x6c, 0x69, 0x67, 0x61, 0x03, 0xc0, 0x6c, 0x6f,
  0x63, 0x6c, 0x03, 0xc6, 0x6c, 0x6f, 0x63, 0x6c, 0x03, 0xcc, 0x6c, 0x6f,
  0x63, 0x6c, 0x03, 0xd2, 0x6c, 0x6f, 0x63, 0x6c, 0x03, 0xd8, 0x6c, 0x6f,
  0x63, 0x6c, 0x03, 0xde, 0x6c, 0x6f, 0x63, 0x6c, 0x03, 0xe4, 0x6e, 0x75,
  0x6d, 0x72, 0x03, 0xea, 0x6e, 0x75, 0x6d, 0x72, 0x03, 0xf0, 0x6e, 0x75,
  0x6d, 0x72, 0x03, 0xf6, 0x6e, 0x75, 0x6d, 0x72, 0x03, 0xfc, 0x6e, 0x75,
  0x6d, 0x72, 0x04, 0x02, 0x6e, 0x75, 0x6d, 0x72, 0x04, 0x08, 0x6e, 0x75,
  0x6d, 0x72, 0x04, 0x0e, 0x6e, 0x75, 0x6d, 0x72, 0x04, 0x14, 0x6f, 0x72,
  0x64, 0x6e, 0x04, 0x1a, 0x6f, 0x72, 0x64, 0x6e, 0x04, 0x20, 0x6f, 0x72,
  0x64, 0x6e, 0x04, 0x26, 0x6f, 0x72, 0x64, 0x6e, 0x04, 0x2c, 0x6f, 0x72,
  0x64, 0x6e, 0x04, 0x32, 0x6f, 0x72, 0x64, 0x6e, 0x04, 0x38, 0x6f, 0x72,
  0x64, 0x6e, 0x04, 0x3e, 0x6f, 0x72, 0x64, 0x6e, 0x04, 0x44, 0x70, 0x6e,
  0x75, 0x6d, 0x04, 0x4a, 0x70, 0x6e, 0x75, 0x6d, 0x04, 0x50, 0x70, 0x6e,
  0x75, 0x6d, 0x04, 0x56, 0x70, 0x6e, 0x75, 0x6d, 0x04, 0x5c, 0x70, 0x6e,
  0x75, 0x6d, 0x04, 0x62, 0x70, 0x6e, 0x75, 0x6d, 0x04, 0x68, 0x70, 0x6e,
  0x75, 0x6d, 0x04, 0x6e, 0x70, 0x6e, 0x75, 0x6d, 0x04, 0x74, 0x73, 0x6d,
  0x63, 0x70, 0x04, 0x7a, 0x73, 0x6d, 0x63, 0x70, 0x04, 0x80, 0x73, 0x6d,
  0x63, 0x70, 0x04, 0x86, 0x73, 0x6d, 0x63, 0x70, 0x04, 0x8c, 0x73, 0x6d,
  0x63, 0x70, 0x04, 0x92, 0x73, 0x6d, 0x63, 0x70, 0x04, 0x98, 0x73, 0x6d,
  0x63, 0x70, 0x04, 0x9e, 0x73, 0x6d, 0x63, 0x70, 0x04, 0xa4, 0x73, 0x75,
  0x70, 0x73, 0x04, 0xaa, 0x73, 0x75, 0x70, 0x73, 0x04, 0xb0, 0x73, 0x75,
  0x70, 0x73, 0x04, 0xb6, 0x73, 0x75, 0x70, 0x73, 0x04, 0xbc, 0x73, 0x75,
  0x70, 0x73, 0x04, 0xc2, 0x73, 0x75, 0x70, 0x73, 0x04, 0xc8, 0x73, 0x75,
  0x70, 0x73, 0x04, 0xce, 0x73, 0x75, 0x70, 0x73, 0x04, 0xd4, 0x74, 0x6e,
  0x75, 0x6d, 0x04, 0xda, 0x74, 0x6e, 0x75, 0x6d, 0x04, 0xe0, 0x74, 0x6e,
  0x75, 0x6d, 0x04, 0xe6, 0x74, 0x6e, 0x75, 0x6d, 0x04, 0xec, 0x74, 0x6e,
  0x75, 0x6d, 0x04, 0xf2, 0x74, 0x6e, 0x75, 0x6d, 0x04, 0xf8, 0x74, 0x6e,
  0x75, 0x6d, 0x04, 0xfe, 0x74, 0x6e, 0x75, 0x6d, 0x05, 0x04, 0x00, 0x00,
  0x00, 0x02, 0x00, 0x00, 0x00, 0x01, 0x00, 0x00, 0x00, 0x02, 0x00, 0x00,
  0x00, 0x01, 0x00, 0x00, 0x00, 0x02, 0x00, 0x00, 0x00, 0x01, 0x00, 0x00,
  0x00, 0x02, 0x00, 0x00, 0x00, 0x01, 0x00, 0x00, 0x00, 0x02, 0x00, 0x00,
  0x00, 0x01, 0x00, 0x00, 0x00, 0x02, 0x00, 0x00, 0x00, 0x01, 0x00, 0x00,
  0x00, 0x02, 0x00, 0x00, 0x00, 0x01, 0x00, 0x00, 0x00, 0x02, 0x00, 0x00,
  0x00, 0x01, 0x00, 0x00, 0x00, 0x01, 0x00, 0x13, 0x00, 0x00, 0x00, 0x01,
  0x00, 0x13, 0x00, 0x00, 0x00, 0x01, 0x00, 0x13, 0x00, 0x00, 0x00, 0x01,
  0x00, 0x13, 0x00, 0x00, 0x00, 0x01, 0x00, 0x13, 0x00, 0x00, 0x00, 0x01,
  0x00, 0x13, 0x00, 0x00, 0x00, 0x01, 0x00, 0x13, 0x00, 0x00, 0x00, 0x01,
  0x00, 0x13, 0x00, 0x00, 0x00, 0x02, 0x00, 0x02, 0x00, 0x03, 0x00, 0x00,
  0x00, 0x02, 0x00, 0x02, 0x00, 0x03, 0x00, 0x00, 0x00, 0x02, 0x00, 0x02,
  0x00, 0x03, 0x00, 0x00, 0x00, 0x02, 0x00, 0x02, 0x00, 0x03, 0x00, 0x00,
  0x00, 0x02, 0x00, 0x02, 0x00, 0x03, 0x00, 0x00, 0x00, 0x02, 0x00, 0x02,
  0x00, 0x03, 0x00, 0x00, 0x00, 0x02, 0x00, 0x02, 0x00, 0x03, 0x00, 0x00,
  0x00, 0x02, 0x00, 0x02, 0x00, 0x03, 0x00, 0x00, 0x00, 0x01, 0x00, 0x0c,
  0x00, 0x00, 0x00, 0x01, 0x00, 0x0c, 0x00, 0x00, 0x00, 0x01, 0x00, 0x0c,
  0x00, 0x00, 0x00, 0x01, 0x00, 0x0c, 0x00, 0x00, 0x00, 0x01, 0x00, 0x0c,
  0x00, 0x00, 0x00, 0x01, 0x00, 0x0c, 0x00, 0x00, 0x00, 0x01, 0x00, 0x0c,
  0x00, 0x00, 0x00, 0x01, 0x00, 0x0c, 0x00, 0x00, 0x00, 0x03, 0x00, 0x0d,
  0x00, 0x0e, 0x00, 0x0f, 0x00, 0x00, 0x00, 0x03, 0x00, 0x0d, 0x00, 0x0e,
  0x00, 0x0f, 0x00, 0x00, 0x00, 0x03, 0x00, 0x0d, 0x00, 0x0e, 0x00, 0x0f,
  0x00, 0x00, 0x00, 0x03, 0x00, 0x0d, 0x00, 0x0e, 0x00, 0x0f, 0x00, 0x00,
  0x00, 0x03, 0x00, 0x0d, 0x00, 0x0e, 0x00, 0x0f, 0x00, 0x00, 0x00, 0x03,
  0x00, 0x0d, 0x00, 0x0e, 0x00, 0x0f, 0x00, 0x00, 0x00, 0x03, 0x00, 0x0d,
  0x00, 0x0e, 0x00, 0x0f, 0x00, 0x00, 0x00, 0x03, 0x00, 0x0d, 0x00, 0x0e,
  0x00, 0x0f, 0x00, 0x00, 0x00, 0x01, 0x00, 0x15, 0x00, 0x00, 0x00, 0x01,
  0x00, 0x15, 0x00, 0x00, 0x00, 0x01, 0x00, 0x15, 0x00, 0x00, 0x00, 0x01,
  0x00, 0x15, 0x00, 0x00, 0x00, 0x01, 0x00, 0x15, 0x00, 0x00, 0x00, 0x01,
  0x00, 0x15, 0x00, 0x00, 0x00, 0x01, 0x00, 0x15, 0x00, 0x00, 0x00, 0x01,
  0x00, 0x15, 0x00, 0x00, 0x00, 0x01, 0x00, 0x09, 0x00, 0x00, 0x00, 0x01,
  0x00, 0x07, 0x00, 0x00, 0x00, 0x01, 0x00, 0x04, 0x00, 0x00, 0x00, 0x01,
  0x00, 0x06, 0x00, 0x00, 0x00, 0x01, 0x00, 0x05, 0x00, 0x00, 0x00, 0x01,
  0x00, 0x08, 0x00, 0x00, 0x00, 0x01, 0x00, 0x0b, 0x00, 0x00, 0x00, 0x01,
  0x00, 0x0b, 0x00, 0x00, 0x00, 0x01, 0x00, 0x0b, 0x00, 0x00, 0x00, 0x01,
  0x00, 0x0b, 0x00, 0x00, 0x00, 0x01, 0x00, 0x0b, 0x00, 0x00, 0x00, 0x01,
  0x00, 0x0b, 0x00, 0x00, 0x00, 0x01, 0x00, 0x0b, 0x00, 0x00, 0x00, 0x01,
  0x00, 0x0b, 0x00, 0x00, 0x00, 0x01, 0x00, 0x10, 0x00, 0x00, 0x00, 0x01,
  0x00, 0x10, 0x00, 0x00, 0x00, 0x01, 0x00, 0x10, 0x00, 0x00, 0x00, 0x01,
  0x00, 0x10, 0x00, 0x00, 0x00, 0x01, 0x00, 0x10, 0x00, 0x00, 0x00, 0x01,
  0x00, 0x10, 0x00, 0x00, 0x00, 0x01, 0x00, 0x10, 0x00, 0x00, 0x00, 0x01,
  0x00, 0x10, 0x00, 0x00, 0x00, 0x01, 0x00, 0x11, 0x00, 0x00, 0x00, 0x01,
  0x00, 0x11, 0x00, 0x00, 0x00, 0x01, 0x00, 0x11, 0x00, 0x00, 0x00, 0x01,
  0x00, 0x11, 0x00, 0x00, 0x00, 0x01, 0x00, 0x11, 0x00, 0x00, 0x00, 0x01,
  0x00, 0x11, 0x00, 0x00, 0x00, 0x01, 0x00, 0x11, 0x00, 0x00, 0x00, 0x01,
  0x00, 0x11, 0x00, 0x00, 0x00, 0x01, 0x00, 0x14, 0x00, 0x00, 0x00, 0x01,
  0x00, 0x14, 0x00, 0x00, 0x00, 0x01, 0x00, 0x14, 0x00, 0x00, 0x00, 0x01,
  0x00, 0x14, 0x00, 0x00, 0x00, 0x01, 0x00, 0x14, 0x00, 0x00, 0x00, 0x01,
  0x00, 0x14, 0x00, 0x00, 0x00, 0x01, 0x00, 0x14, 0x00, 0x00, 0x00, 0x01,
  0x00, 0x14, 0x00, 0x00, 0x00, 0x01, 0x00, 0x0a, 0x00, 0x00, 0x00, 0x01,
  0x00, 0x0a, 0x00, 0x00, 0x00, 0x01, 0x00, 0x0a, 0x00, 0x00, 0x00, 0x01,
  0x00, 0x0a, 0x00, 0x00, 0x00, 0x01, 0x00, 0x0a, 0x00, 0x00, 0x00, 0x01,
  0x00, 0x0a, 0x00, 0x00, 0x00, 0x01, 0x00, 0x0a, 0x00, 0x00, 0x00, 0x01,
  0x00, 0x0a, 0x00, 0x00, 0x00, 0x01, 0x00, 0x12, 0x00, 0x00, 0x00, 0x01,
  0x00, 0x12, 0x00, 0x00, 0x00, 0x01, 0x00, 0x12, 0x00, 0x00, 0x00, 0x01,
  0x00, 0x12, 0x00, 0x00, 0x00, 0x01, 0x00, 0x12, 0x00, 0x00, 0x00, 0x01,
  0x00, 0x12, 0x00, 0x00, 0x00, 0x01, 0x00, 0x12, 0x00, 0x00, 0x00, 0x01,
  0x00, 0x12, 0x00, 0x19, 0x00, 0x34, 0x00, 0x3c, 0x00, 0x44, 0x00, 0x4e,
  0x00, 0x56, 0x00, 0x5e, 0x00, 0x66, 0x00, 0x6e, 0x00, 0x76, 0x00, 0x7e,
  0x00, 0x86, 0x00, 0x8e, 0x00, 0x96, 0x00, 0x9e, 0x00, 0xa6, 0x00, 0xae,
  0x00, 0xb8, 0x00, 0xc2, 0x00, 0xca, 0x00, 0xd2, 0x00, 0xda, 0x00, 0xe2,
  0x00, 0xea, 0x00, 0xf2, 0x00, 0xfa, 0x00, 0x01, 0x00, 0x00, 0x00, 0x01,
  0x04, 0x00, 0x00, 0x03, 0x00, 0x00, 0x00, 0x01, 0x05, 0xb8, 0x00, 0x06,
  0x00, 0x00, 0x00, 0x02, 0x00, 0xbe, 0x00, 0xd0, 0x00, 0x04, 0x00, 0x00,
  0x00, 0x01, 0x00, 0xda, 0x00, 0x01, 0x00, 0x00, 0x00, 0x01, 0x01, 0x20,
  0x00, 0x01, 0x00, 0x00, 0x00, 0x01, 0x01, 0x1e, 0x00, 0x01, 0x00, 0x00,
  0x00, 0x01, 0x01, 0x1c, 0x00, 0x06, 0x00, 0x00, 0x00, 0x01, 0x01, 0x1a,
  0x00, 0x01, 0x00, 0x00, 0x00, 0x01, 0x01, 0x26, 0x00, 0x01, 0x00, 0x00,
  0x00, 0x01, 0x01, 0x24, 0x00, 0x01, 0x00, 0x00, 0x00, 0x01, 0x01, 0x22,
  0x00, 0x01, 0x00, 0x00, 0x00, 0x01, 0x01, 0x20, 0x00, 0x01, 0x00, 0x00,
  0x00, 0x01, 0x01, 0x1e, 0x00, 0x01, 0x00, 0x00, 0x00, 0x01, 0x01, 0x1c,
  0x00, 0x01, 0x00, 0x00, 0x00, 0x01, 0x01, 0x1a, 0x00, 0x06, 0x00, 0x00,
  0x00, 0x02, 0x01, 0x18, 0x01, 0x2a, 0x00, 0x06, 0x00, 0x00, 0x00, 0x02,
  0x01, 0x32, 0x01, 0x44, 0x00, 0x01, 0x00, 0x00, 0x00, 0x01, 0x01, 0x4c,
  0x00, 0x01, 0x00, 0x00, 0x00, 0x01, 0x01, 0x4a, 0x00, 0x01, 0x00, 0x00,
  0x00, 0x01, 0x01, 0x48, 0x00, 0x01, 0x00, 0x00, 0x00, 0x01, 0x02, 0x1e,
  0x00, 0x04, 0x00, 0x00, 0x00, 0x01, 0x02, 0xf4, 0x00, 0x01, 0x00, 0x00,
  0x00, 0x01, 0x05, 0xf4, 0x00, 0x04, 0x00, 0x00, 0x00, 0x01, 0x05, 0xf2,
  0x00, 0x01, 0x00, 0x00, 0x00, 0x01, 0x05, 0xfc, 0x00, 0x03, 0x00, 0x00,
  0x00, 0x01, 0x06, 0x16, 0x00, 0x01, 0x06, 0x1e, 0x00, 0x01, 0x00, 0x00,
  0x00, 0x16, 0x00, 0x03, 0x00, 0x00, 0x00, 0x01, 0x06, 0x04, 0x00, 0x02,
  0x06, 0x16, 0x06, 0x0c, 0x00, 0x01, 0x00, 0x00, 0x00, 0x16, 0x00, 0x01,
  0x06, 0x12, 0x00, 0x02, 0x00, 0x0a, 0x00, 0x2c, 0x00, 0x04, 0x00, 0x0a,
  0x00, 0x10, 0x00, 0x16, 0x00, 0x1c, 0x02, 0xb2, 0x00, 0x02, 0x02, 0x89,
  0x02, 0xb1, 0x00, 0x02, 0x02, 0x8a, 0x02, 0xb4, 0x00, 0x02, 0x02, 0x90,
  0x02, 0xb3, 0x00, 0x02, 0x02, 0x92, 0x00, 0x04, 0x00, 0x0a, 0x00, 0x10,
  0x00, 0x16, 0x00, 0x1c, 0x02, 0xae, 0x00, 0x02, 0x02, 0x89, 0x02, 0xad,
  0x00, 0x02, 0x02, 0x8a, 0x02, 0xb0, 0x00, 0x02, 0x02, 0x90, 0x02, 0xaf,
  0x00, 0x02, 0x02, 0x92, 0x00, 0x01, 0x05, 0xcc, 0x00, 0x06, 0x00, 0x01,
  0x05, 0xc6, 0x00, 0x06, 0x00, 0x01, 0x05, 0xc0, 0x00, 0x06, 0x00, 0x03,
  0x00, 0x00, 0x00, 0x02, 0x05, 0xc0, 0x05, 0xc6, 0x00, 0x01, 0x05, 0xc0,
  0x00, 0x01, 0x00, 0x00, 0x00, 0x17, 0x00, 0x01, 0x05, 0xa6, 0x00, 0x06,
  0x00, 0x01, 0x05, 0xa0, 0x00, 0x06, 0x00, 0x01, 0x05, 0xac, 0x00, 0x27,
  0x00, 0x01, 0x05, 0xb0, 0x00, 0x1e, 0x00, 0x01, 0x05, 0xaa, 0x00, 0x14,
  0x00, 0x01, 0x05, 0xae, 0xff, 0xeb, 0x00, 0x01, 0x05, 0x9e, 0x00, 0x1e,
  0x00, 0x03, 0x00, 0x01, 0x05, 0xa8, 0x00, 0x01, 0x05, 0xae, 0x00, 0x00,
  0x00, 0x01, 0x00, 0x00, 0x00, 0x18, 0x00, 0x03, 0x00, 0x01, 0x05, 0xa6,
  0x00, 0x01, 0x05, 0x9c, 0x00, 0x00, 0x00, 0x01, 0x00, 0x00, 0x00, 0x18,
  0x00, 0x03, 0x00, 0x01, 0x05, 0x74, 0x00, 0x01, 0x05, 0x9e, 0x00, 0x00,
  0x00, 0x01, 0x00, 0x00, 0x00, 0x18, 0x00, 0x03, 0x00, 0x01, 0x05, 0x62,
  0x00, 0x01, 0x05, 0x94, 0x00, 0x00, 0x00, 0x01, 0x00, 0x00, 0x00, 0x18,
  0x00, 0x01, 0x05, 0x8a, 0xff, 0xf6, 0x00, 0x01, 0x05, 0x4a, 0x00, 0x0a,
  0x00, 0x02, 0x05, 0x88, 0x00, 0x6c, 0x01, 0x70, 0x01, 0x71, 0x01, 0x72,
  0x01, 0x73, 0x01, 0x74, 0x01, 0x75, 0x01, 0x76, 0x01, 0x77, 0x01, 0x78,
  0x01, 0x79, 0x01, 0x7a, 0x01, 0x7b, 0x01, 0x7c, 0x01, 0x7d, 0x01, 0x7e,
  0x01, 0x7f, 0x01, 0x80, 0x01, 0x81, 0x01, 0x82, 0x01, 0x83, 0x01, 0x84,
  0x01, 0x85, 0x01, 0x86, 0x01, 0x87, 0x01, 0x88, 0x01, 0x89, 0x01, 0x8a,
  0x01, 0x8b, 0x01, 0x8c, 0x01, 0x8d, 0x01, 0x8e, 0x01, 0x8f, 0x01, 0x90,
  0x01, 0x91, 0x01, 0x92, 0x01, 0x94, 0x01, 0x95, 0x01, 0x96, 0x01, 0x97,
  0x01, 0x98, 0x01, 0x99, 0x01, 0x9a, 0x01, 0x9b, 0x01, 0x9c, 0x01, 0x9e,
  0x01, 0x9f, 0x01, 0xa0, 0x01, 0xa1, 0x01, 0xa3, 0x01, 0xa4, 0x01, 0xa5,
  0x01, 0xa6, 0x01, 0xa7, 0x01, 0xa8, 0x01, 0xa9, 0x01, 0xaa, 0x01, 0xab,
  0x01, 0xad, 0x01, 0xae, 0x01, 0xaf, 0x01, 0xb0, 0x01, 0xb1, 0x01, 0xb2,
  0x01, 0xb3, 0x01, 0xb4, 0x01, 0xb5, 0x01, 0xb6, 0x01, 0xb7, 0x01, 0xb8,
  0x01, 0xb9, 0x01, 0xba, 0x01, 0xbb, 0x01, 0xbc, 0x01, 0xbd, 0x01, 0xbe,
  0x01, 0xc0, 0x01, 0xc1, 0x01, 0xc2, 0x01, 0xc3, 0x01, 0xc5, 0x01, 0xc6,
  0x01, 0xc7, 0x01, 0xca, 0x01, 0xcb, 0x01, 0xcc, 0x01, 0xcd, 0x01, 0xce,
  0x01, 0xcf, 0x01, 0xd0, 0x01, 0xd1, 0x01, 0xd2, 0x01, 0xd3, 0x01, 0xd4,
  0x01, 0xd5, 0x01, 0xd6, 0x01, 0xd7, 0x01, 0xd8, 0x01, 0xd9, 0x01, 0xda,
  0x01, 0xdb, 0x01, 0xdc, 0x01, 0xdd, 0x01, 0xde, 0x01, 0xdf, 0x01, 0xe0,
  0x01, 0xe1, 0x01, 0xe2, 0x01, 0xc9, 0x00, 0x02, 0x05, 0x50, 0x00, 0x6c,
  0x01, 0x70, 0x01, 0x71, 0x01, 0x72, 0x01, 0x73, 0x01, 0x74, 0x01, 0x75,
  0x01, 0x76, 0x01, 0x77, 0x01, 0x78, 0x01, 0x79, 0x01, 0x7a, 0x01, 0x7b,
  0x01, 0x7c, 0x01, 0x7d, 0x01, 0x7e, 0x01, 0x7f, 0x01, 0x80, 0x01, 0x81,
  0x01, 0x82, 0x01, 0x83, 0x01, 0x84, 0x01, 0x85, 0x01, 0x86, 0x01, 0x87,
  0x01, 0x88, 0x01, 0x89, 0x01, 0x8a, 0x01, 0x8b, 0x01, 0x8c, 0x01, 0x8d,
  0x01, 0x8e, 0x01, 0x8f, 0x01, 0x90, 0x01, 0x91, 0x01, 0x92, 0x01, 0x94,
  0x01, 0x95, 0x01, 0x96, 0x01, 0x97, 0x01, 0x98, 0x01, 0x99, 0x01, 0x9a,
  0x01, 0x9b, 0x01, 0x9c, 0x01, 0x9d, 0x01, 0x9e, 0x01, 0x9f, 0x01, 0xa0,
  0x01, 0xa1, 0x01, 0xa3, 0x01, 0xa4, 0x01, 0xa5, 0x01, 0xa6, 0x01, 0xa7,
  0x01, 0xa8, 0x01, 0xa9, 0x01, 0xaa, 0x01, 0xab, 0x01, 0xad, 0x01, 0xae,
  0x01, 0xaf, 0x01, 0xb0, 0x01, 0xb1, 0x01, 0xb2, 0x01, 0xb3, 0x01, 0xb4,
  0x01, 0xb5, 0x01, 0xb6, 0x01, 0xb7, 0x01, 0xb8, 0x01, 0xb9, 0x01, 0xba,
  0x01, 0xbb, 0x01, 0xbc, 0x01, 0xbd, 0x01, 0xbe, 0x01, 0xc0, 0x01, 0xc1,
  0x01, 0xc2, 0x01, 0xc3, 0x01, 0xc5, 0x01, 0xc6, 0x01, 0xc7, 0x01, 0xca,
  0x01, 0xcb, 0x01, 0xcc, 0x01, 0xcd, 0x01, 0xce, 0x01, 0xcf, 0x01, 0xd0,
  0x01, 0xd1, 0x01, 0xd2, 0x01, 0xd3, 0x01, 0xd4, 0x01, 0xd5, 0x01, 0xd6,
  0x01, 0xd7, 0x01, 0xd8, 0x01, 0xd9, 0x01, 0xda, 0x01, 0xdb, 0x01, 0xdc,
  0x01, 0xdd, 0x01, 0xde, 0x01, 0xdf, 0x01, 0xe0, 0x01, 0xe1, 0x01, 0xe2,
  0x00, 0x01, 0x05, 0x42, 0x00, 0x05, 0x00, 0x10, 0x00, 0x1a, 0x00, 0x40,
  0x00, 0x4a, 0x00, 0x54, 0x00, 0x01, 0x00, 0x04, 0x01, 0x6b, 0x00, 0x02,
  0x00, 0x4c, 0x00, 0x04, 0x00, 0x0a, 0x00, 0x12, 0x00, 0x1a, 0x00, 0x20,
  0x01, 0x6c, 0x00, 0x03, 0x00, 0xe5, 0x00, 0xf0, 0x01, 0x6d, 0x00, 0x03,
  0x00, 0xe5, 0x01, 0x03, 0x01, 0x69, 0x00, 0x02, 0x00, 0xf0, 0x01, 0x6a,
  0x00, 0x02, 0x01, 0x03, 0x00, 0x01, 0x00, 0x04, 0x01, 0x6e, 0x00, 0x02,
  0x00, 0xfe, 0x00, 0x01, 0x00, 0x04, 0x01, 0x6f, 0x00, 0x02, 0x00, 0xfe,
  0x00, 0x01, 0x00, 0x04, 0x02, 0x49, 0x00, 0x02, 0x02, 0x37, 0x00, 0x02,
  0x04, 0xf2, 0x00, 0xdd, 0x01, 0x71, 0x01, 0x72, 0x01, 0x73, 0x01, 0x74,
  0x01, 0x75, 0x01, 0x76, 0x01, 0x77, 0x01, 0x78, 0x01, 0x79, 0x01, 0x7a,
  0x01, 0x7b, 0x01, 0x7c, 0x01, 0x7d, 0x01, 0x7e, 0x01, 0x7f, 0x01, 0x80,
  0x01, 0x81, 0x01, 0x82, 0x01, 0x83, 0x01, 0x84, 0x01, 0x85, 0x01, 0x86,
  0x01, 0x87, 0x01, 0x88, 0x01, 0x89, 0x01, 0x8a, 0x01, 0x8b, 0x01, 0x8c,
  0x01, 0x8d, 0x01, 0x8e, 0x01, 0x8f, 0x01, 0x90, 0x01, 0x91, 0x01, 0x92,
  0x01, 0x94, 0x01, 0x95, 0x01, 0x96, 0x01, 0x97, 0x01, 0x98, 0x01, 0x99,
  0x01, 0x9a, 0x01, 0x9b, 0x01, 0x9c, 0x01, 0x9e, 0x01, 0x9f, 0x01, 0xa0,
  0x01, 0xa1, 0x01, 0xa3, 0x01, 0xa4, 0x01, 0xa5, 0x01, 0xa6, 0x01, 0xa7,
  0x01, 0xa8, 0x01, 0xa9, 0x01, 0xaa, 0x01, 0xab, 0x01, 0xad, 0x01, 0xae,
  0x01, 0xb0, 0x01, 0xb1, 0x01, 0xb2, 0x01, 0xb3, 0x01, 0xb4, 0x01, 0xb5,
  0x01, 0xb6, 0x01, 0xb7, 0x01, 0xb8, 0x01, 0xb9, 0x01, 0xba, 0x01, 0xbb,
  0x01, 0xbc, 0x01, 0xbd, 0x01, 0xbe, 0x01, 0xc0, 0x01, 0xc1, 0x01, 0xc2,
  0x01, 0xc3, 0x01, 0xc5, 0x01, 0xc6, 0x01, 0xc7, 0x01, 0xca, 0x01, 0xcb,
  0x01, 0xcc, 0x01, 0xcd, 0x01, 0xce, 0x01, 0xcf, 0x01, 0xd0, 0x01, 0xd1,
  0x01, 0xd2, 0x01, 0xd3, 0x01, 0xd4, 0x01, 0xd5, 0x01, 0xd6, 0x01, 0xd7,
  0x01, 0xd8, 0x01, 0xd9, 0x01, 0xda, 0x01, 0xdb, 0x01, 0xdc, 0x01, 0xdd,
  0x01, 0xde, 0x01, 0xdf, 0x01, 0xe0, 0x01, 0xe1, 0x01, 0xe2, 0x01, 0xc9,
  0x01, 0x71, 0x01, 0x72, 0x01, 0x73, 0x01, 0x74, 0x01, 0x75, 0x01, 0x76,
  0x01, 0x77, 0x01, 0x78, 0x01, 0x79, 0x01, 0x7a, 0x01, 0x7b, 0x01, 0x7c,
  0x01, 0x7d, 0x01, 0x7e, 0x01, 0x7f, 0x01, 0x80, 0x01, 0x81, 0x01, 0x82,
  0x01, 0x83, 0x01, 0x84, 0x01, 0x85, 0x01, 0x86, 0x01, 0x87, 0x01, 0x88,
  0x01, 0x89, 0x01, 0x8a, 0x01, 0x8b, 0x01, 0x8c, 0x01, 0x8d, 0x01, 0x8e,
  0x01, 0x8f, 0x01, 0x90, 0x01, 0x91, 0x01, 0x92, 0x01, 0x94, 0x01, 0x95,
  0x01, 0x96, 0x01, 0x98, 0x01, 0x99, 0x01, 0x9a, 0x01, 0x9b, 0x01, 0x9c,
  0x01, 0x9d, 0x01, 0x9e, 0x01, 0x9f, 0x01, 0xa1, 0x01, 0xa3, 0x01, 0xa4,
  0x01, 0xa5, 0x01, 0xa6, 0x01, 0xa7, 0x01, 0xa8, 0x01, 0xa9, 0x01, 0xaa,
  0x01, 0xab, 0x01, 0xad, 0x01, 0xae, 0x01, 0xb0, 0x01, 0xb1, 0x01, 0xb2,
  0x01, 0xb3, 0x01, 0xb4, 0x01, 0xb5, 0x01, 0xb6, 0x01, 0xb7, 0x01, 0xb8,
  0x01, 0xb9, 0x01, 0xba, 0x01, 0xbb, 0x01, 0xbc, 0x01, 0xbd, 0x01, 0xbe,
  0x01, 0xc0, 0x01, 0xc1, 0x01, 0xc2, 0x01, 0xc3, 0x01, 0xc5, 0x01, 0xc6,
  0x01, 0xc7, 0x01, 0xca, 0x01, 0xcb, 0x01, 0xcc, 0x01, 0xcd, 0x01, 0xce,
  0x01, 0xcf, 0x01, 0xd0, 0x01, 0xd1, 0x01, 0xd2, 0x01, 0xd3, 0x01, 0xd4,
  0x01, 0xd5, 0x01, 0xd6, 0x01, 0xd7, 0x01, 0xd8, 0x01, 0xd9, 0x01, 0xda,
  0x01, 0xdb, 0x01, 0xdc, 0x01, 0xdd, 0x01, 0xde, 0x01, 0xdf, 0x01, 0xe0,
  0x01, 0xe1, 0x01, 0xe2, 0x01, 0xfd, 0x01, 0xfe, 0x01, 0xff, 0x02, 0x00,
  0x02, 0x01, 0x02, 0x02, 0x02, 0x03, 0x02, 0x04, 0x02, 0x05, 0x02, 0x06,
  0x02, 0x1a, 0x00, 0x01, 0x04, 0xb0, 0x00, 0x1a, 0x00, 0x3a, 0x00, 0x40,
  0x00, 0x46, 0x00, 0x4c, 0x00, 0x54, 0x00, 0x5a, 0x00, 0x60, 0x00, 0x68,
  0x00, 0x72, 0x00, 0x7c, 0x00, 0x86, 0x00, 0x90, 0x00, 0x9a, 0x00, 0xa4,
  0x00, 0xae, 0x00, 0xb8, 0x00, 0xc2, 0x00, 0xc6, 0x00, 0xca, 0x00, 0xce,
  0x00, 0xd2, 0x00, 0xd6, 0x00, 0xda, 0x00, 0xde, 0x00, 0xe2, 0x00, 0xe6,
  0x00, 0x02, 0x01, 0xe3, 0x01, 0x70, 0x00, 0x02, 0x01, 0xe4, 0x01, 0xaf,
  0x00, 0x02, 0x01, 0xe3, 0x01, 0x70, 0x00, 0x03, 0x00, 0xf1, 0x00, 0xf6,
  0x01, 0x97, 0x00, 0x02, 0x00, 0xff, 0x01, 0xa0, 0x00, 0x02, 0x01, 0xe4,
  0x01, 0xaf, 0x00, 0x03, 0x02, 0x07, 0x01, 0xfd, 0x01, 0xf3, 0x00, 0x04,
  0x02, 0x11, 0x02, 0x08, 0x01, 0xfe, 0x01, 0xf4, 0x00, 0x04, 0x02, 0x12,
  0x02, 0x09, 0x01, 0xff, 0x01, 0xf5, 0x00, 0x04, 0x02, 0x13, 0x02, 0x0a,
  0x02, 0x00, 0x01, 0xf6, 0x00, 0x04, 0x02, 0x14, 0x02, 0x0b, 0x02, 0x01,
  0x01, 0xf7, 0x00, 0x04, 0x02, 0x15, 0x02, 0x0c, 0x02, 0x02, 0x01, 0xf8,
  0x00, 0x04, 0x02, 0x16, 0x02, 0x0d, 0x02, 0x03, 0x01, 0xf9, 0x00, 0x04,
  0x02, 0x17, 0x02, 0x0e, 0x02, 0x04, 0x01, 0xfa, 0x00, 0x04, 0x02, 0x18,
  0x02, 0x0f, 0x02, 0x05, 0x01, 0xfb, 0x00, 0x04, 0x02, 0x19, 0x02, 0x10,
  0x02, 0x06, 0x01, 0xfc, 0x00, 0x01, 0x01, 0xe9, 0x00, 0x01, 0x01, 0xea,
  0x00, 0x01, 0x01, 0xeb, 0x00, 0x01, 0x01, 0xec, 0x00, 0x01, 0x01, 0xed,
  0x00, 0x01, 0x01, 0xee, 0x00, 0x01, 0x01, 0xef, 0x00, 0x01, 0x01, 0xf0,
  0x00, 0x01, 0x01, 0xf1, 0x00, 0x01, 0x01, 0xf2, 0x00, 0x01, 0x00, 0x3a,
  0x00, 0x01, 0x00, 0x01, 0x00, 0x64, 0x00, 0x01, 0x00, 0x08, 0x00, 0x01,
  0x00, 0x04, 0x01, 0x07, 0x00, 0x02, 0x02, 0x2b, 0x00, 0x02, 0x03, 0xdc,
  0x00, 0x0e, 0x01, 0xe3, 0x01, 0xe4, 0x01, 0xe3, 0x01, 0xe4, 0x01, 0xfd,
  0x01, 0xfe, 0x01, 0xff, 0x02, 0x00, 0x02, 0x01, 0x02, 0x02, 0x02, 0x03,
  0x02, 0x04, 0x02, 0x05, 0x02, 0x06, 0x00, 0x01, 0x00, 0x02, 0x00, 0xf0,
  0x00, 0xfe, 0x00, 0x02, 0x00, 0x01, 0x02, 0x87, 0x02, 0x94, 0x00, 0x00,
  0x00, 0x02, 0x00, 0x02, 0x02, 0x95, 0x02, 0x96, 0x00, 0x00, 0x02, 0x98,
  0x02, 0x9d, 0x00, 0x02, 0x00, 0x01, 0x00, 0x02, 0x02, 0x8c, 0x02, 0x8e,
  0x00, 0x01, 0x00, 0x01, 0x00, 0xf0, 0x00, 0x01, 0x00, 0x01, 0x01, 0x03,
  0x00, 0x01, 0x00, 0x01, 0x02, 0x2b, 0x00, 0x02, 0x00, 0x01, 0x01, 0xea,
  0x01, 0xf2, 0x00, 0x00, 0x00, 0x02, 0x00, 0x01, 0x01, 0xe9, 0x01, 0xf2,
  0x00, 0x00, 0x00, 0x01, 0x00, 0x01, 0x02, 0x2f, 0x00, 0x01, 0x00, 0x01,
  0x02, 0x1a, 0x00, 0x02, 0x00, 0x01, 0x02, 0x07, 0x02, 0x10, 0x00, 0x00,
  0x00, 0x02, 0x00, 0x01, 0x01, 0xfd, 0x02, 0x06, 0x00, 0x00, 0x00, 0x01,
  0x00, 0x02, 0x00, 0x04, 0x00, 0xad, 0x00, 0x01, 0x00, 0x02, 0x00, 0x5a,
  0x01, 0x0f, 0x00, 0x02, 0x00, 0x01, 0x01, 0xf3, 0x01, 0xfc, 0x00, 0x00,
  0x00, 0x02, 0x00, 0x1b, 0x00, 0x04, 0x00, 0x06, 0x00, 0x00, 0x00, 0x0c,
  0x00, 0x0d, 0x00, 0x03, 0x00, 0x13, 0x00, 0x13, 0x00, 0x05, 0x00, 0x15,
  0x00, 0x15, 0x00, 0x06, 0x00, 0x17, 0x00, 0x20, 0x00, 0x07, 0x00, 0x22,
  0x00, 0x2b, 0x00, 0x11, 0x00, 0x31, 0x00, 0x32, 0x00, 0x1b, 0x00, 0x34,
  0x00, 0x34, 0x00, 0x1d, 0x00, 0x36, 0x00, 0x37, 0x00, 0x1e, 0x00, 0x39,
  0x00, 0x3b, 0x00, 0x20, 0x00, 0x3d, 0x00, 0x3f, 0x00, 0x23, 0x00, 0x41,
  0x00, 0x45, 0x00, 0x26, 0x00, 0x47, 0x00, 0x47, 0x00, 0x2b, 0x00, 0x49,
  0x00, 0x4a, 0x00, 0x2c, 0x00, 0x4c, 0x00, 0x4c, 0x00, 0x2e, 0x00, 0x4e,
  0x00, 0x5c, 0x00, 0x2f, 0x00, 0x62, 0x00, 0x62, 0x00, 0x3e, 0x00, 0x64,
  0x00, 0x64, 0x00, 0x3f, 0x00, 0x6c, 0x00, 0x7a, 0x00, 0x40, 0x00, 0x7d,
  0x00, 0x81, 0x00, 0x4f, 0x00, 0x83, 0x00, 0x84, 0x00, 0x54, 0x00, 0x86,
  0x00, 0x86, 0x00, 0x56, 0x00, 0x8e, 0x00, 0x91, 0x00, 0x57, 0x00, 0x93,
  0x00, 0x9d, 0x00, 0x5b, 0x00, 0x9f, 0x00, 0x9f, 0x00, 0x66, 0x00, 0xa2,
  0x00, 0xa5, 0x00, 0x67, 0x00, 0xac, 0x00, 0xac, 0x00, 0x6b, 0x00, 0x02,
  0x00, 0x22, 0x00, 0xad, 0x00, 0xaf, 0x00, 0x00, 0x00, 0xb5, 0x00, 0xb6,
  0x00, 0x03, 0x00, 0xbc, 0x00, 0xbc, 0x00, 0x05, 0x00, 0xbe, 0x00, 0xbe,
  0x00, 0x06, 0x00, 0xc0, 0x00, 0xc9, 0x00, 0x07, 0x00, 0xcb, 0x00, 0xd4,
  0x00, 0x11, 0x00, 0xda, 0x00, 0xdb, 0x00, 0x1b, 0x00, 0xdd, 0x00, 0xdd,
  0x00, 0x1d, 0x00, 0xdf, 0x00, 0xe0, 0x00, 0x1e, 0x00, 0xe5, 0x00, 0xe7,
  0x00, 0x20, 0x00, 0xea, 0x00, 0xea, 0x00, 0x23, 0x00, 0xec, 0x00, 0xed,
  0x00, 0x24, 0x00, 0xf0, 0x00, 0xf0, 0x00, 0x26, 0x00, 0xf2, 0x00, 0xf2,
  0x00, 0x27, 0x00, 0xf4, 0x00, 0xf6, 0x00, 0x28, 0x00, 0xf8, 0x00, 0xf8,
  0x00, 0x2b, 0x00, 0xfa, 0x00, 0xfc, 0x00, 0x2c, 0x00, 0xfe, 0x00, 0xfe,
  0x00, 0x2f, 0x01, 0x01, 0x01, 0x01, 0x00, 0x30, 0x01, 0x03, 0x01, 0x06,
  0x00, 0x31, 0x01, 0x08, 0x01, 0x10, 0x00, 0x35, 0x01, 0x12, 0x01, 0x12,
  0x00, 0x3e, 0x01, 0x18, 0x01, 0x18, 0x00, 0x3f, 0x01, 0x1a, 0x01, 0x1a,
  0x00, 0x40, 0x01, 0x22, 0x01, 0x24, 0x00, 0x41, 0x01, 0x26, 0x01, 0x31,
  0x00, 0x44, 0x01, 0x34, 0x01, 0x38, 0x00, 0x50, 0x01, 0x3b, 0x01, 0x3c,
  0x00, 0x55, 0x01, 0x3e, 0x01, 0x3e, 0x00, 0x57, 0x01, 0x46, 0x01, 0x47,
  0x00, 0x58, 0x01, 0x4f, 0x01, 0x50, 0x00, 0x5a, 0x01, 0x52, 0x01, 0x5c,
  0x00, 0x5c, 0x01, 0x5e, 0x01, 0x5e, 0x00, 0x67, 0x01, 0x61, 0x01, 0x64,
  0x00, 0x68, 0x00, 0x01, 0x00, 0x05, 0x00, 0x41, 0x00, 0xe5, 0x00, 0xe6,
  0x00, 0xf0, 0x02, 0x37, 0x00, 0x02, 0x00, 0x3f, 0x00, 0x05, 0x00, 0x06,
  0x00, 0x00, 0x00, 0x0c, 0x00, 0x0d, 0x00, 0x02, 0x00, 0x13, 0x00, 0x13,
  0x00, 0x04, 0x00, 0x15, 0x00, 0x15, 0x00, 0x05, 0x00, 0x17, 0x00, 0x20,
  0x00, 0x06, 0x00, 0x22, 0x00, 0x2b, 0x00, 0x10, 0x00, 0x31, 0x00, 0x32,
  0x00, 0x1a, 0x00, 0x34, 0x00, 0x34, 0x00, 0x1c, 0x00, 0x36, 0x00, 0x37,
  0x00, 0x1d, 0x00, 0x39, 0x00, 0x3b, 0x00, 0x1f, 0x00, 0x3d, 0x00, 0x3f,
  0x00, 0x22, 0x00, 0x41, 0x00, 0x45, 0x00, 0x25, 0x00, 0x47, 0x00, 0x47,
  0x00, 0x2a, 0x00, 0x49, 0x00, 0x4a, 0x00, 0x2b, 0x00, 0x4c, 0x00, 0x4c,
  0x00, 0x2d, 0x00, 0x4e, 0x00, 0x59, 0x00, 0x2e, 0x00, 0x5b, 0x00, 0x5c,
  0x00, 0x3a, 0x00, 0x62, 0x00, 0x62, 0x00, 0x3c, 0x00, 0x64, 0x00, 0x64,
  0x00, 0x3d, 0x00, 0x6c, 0x00, 0x7a, 0x00, 0x3e, 0x00, 0x7d, 0x00, 0x81,
  0x00, 0x4d, 0x00, 0x83, 0x00, 0x84, 0x00, 0x52, 0x00, 0x86, 0x00, 0x86,
  0x00, 0x54, 0x00, 0x8e, 0x00, 0x91, 0x00, 0x55, 0x00, 0x93, 0x00, 0x9d,
  0x00, 0x59, 0x00, 0x9f, 0x00, 0x9f, 0x00, 0x64, 0x00, 0xa2, 0x00, 0xa5,
  0x00, 0x65, 0x00, 0xac, 0x00, 0xac, 0x00, 0x69, 0x00, 0xae, 0x00, 0xaf,
  0x00, 0x6a, 0x00, 0xb5, 0x00, 0xb6, 0x00, 0x6c, 0x00, 0xbc, 0x00, 0xbc,
  0x00, 0x6e, 0x00, 0xbe, 0x00, 0xbe, 0x00, 0x6f, 0x00, 0xc0, 0x00, 0xc9,
  0x00, 0x70, 0x00, 0xcb, 0x00, 0xd4, 0x00, 0x7a, 0x00, 0xda, 0x00, 0xdb,
  0x00, 0x84, 0x00, 0xdd, 0x00, 0xdd, 0x00, 0x86, 0x00, 0xdf, 0x00, 0xe0,
  0x00, 0x87, 0x00, 0xe5, 0x00, 0xe7, 0x00, 0x89, 0x00, 0xea, 0x00, 0xea,
  0x00, 0x8c, 0x00, 0xec, 0x00, 0xed, 0x00, 0x8d, 0x00, 0xf2, 0x00, 0xf2,
  0x00, 0x8f, 0x00, 0xf4, 0x00, 0xf6, 0x00, 0x90, 0x00, 0xf8, 0x00, 0xf8,
  0x00, 0x93, 0x00, 0xfa, 0x00, 0xfc, 0x00, 0x94, 0x01, 0x01, 0x01, 0x01,
  0x00, 0x97, 0x01, 0x03, 0x01, 0x06, 0x00, 0x98, 0x01, 0x08, 0x01, 0x0e,
  0x00, 0x9c, 0x01, 0x10, 0x01, 0x10, 0x00, 0xa3, 0x01, 0x12, 0x01, 0x12,
  0x00, 0xa4, 0x01, 0x18, 0x01, 0x18, 0x00, 0xa5, 0x01, 0x1a, 0x01, 0x1a,
  0x00, 0xa6, 0x01, 0x22, 0x01, 0x24, 0x00, 0xa7, 0x01, 0x26, 0x01, 0x31,
  0x00, 0xaa, 0x01, 0x34, 0x01, 0x38, 0x00, 0xb6, 0x01, 0x3b, 0x01, 0x3c,
  0x00, 0xbb, 0x01, 0x3e, 0x01, 0x3e, 0x00, 0xbd, 0x01, 0x46, 0x01, 0x47,
  0x00, 0xbe, 0x01, 0x4f, 0x01, 0x50, 0x00, 0xc0, 0x01, 0x52, 0x01, 0x5c,
  0x00, 0xc2, 0x01, 0x5e, 0x01, 0x5e, 0x00, 0xcd, 0x01, 0x61, 0x01, 0x64,
  0x00, 0xce, 0x02, 0x07, 0x02, 0x10, 0x00, 0xd2, 0x02, 0x2f, 0x02, 0x2f,
  0x00, 0xdc, 0x00, 0x02, 0x00, 0x07, 0x00, 0x04, 0x00, 0x04, 0x00, 0x00,
  0x00, 0x5a, 0x00, 0x5a, 0x00, 0x01, 0x00, 0xad, 0x00, 0xad, 0x00, 0x02,
  0x00, 0xf0, 0x00, 0xf0, 0x00, 0x03, 0x00, 0xfe, 0x00, 0xfe, 0x00, 0x04,
  0x01, 0x0f, 0x01, 0x0f, 0x00, 0x05, 0x01, 0xe9, 0x01, 0xfc, 0x00, 0x06,
  0x00, 0x01, 0x00, 0x0e, 0x00, 0x04, 0x00, 0x5a, 0x00, 0xad, 0x01, 0x0f,
  0x02, 0x07, 0x02, 0x08, 0x02, 0x09, 0x02, 0x0a, 0x02, 0x0b, 0x02, 0x0c,
  0x02, 0x0d, 0x02, 0x0e, 0x02, 0x0f, 0x02, 0x10, 0x00, 0x04, 0x01, 0xa1,
  0x02, 0x58, 0x00, 0x03, 0x00, 0x00, 0x02, 0x8a, 0x02, 0x58, 0x00, 0x00,
  0x00, 0x4b, 0x02, 0x8a, 0x02, 0x58, 0x00, 0x00, 0x01, 0x5e, 0x00, 0x32,
  0x01, 0x32, 0x00, 0x00, 0x00, 0x00, 0x07, 0x06, 0x00, 0x00, 0x00, 0x00,
  0x00, 0x00, 0x20, 0x00, 0x00, 0x07, 0x00, 0x00, 0x00, 0x00, 0x00, 0x00,
  0x00, 0x00, 0x00, 0x00, 0x00, 0x00, 0x54, 0x52, 0x42, 0x59, 0x00, 0xc0,
  0x00, 0x00, 0xfb, 0x02, 0x03, 0xe8, 0xff, 0x38, 0x00, 0x00, 0x04, 0x33,
  0x01, 0x12, 0x20, 0x00, 0x01, 0x93, 0x00, 0x00, 0x00, 0x00, 0x01, 0xff,
  0x02, 0xbc, 0x00, 0x00, 0x00, 0x20, 0x00, 0x03, 0x00, 0x00, 0x00, 0x02,
  0x00, 0x00, 0x00, 0x03, 0x00, 0x00, 0x00, 0x14, 0x00, 0x03, 0x00, 0x01,
  0x00, 0x00, 0x00, 0x14, 0x00, 0x04, 0x06, 0x1a, 0x00, 0x00, 0x00, 0xa4,
  0x00, 0x80, 0x00, 0x06, 0x00, 0x24, 0x00, 0x00, 0x00, 0x0d, 0x00, 0x2f,
  0x00, 0x39, 0x00, 0x7e, 0x01, 0x13, 0x01, 0x2b, 0x01, 0x31, 0x01, 0x37,
  0x01, 0x3e, 0x01, 0x48, 0x01, 0x4d, 0x01, 0x7e, 0x01, 0x8f, 0x01, 0x92,
  0x01, 0xa1, 0x01, 0xb0, 0x01, 0xce, 0x01, 0xd4, 0x01, 0xe5, 0x01, 0xe7,
  0x01, 0xe9, 0x01, 0xef, 0x01, 0xff, 0x02, 0x1b, 0x02, 0x1f, 0x02, 0x29,
  0x02, 0x37, 0x02, 0x59, 0x02, 0x92, 0x02, 0xbc, 0x02, 0xc7, 0x02, 0xc9,
  0x02, 0xdd, 0x03, 0x04, 0x03, 0x0c, 0x03, 0x13, 0x03, 0x1b, 0x03, 0x23,
  0x03, 0x28, 0x03, 0x38, 0x03, 0x94, 0x03, 0xa9, 0x03, 0xbc, 0x03, 0xc0,
  0x1e, 0x85, 0x1e, 0xf9, 0x20, 0x10, 0x20, 0x14, 0x20, 0x1a, 0x20, 0x1e,
  0x20, 0x22, 0x20, 0x26, 0x20, 0x30, 0x20, 0x33, 0x20, 0x3a, 0x20, 0x44,
  0x20, 0x79, 0x20, 0xa3, 0x20, 0xac, 0x20, 0xba, 0x20, 0xbd, 0x21, 0x13,
  0x21, 0x22, 0x21, 0x26, 0x21, 0x2e, 0x21, 0x5e, 0x22, 0x02, 0x22, 0x06,
  0x22, 0x0f, 0x22, 0x12, 0x22, 0x15, 0x22, 0x1a, 0x22, 0x1e, 0x22, 0x2b,
  0x22, 0x48, 0x22, 0x60, 0x22, 0x65, 0x25, 0xca, 0x27, 0xe9, 0xfb, 0x02,
  0xff, 0xff, 0x00, 0x00, 0x00, 0x00, 0x00, 0x0d, 0x00, 0x20, 0x00, 0x30,
  0x00, 0x3a, 0x00, 0xa0, 0x01, 0x16, 0x01, 0x2d, 0x01, 0x33, 0x01, 0x39,
  0x01, 0x40, 0x01, 0x4a, 0x01, 0x4f, 0x01, 0x8f, 0x01, 0x92, 0x01, 0xa0,
  0x01, 0xaf, 0x01, 0xcd, 0x01, 0xd4, 0x01, 0xe5, 0x01, 0xe7, 0x01, 0xe9,
  0x01, 0xef, 0x01, 0xff, 0x02, 0x18, 0x02, 0x1f, 0x02, 0x28, 0x02, 0x37,
  0x02, 0x59, 0x02, 0x92, 0x02, 0xbb, 0x02, 0xc6, 0x02, 0xc9, 0x02, 0xd8,
  0x03, 0x00, 0x03, 0x06, 0x03, 0x12, 0x03, 0x1b, 0x03, 0x23, 0x03, 0x26,
  0x03, 0x35, 0x03, 0x94, 0x03, 0xa9, 0x03, 0xbc, 0x03, 0xc0, 0x1e, 0x80,
  0x1e, 0xa0, 0x20, 0x10, 0x20, 0x13, 0x20, 0x18, 0x20, 0x1c, 0x20, 0x20,
  0x20, 0x26, 0x20, 0x30, 0x20, 0x32, 0x20, 0x39, 0x20, 0x44, 0x20, 0x74,
  0x20, 0xa3, 0x20, 0xac, 0x20, 0xba, 0x20, 0xbd, 0x21, 0x13, 0x21, 0x22,
  0x21, 0x26, 0x21, 0x2e, 0x21, 0x5b, 0x22, 0x02, 0x22, 0x06, 0x22, 0x0f,
  0x22, 0x11, 0x22, 0x15, 0x22, 0x19, 0x22, 0x1e, 0x22, 0x2b, 0x22, 0x48,
  0x22, 0x60, 0x22, 0x64, 0x25, 0xca, 0x27, 0xe9, 0xfb, 0x01, 0xff, 0xff,
  0x00, 0x01, 0xff, 0xf5, 0x00, 0x00, 0x01, 0xb9, 0x00, 0x00, 0x00, 0x00,
  0x00, 0x00, 0x00, 0x00, 0x00, 0x00, 0x00, 0x00, 0x00, 0x00, 0x00, 0x00,
  0x00, 0x00, 0xfe, 0xed, 0x00, 0xbe, 0x00, 0x00, 0x00, 0x00, 0x00, 0x00,
  0xff, 0x66, 0xff, 0x06, 0xff, 0x01, 0xff, 0x19, 0xfe, 0xf5, 0xff, 0x26,
  0x00, 0x00, 0xfe, 0xcf, 0x00, 0x00, 0xfe, 0xc8, 0xfe, 0x89, 0xfe, 0x51,
  0x00, 0x00, 0x00, 0x00, 0xff, 0xbd, 0x00, 0x00, 0x00, 0x00, 0x00, 0x00,
  0xff, 0x81, 0xff, 0x7a, 0xff, 0x73, 0xff, 0x71, 0xff, 0x65, 0xfe, 0x51,
  0xfe, 0x3d, 0xfe, 0x2b, 0xfe, 0x28, 0x00, 0x00, 0x00, 0x00, 0xe2, 0x2b,
  0xe2, 0x26, 0x00, 0x00, 0x00, 0x00, 0x00, 0x00, 0xe2, 0x00, 0xe2, 0x41,
  0xe2, 0x49, 0xe2, 0x0c, 0xe1, 0xd6, 0xe1, 0xa0, 0xe1, 0xae, 0xe1, 0xa3,
  0xe1, 0x99, 0xe1, 0x97, 0xe1, 0x6d, 0xe1, 0x57, 0xe1, 0x43, 0xe1, 0x54,
  0xe0, 0xc3, 0xe0, 0x6d, 0xe0, 0x64, 0xe0, 0x5c, 0x00, 0x00, 0xe0, 0x42,
  0x00, 0x00, 0xe0, 0x49, 0xe0, 0x3d, 0xe0, 0x1b, 0xdf, 0xfd, 0x00, 0x00,
  0xdc, 0xa8, 0xda, 0x61, 0x06, 0x68, 0x00, 0x01, 0x00, 0x00, 0x00, 0x00,
  0x00, 0xa0, 0x00, 0x00, 0x00, 0xbc, 0x01, 0x44, 0x02, 0x2a, 0x02, 0x54,
  0x02, 0x5c, 0x02, 0x64, 0x02, 0x6e, 0x02, 0x7e, 0x02, 0x84, 0x00, 0x00,
  0x00, 0x00, 0x02, 0xde, 0x02, 0xe0, 0x02, 0xe2, 0x00, 0x00, 0x00, 0x00,
  0x00, 0x00, 0x00, 0x00, 0x00, 0x00, 0x00, 0x00, 0x02, 0xd8, 0x00, 0x00,
  0x02, 0xdc, 0x00, 0x00, 0x00, 0x00, 0x00, 0x00, 0x02, 0xd8, 0x02, 0xda,
  0x00, 0x00, 0x02, 0xda, 0x02, 0xe4, 0x02, 0xec, 0x00, 0x00, 0x00, 0x00,
  0x00, 0x00, 0x00, 0x00, 0x00, 0x00, 0x00, 0x00, 0x00, 0x00, 0x00, 0x00,
  0x00, 0x00, 0x02, 0xe6, 0x02, 0xf0, 0x00, 0x00, 0x00, 0x00, 0x03, 0x9e,
  0x03, 0xa2, 0x03, 0xa6, 0x00, 0x00, 0x00, 0x00, 0x00, 0x00, 0x00, 0x00,
  0x00, 0x00, 0x00, 0x00, 0x00, 0x00, 0x00, 0x00, 0x00, 0x00, 0x00, 0x00,
  0x00, 0x00, 0x00, 0x00, 0x00, 0x00, 0x00, 0x00, 0x00, 0x00, 0x00, 0x00,
  0x00, 0x00, 0x00, 0x00, 0x03, 0x86, 0x00, 0x00, 0x03, 0x86, 0x00, 0x00,
  0x00, 0x00, 0x00, 0x00, 0x00, 0x00, 0x03, 0x80, 0x00, 0x00, 0x00, 0x00,
  0x00, 0x00, 0x00, 0x00, 0x00, 0x03, 0x02, 0x27, 0x02, 0x47, 0x02, 0x2e,
  0x02, 0x4e, 0x02, 0x70, 0x02, 0x74, 0x02, 0x48, 0x02, 0x31, 0x02, 0x32,
  0x02, 0x2d, 0x02, 0x58, 0x02, 0x23, 0x02, 0x37, 0x02, 0x22, 0x02, 0x2f,
  0x02, 0x24, 0x02, 0x25, 0x02, 0x5f, 0x02, 0x5c, 0x02, 0x5e, 0x02, 0x29,
  0x02, 0x73, 0x00, 0x04, 0x00, 0x1c, 0x00, 0x1d, 0x00, 0x23, 0x00, 0x27,
  0x00, 0x39, 0x00, 0x3a, 0x00, 0x3e, 0x00, 0x41, 0x00, 0x4c, 0x00, 0x4e,
  0x00, 0x4f, 0x00, 0x54, 0x00, 0x55, 0x00, 0x5a, 0x00, 0x71, 0x00, 0x73,
  0x00, 0x74, 0x00, 0x77, 0x00, 0x7d, 0x00, 0x80, 0x00, 0x93, 0x00, 0x94,
  0x00, 0x99, 0x00, 0x9a, 0x00, 0xa2, 0x02, 0x35, 0x02, 0x30, 0x02, 0x36,
  0x02, 0x66, 0x02, 0x3c, 0x02, 0xa5, 0x00, 0xad, 0x00, 0xc5, 0x00, 0xc6,
  0x00, 0xcc, 0x00, 0xd0, 0x00, 0xe5, 0x00, 0xe6, 0x00, 0xec, 0x00, 0xf0,
  0x00, 0xfe, 0x01, 0x01, 0x01, 0x03, 0x01, 0x09, 0x01, 0x0a, 0x01, 0x0f,
  0x01, 0x28, 0x01, 0x2a, 0x01, 0x2b, 0x01, 0x2e, 0x01, 0x34, 0x01, 0x37,
  0x01, 0x52, 0x01, 0x53, 0x01, 0x58, 0x01, 0x59, 0x01, 0x61, 0x02, 0x33,
  0x02, 0x7d, 0x02, 0x34, 0x02, 0x65, 0x02, 0x4b, 0x02, 0x28, 0x02, 0x4c,
  0x02, 0x52, 0x02, 0x4d, 0x02, 0x55, 0x02, 0x7e, 0x02, 0x76, 0x02, 0xa3,
  0x02, 0x77, 0x01, 0xe3, 0x02, 0x43, 0x02, 0x64, 0x02, 0x38, 0x02, 0x78,
  0x02, 0xa7, 0x02, 0x7a, 0x02, 0x62, 0x02, 0x12, 0x02, 0x13, 0x02, 0x9e,
  0x02, 0x6e, 0x02, 0x75, 0x02, 0x2b, 0x02, 0xa1, 0x02, 0x11, 0x01, 0xe4,
  0x02, 0x44, 0x02, 0x1c, 0x02, 0x1b, 0x02, 0x1d, 0x02, 0x2a, 0x00, 0x15,
  0x00, 0x05, 0x00, 0x0d, 0x00, 0x1a, 0x00, 0x13, 0x00, 0x19, 0x00, 0x1b,
  0x00, 0x20, 0x00, 0x34, 0x00, 0x28, 0x00, 0x2b, 0x00, 0x31, 0x00, 0x47,
  0x00, 0x42, 0x00, 0x43, 0x00, 0x44, 0x00, 0x24, 0x00, 0x59, 0x00, 0x64,
  0x00, 0x5b, 0x00, 0x5c, 0x00, 0x6f, 0x00, 0x62, 0x02, 0x5a, 0x00, 0x6e,
  0x00, 0x86, 0x00, 0x81, 0x00, 0x83, 0x00, 0x84, 0x00, 0x9b, 0x00, 0x72,
  0x01, 0x33, 0x00, 0xbe, 0x00, 0xae, 0x00, 0xb6, 0x00, 0xc3, 0x00, 0xbc,
  0x00, 0xc2, 0x00, 0xc4, 0x00, 0xc9, 0x00, 0xdd, 0x00, 0xd1, 0x00, 0xd4,
  0x00, 0xda, 0x00, 0xf8, 0x00, 0xf2, 0x00, 0xf4, 0x00, 0xf5, 0x00, 0xcd,
  0x01, 0x0e, 0x01, 0x1a, 0x01, 0x10, 0x01, 0x12, 0x01, 0x26, 0x01, 0x18,
  0x02, 0x5b, 0x01, 0x24, 0x01, 0x3e, 0x01, 0x38, 0x01, 0x3b, 0x01, 0x3c,
  0x01, 0x5a, 0x01, 0x29, 0x01, 0x5c, 0x00, 0x17, 0x00, 0xc0, 0x00, 0x06,
  0x00, 0xaf, 0x00, 0x18, 0x00, 0xc1, 0x00, 0x1e, 0x00, 0xc7, 0x00, 0x21,
  0x00, 0xca, 0x00, 0x22, 0x00, 0xcb, 0x00, 0x1f, 0x00, 0xc8, 0x00, 0x25,
  0x00, 0xce, 0x00, 0x26, 0x00, 0xcf, 0x00, 0x36, 0x00, 0xdf, 0x00, 0x32,
  0x00, 0xdb, 0x00, 0x37, 0x00, 0xe0, 0x00, 0x29, 0x00, 0xd2, 0x00, 0x3c,
  0x00, 0xe9, 0x00, 0x3b, 0x00, 0xe7, 0x00, 0x3d, 0x00, 0xea, 0x00, 0xa6,
  0x01, 0x48, 0x00, 0x40, 0x00, 0xef, 0x00, 0x3f, 0x00, 0xed, 0x00, 0x4b,
  0x00, 0xfd, 0x00, 0x49, 0x00, 0xfb, 0x00, 0xf3, 0x00, 0x4a, 0x00, 0xfc,
  0x00, 0x45, 0x00, 0xf1, 0x00, 0xfa, 0x00, 0x4d, 0x01, 0x00, 0x00, 0xa7,
  0x01, 0x49, 0x00, 0x50, 0x01, 0x04, 0x00, 0x52, 0x01, 0x06, 0x00, 0x51,
  0x01, 0x05, 0x01, 0x07, 0x00, 0x53, 0x01, 0x08, 0x00, 0x56, 0x01, 0x0b,
  0x00, 0xa8, 0x01, 0x4a, 0x00, 0x57, 0x01, 0x0c, 0x00, 0x58, 0x01, 0x0d,
  0x00, 0x6d, 0x01, 0x23, 0x01, 0x11, 0x00, 0x6c, 0x01, 0x22, 0x00, 0x70,
  0x01, 0x27, 0x00, 0x75, 0x01, 0x2c, 0x00, 0xa9, 0x01, 0x4b, 0x00, 0x76,
  0x01, 0x2d, 0x00, 0x78, 0x01, 0x2f, 0x00, 0x7b, 0x01, 0x32, 0x00, 0x7a,
  0x01, 0x31, 0x00, 0x79, 0x01, 0x30, 0x00, 0xaa, 0x01, 0x4c, 0x00, 0x7f,
  0x01, 0x36, 0x00, 0x7e, 0x01, 0x35, 0x00, 0x92, 0x01, 0x51, 0x00, 0x8f,
  0x01, 0x47, 0x00, 0x82, 0x01, 0x39, 0x00, 0x91, 0x01, 0x50, 0x00, 0x8e,
  0x01, 0x46, 0x00, 0x90, 0x01, 0x4f, 0x00, 0x96, 0x01, 0x55, 0x00, 0x9c,
  0x01, 0x5b, 0x00, 0x9d, 0x00, 0xa3, 0x01, 0x62, 0x00, 0xa5, 0x01, 0x64,
  0x00, 0xa4, 0x01, 0x63, 0x00, 0x66, 0x01, 0x1c, 0x00, 0x88, 0x01, 0x40,
  0x00, 0x0c, 0x00, 0xb5, 0x00, 0xab, 0x01, 0x4d, 0x00, 0xac, 0x01, 0x4e,
  0x00, 0x2a, 0x00, 0xd3, 0x02, 0x85, 0x02, 0x84, 0x02, 0xa2, 0x02, 0xa0,
  0x02, 0x9f, 0x02, 0xa4, 0x02, 0xa9, 0x02, 0xa8, 0x02, 0xaa, 0x02, 0xa6,
  0x02, 0x89, 0x02, 0x8a, 0x02, 0x8c, 0x02, 0x90, 0x02, 0x91, 0x02, 0x8e,
  0x02, 0x88, 0x02, 0x87, 0x02, 0x92, 0x02, 0x8f, 0x02, 0x8b, 0x02, 0x8d,
  0x00, 0x98, 0x01, 0x57, 0x00, 0x95, 0x01, 0x54, 0x00, 0x97, 0x01, 0x56,
  0x00, 0x14, 0x00, 0xbd, 0x00, 0x16, 0x00, 0xbf, 0x00, 0x0e, 0x00, 0xb7,
  0x00, 0x10, 0x00, 0xb9, 0x00, 0x11, 0x00, 0xba, 0x00, 0x12, 0x00, 0xbb,
  0x00, 0x0f, 0x00, 0xb8, 0x00, 0x07, 0x00, 0xb0, 0x00, 0x09, 0x00, 0xb2,
  0x00, 0x0a, 0x00, 0xb3, 0x00, 0x0b, 0x00, 0xb4, 0x00, 0x08, 0x00, 0xb1,
  0x00, 0x33, 0x00, 0xdc, 0x00, 0x35, 0x00, 0xde, 0x00, 0x38, 0x00, 0xe1,
  0x00, 0x2c, 0x00, 0xd5, 0x00, 0x2e, 0x00, 0xd7, 0x00, 0x2f, 0x00, 0xd8,
  0x00, 0x30, 0x00, 0xd9, 0x00, 0x2d, 0x00, 0xd6, 0x00, 0x48, 0x00, 0xf9,
  0x00, 0x46, 0x00, 0xf7, 0x00, 0x63, 0x01, 0x19, 0x00, 0x65, 0x01, 0x1b,
  0x00, 0x5d, 0x01, 0x13, 0x00, 0x5f, 0x01, 0x15, 0x00, 0x60, 0x01, 0x16,
  0x00, 0x61, 0x01, 0x17, 0x00, 0x5e, 0x01, 0x14, 0x00, 0x67, 0x01, 0x1d,
  0x00, 0x69, 0x01, 0x1f, 0x00, 0x6a, 0x01, 0x20, 0x00, 0x6b, 0x01, 0x21,
  0x00, 0x68, 0x01, 0x1e, 0x00, 0x85, 0x01, 0x3d, 0x00, 0x87, 0x01, 0x3f,
  0x00, 0x89, 0x01, 0x41, 0x00, 0x8b, 0x01, 0x43, 0x00, 0x8c, 0x01, 0x44,
  0x00, 0x8d, 0x01, 0x45, 0x00, 0x8a, 0x01, 0x42, 0x00, 0x9f, 0x01, 0x5e,
  0x00, 0x9e, 0x01, 0x5d, 0x00, 0xa0, 0x01, 0x5f, 0x00, 0xa1, 0x01, 0x60,
  0x02, 0x41, 0x02, 0x42, 0x02, 0x3d, 0x02, 0x3f, 0x02, 0x40, 0x02, 0x3e,
  0x02, 0x7f, 0x02, 0x81, 0x02, 0x2c, 0x02, 0x6c, 0x02, 0x59, 0x02, 0x56,
  0x02, 0x6d, 0x02, 0x61, 0x02, 0x60, 0x00, 0x00, 0x00, 0x03, 0x00, 0x00,
  0x00, 0x00, 0x01, 0x7d, 0x02, 0xbc, 0x00, 0x0b, 0x00, 0x34, 0x00, 0x40,
  0x00, 0x54, 0x40, 0x51, 0x0a, 0x05, 0x02, 0x04, 0x01, 0x30, 0x01, 0x05,
  0x03, 0x0b, 0x04, 0x02, 0x00, 0x07, 0x03, 0x4c, 0x00, 0x02, 0x04, 0x03,
  0x04, 0x02, 0x03, 0x80, 0x00, 0x03, 0x05, 0x04, 0x03, 0x05, 0x7e, 0x00,
  0x01, 0x00, 0x04, 0x02, 0x01, 0x04, 0x69, 0x00, 0x05, 0x00, 0x06, 0x07,
  0x05, 0x06, 0x69, 0x08, 0x01, 0x07, 0x00, 0x00, 0x07, 0x59, 0x08, 0x01,
  0x07, 0x07, 0x00, 0x5f, 0x00, 0x00, 0x07, 0x00, 0x4f, 0x35, 0x35, 0x35,
  0x40, 0x35, 0x3f, 0x25, 0x2b, 0x26, 0x24, 0x2f, 0x15, 0x11, 0x09, 0x06,
  0x1d, 0x2b, 0x30, 0x33, 0x21, 0x32, 0x35, 0x11, 0x34, 0x23, 0x21, 0x22,
  0x15, 0x11, 0x36, 0x26, 0x35, 0x35, 0x34, 0x36, 0x37, 0x36, 0x36, 0x35,
  0x34, 0x26, 0x23, 0x22, 0x06, 0x15, 0x15, 0x14, 0x23, 0x27, 0x22, 0x26,
  0x35, 0x35, 0x34, 0x36, 0x33, 0x32, 0x16, 0x15, 0x14, 0x06, 0x07, 0x06,
  0x06, 0x15, 0x15, 0x14, 0x06, 0x23, 0x23, 0x16, 0x26, 0x35, 0x34, 0x36,
  0x33, 0x32, 0x16, 0x15, 0x14, 0x06, 0x23, 0x05, 0x01, 0x73, 0x05, 0x05,
  0xfe, 0x8d, 0x05, 0x97, 0x07, 0x1b, 0x1b, 0x17, 0x16, 0x19, 0x16, 0x17,
  0x1b, 0x0c, 0x3b, 0x05, 0x07, 0x4b, 0x3c, 0x3b, 0x46, 0x1f, 0x1e, 0x14,
  0x13, 0x07, 0x05, 0x3b, 0x08, 0x1d, 0x1d, 0x16, 0x16, 0x1c, 0x1c, 0x16,
  0x05, 0x02, 0xb2, 0x05, 0x05, 0xfd, 0x4e, 0xed, 0x07, 0x05, 0x1a, 0x22,
  0x29, 0x19, 0x16, 0x20, 0x19, 0x1d, 0x21, 0x23, 0x1d, 0x0b, 0x0b, 0x03,
  0x07, 0x05, 0x07, 0x3e, 0x4d, 0x49, 0x3d, 0x2d, 0x32, 0x1c, 0x12, 0x1b,
  0x13, 0x15, 0x05, 0x07, 0x99, 0x1d, 0x16, 0x16, 0x1c, 0x1c, 0x16, 0x16,
  0x1d, 0x00, 0x00, 0x00, 0x00, 0x02, 0x00, 0x0b, 0x00, 0x00, 0x01, 0xba,
  0x02, 0xbc, 0x00, 0x18, 0x00, 0x22, 0x00, 0x30, 0x40, 0x2d, 0x1e, 0x01,
  0x04, 0x02, 0x14, 0x01, 0x01, 0x00, 0x02, 0x4c, 0x00, 0x04, 0x00, 0x00,
  0x01, 0x04, 0x00, 0x68, 0x00, 0x02, 0x02, 0x3c, 0x4d, 0x05, 0x03, 0x02,
  0x01, 0x01, 0x3d, 0x01, 0x4e, 0x00, 0x00, 0x1b, 0x1a, 0x00, 0x18, 0x00,
  0x16, 0x33, 0x34, 0x14, 0x06, 0x0a, 0x19, 0x2b, 0x20, 0x27, 0x27, 0x34,
  0x23, 0x23, 0x22, 0x15, 0x07, 0x06, 0x23, 0x23, 0x22, 0x37, 0x13, 0x36,
  0x33, 0x33, 0x32, 0x17, 0x13, 0x15, 0x14, 0x23, 0x23, 0x26, 0x33, 0x33,
  0x32, 0x27, 0x03, 0x26, 0x22, 0x07, 0x03, 0x01, 0x46, 0x01, 0x13, 0x06,
  0x92, 0x06, 0x13, 0x01, 0x0c, 0x5b, 0x0e, 0x03, 0x94, 0x02, 0x0b, 0x6a,
  0x0b, 0x02, 0x94, 0x0b, 0x5d, 0xad, 0x06, 0x6f, 0x06, 0x01, 0x3a, 0x01,
  0x04, 0x01, 0x39, 0x0b, 0x69, 0x05, 0x05, 0x69, 0x0b, 0x0d, 0x02, 0xa4,
  0x0b, 0x0b, 0xfd, 0x5c, 0x04, 0x09, 0xd4, 0x05, 0x01, 0x3c, 0x03, 0x03,
  0xfe, 0xc4, 0x00, 0x00, 0xff, 0xff, 0x00, 0x0b, 0x00, 0x00, 0x01, 0xba,
  0x03, 0x79, 0x00, 0x22, 0x00, 0x04, 0x00, 0x00, 0x01, 0x07, 0x02, 0x8a,
  0x01, 0x57, 0x00, 0xbd, 0x00, 0x08, 0xb1, 0x02, 0x01, 0xb0, 0xbd, 0xb0,
  0x35, 0x2b, 0x00, 0x00, 0xff, 0xff, 0x00, 0x0b, 0x00, 0x00, 0x01, 0xba,
  0x03, 0x57, 0x00, 0x22, 0x00, 0x04, 0x00, 0x00, 0x01, 0x07, 0x02, 0x9f,
  0x00, 0x61, 0x00, 0xbd, 0x00, 0x08, 0xb1, 0x02, 0x01, 0xb0, 0xbd, 0xb0,
  0x35, 0x2b, 0x00, 0x00, 0xff, 0xff, 0x00, 0x0b, 0x00, 0x00, 0x01, 0xba,
  0x04, 0x19, 0x00, 0x22, 0x00, 0x04, 0x00, 0x00, 0x01, 0x07, 0x02, 0xad,
  0x02, 0xb9, 0x00, 0xbd, 0x00, 0x08, 0xb1, 0x02, 0x02, 0xb0, 0xbd, 0xb0,
  0x35, 0x2b, 0x00, 0x00, 0xff, 0xff, 0x00, 0x0b, 0xff, 0x21, 0x01, 0xba,
  0x03, 0x69, 0x00, 0x22, 0x00, 0x04, 0x00, 0x00, 0x00, 0x23, 0x02, 0x96,
  0x01, 0x32, 0x00, 0x00, 0x01, 0x07, 0x02, 0x8e, 0x01, 0x68, 0x00, 0xbd,
  0x00, 0x08, 0xb1, 0x03, 0x01, 0xb0, 0xbd, 0xb0, 0x35, 0x2b, 0x00, 0x00,
  0xff, 0xff, 0x00, 0x0b, 0x00, 0x00, 0x01, 0xba, 0x04, 0x19, 0x00, 0x22,
  0x00, 0x04, 0x00, 0x00, 0x01, 0x07, 0x02, 0xae, 0x02, 0xb9, 0x00, 0xbd,
  0x00, 0x08, 0xb1, 0x02, 0x02, 0xb0, 0xbd, 0xb0, 0x35, 0x2b, 0x00, 0x00,
  0xff, 0xff, 0x00, 0x0b, 0x00, 0x00, 0x01, 0xba, 0x04, 0x30, 0x00, 0x22,
  0x00, 0x04, 0x00, 0x00, 0x01, 0x07, 0x02, 0xaf, 0x02, 0xb9, 0x00, 0xbd,
  0x00, 0x08, 0xb1, 0x02, 0x02, 0xb0, 0xbd, 0xb0, 0x35, 0x2b, 0x00, 0x00,
  0xff, 0xff, 0x00, 0x0b, 0x00, 0x00, 0x01, 0xba, 0x04, 0x08, 0x00, 0x22,
  0x00, 0x04, 0x00, 0x00, 0x01, 0x07, 0x02, 0xb0, 0x02, 0xb9, 0x00, 0xbd,
  0x00, 0x08, 0xb1, 0x02, 0x02, 0xb0, 0xbd, 0xb0, 0x35, 0x2b, 0x00, 0x00,
  0xff, 0xff, 0x00, 0x0b, 0x00, 0x00, 0x01, 0xba, 0x03, 0x77, 0x00, 0x22,
  0x00, 0x04, 0x00, 0x00, 0x01, 0x07, 0x02, 0x8d, 0x01, 0x82, 0x00, 0xbb,
  0x00, 0x08, 0xb1, 0x02, 0x01, 0xb0, 0xbb, 0xb0, 0x35, 0x2b, 0x00, 0x00,
  0xff, 0xff, 0x00, 0x0b, 0x00, 0x00, 0x01, 0xba, 0x03, 0x79, 0x00, 0x22,
  0x00, 0x04, 0x00, 0x00, 0x01, 0x07, 0x02, 0x8c, 0x01, 0x7f, 0x00, 0xbd,
  0x00, 0x08, 0xb1, 0x02, 0x01, 0xb0, 0xbd, 0xb0, 0x35, 0x2b, 0x00, 0x00,
  0xff, 0xff, 0x00, 0x0b, 0x00, 0x00, 0x02, 0x02, 0x03, 0xc9, 0x00, 0x22,
  0x00, 0x04, 0x00, 0x00, 0x01, 0x07, 0x02, 0xb1, 0x02, 0x8c, 0x00, 0xbd,
  0x00, 0x08, 0xb1, 0x02, 0x02, 0xb0, 0xbd, 0xb0, 0x35, 0x2b, 0x00, 0x00,
  0xff, 0xff, 0x00, 0x0b, 0xff, 0x21, 0x01, 0xba, 0x03, 0x79, 0x00, 0x22,
  0x00, 0x04, 0x00, 0x00, 0x00, 0x23, 0x02, 0x96, 0x01, 0x32, 0x00, 0x00,
  0x01, 0x07, 0x02, 0x8c, 0x01, 0x7f, 0x00, 0xbd, 0x00, 0x08, 0xb1, 0x03,
  0x01, 0xb0, 0xbd, 0xb0, 0x35, 0x2b, 0x00, 0x00, 0xff, 0xff, 0x00, 0x0b,
  0x00, 0x00, 0x01, 0xba, 0x03, 0xf1, 0x00, 0x22, 0x00, 0x04, 0x00, 0x00,
  0x01, 0x07, 0x02, 0xb2, 0x02, 0x9f, 0x00, 0xbd, 0x00, 0x08, 0xb1, 0x02,
  0x02, 0xb0, 0xbd, 0xb0, 0x35, 0x2b, 0x00, 0x00, 0xff, 0xff, 0x00, 0x0b,
  0x00, 0x00, 0x01, 0xce, 0x04, 0x17, 0x00, 0x22, 0x00, 0x04, 0x00, 0x00,
  0x01, 0x07, 0x02, 0xb3, 0x02, 0x9f, 0x00, 0xbd, 0x00, 0x08, 0xb1, 0x02,
  0x02, 0xb0, 0xbd, 0xb0, 0x35, 0x2b, 0x00, 0x00, 0xff, 0xff, 0x00, 0x0b,
  0x00, 0x00, 0x01, 0xba, 0x04, 0x0c, 0x00, 0x22, 0x00, 0x04, 0x00, 0x00,
  0x01, 0x07, 0x02, 0xb4, 0x02, 0x9f, 0x00, 0xbd, 0x00, 0x08, 0xb1, 0x02,
  0x02, 0xb0, 0xbd, 0xb0, 0x35, 0x2b, 0x00, 0x00, 0xff, 0xff, 0x00, 0x0b,
  0x00, 0x00, 0x01, 0xba, 0x03, 0x90, 0x00, 0x22, 0x00, 0x04, 0x00, 0x00,
  0x01, 0x07, 0x02, 0x87, 0x01, 0x80, 0x00, 0xbd, 0x00, 0x08, 0xb1, 0x02,
  0x02, 0xb0, 0xbd, 0xb0, 0x35, 0x2b, 0x00, 0x00, 0xff, 0xff, 0x00, 0x0b,
  0xff, 0x21, 0x01, 0xba, 0x02, 0xbc, 0x00, 0x22, 0x00, 0x04, 0x00, 0x00,
  0x00, 0x03, 0x02, 0x96, 0x01, 0x32, 0x00, 0x00, 0xff, 0xff, 0x00, 0x0b,
  0x00, 0x00, 0x01, 0xba, 0x03, 0x79, 0x00, 0x22, 0x00, 0x04, 0x00, 0x00,
  0x01, 0x07, 0x02, 0x89, 0x01, 0x15, 0x00, 0xbd, 0x00, 0x08, 0xb1, 0x02,
  0x01, 0xb0, 0xbd, 0xb0, 0x35, 0x2b, 0x00, 0x00, 0xff, 0xff, 0x00, 0x0b,
  0x00, 0x00, 0x01, 0xba, 0x03, 0xa7, 0x00, 0x22, 0x00, 0x04, 0x00, 0x00,
  0x01, 0x07, 0x02, 0x92, 0x02, 0x1d, 0x00, 0xbd, 0x00, 0x08, 0xb1, 0x02,
  0x01, 0xb0, 0xbd, 0xb0, 0x35, 0x2b, 0x00, 0x00, 0xff, 0xff, 0x00, 0x0b,
  0x00, 0x00, 0x01, 0xba, 0x03, 0x57, 0x00, 0x22, 0x00, 0x04, 0x00, 0x00,
  0x01, 0x07, 0x02, 0xa7, 0x00, 0x1e, 0x00, 0xbd, 0x00, 0x08, 0xb1, 0x02,
  0x01, 0xb0, 0xbd, 0xb0, 0x35, 0x2b, 0x00, 0x00, 0xff, 0xff, 0x00, 0x0b,
  0xff, 0x43, 0x01, 0xc1, 0x02, 0xbc, 0x00, 0x22, 0x00, 0x04, 0x00, 0x00,
  0x00, 0x03, 0x02, 0xa8, 0x01, 0x3b, 0x00, 0x00, 0xff, 0xff, 0x00, 0x0b,
  0x00, 0x00, 0x01, 0xba, 0x03, 0xe2, 0x00, 0x22, 0x00, 0x04, 0x00, 0x00,
  0x01, 0x07, 0x02, 0x8f, 0x01, 0x4c, 0x00, 0xbd, 0x00, 0x08, 0xb1, 0x02,
  0x02, 0xb0, 0xbd, 0xb0, 0x35, 0x2b, 0x00, 0x00, 0xff, 0xff, 0x00, 0x0b,
  0x00, 0x00, 0x01, 0xba, 0x03, 0x80, 0x00, 0x22, 0x00, 0x04, 0x00, 0x00,
  0x01, 0x07, 0x02, 0x90, 0x01, 0x83, 0x00, 0xbd, 0x00, 0x08, 0xb1, 0x02,
  0x01, 0xb0, 0xbd, 0xb0, 0x35, 0x2b, 0x00, 0x00, 0x00, 0x02, 0x00, 0x0f,
  0x00, 0x00, 0x02, 0xbf, 0x02, 0xbc, 0x00, 0x37, 0x00, 0x42, 0x00, 0x53,
  0x40, 0x50, 0x37, 0x01, 0x00, 0x07, 0x3e, 0x06, 0x05, 0x03, 0x01, 0x00,
  0x0d, 0x01, 0x02, 0x01, 0x3d, 0x13, 0x02, 0x08, 0x02, 0x23, 0x14, 0x02,
  0x03, 0x05, 0x1b, 0x01, 0x04, 0x03, 0x06, 0x4c, 0x00, 0x01, 0x00, 0x02,
  0x08, 0x01, 0x02, 0x67, 0x00, 0x08, 0x00, 0x05, 0x03, 0x08, 0x05, 0x67,
  0x00, 0x00, 0x00, 0x07, 0x5f, 0x00, 0x07, 0x07, 0x3c, 0x4d, 0x00, 0x03,
  0x03, 0x04, 0x5f, 0x06, 0x01, 0x04, 0x04, 0x3d, 0x04, 0x4e, 0x17, 0x25,
  0x24, 0x16, 0x26, 0x15, 0x26, 0x15, 0x21, 0x09, 0x0a, 0x1f, 0x2b, 0x00,
  0x06, 0x23, 0x23, 0x22, 0x15, 0x15, 0x14, 0x33, 0x33, 0x32, 0x16, 0x15,
  0x15, 0x14, 0x06, 0x23, 0x23, 0x22, 0x15, 0x15, 0x14, 0x33, 0x33, 0x32,
  0x16, 0x15, 0x15, 0x14, 0x06, 0x23, 0x21, 0x22, 0x26, 0x35, 0x35, 0x34,
  0x23, 0x23, 0x22, 0x07, 0x07, 0x06, 0x23, 0x23, 0x22, 0x26, 0x37, 0x01,
  0x36, 0x33, 0x21, 0x32, 0x16, 0x15, 0x15, 0x00, 0x16, 0x33, 0x33, 0x32,
  0x35, 0x13, 0x34, 0x22, 0x07, 0x03, 0x02, 0xbf, 0x07, 0x05, 0xd7, 0x05,
  0x05, 0x7f, 0x05, 0x07, 0x07, 0x05, 0x7f, 0x05, 0x05, 0xd7, 0x05, 0x07,
  0x07, 0x05, 0xfe, 0xbb, 0x05, 0x07, 0x05, 0xa3, 0x04, 0x02, 0x2b, 0x03,
  0x0b, 0x61, 0x07, 0x04, 0x02, 0x01, 0x1e, 0x04, 0x0a, 0x01, 0x76, 0x05,
  0x07, 0xfe, 0x1c, 0x03, 0x02, 0x7d, 0x05, 0x01, 0x04, 0x02, 0x81, 0x02,
  0x5f, 0x07, 0x05, 0xbd, 0x05, 0x07, 0x05, 0x4d, 0x05, 0x07, 0x05, 0xbe,
  0x05, 0x07, 0x05, 0x4c, 0x05, 0x07, 0x07, 0x05, 0x68, 0x05, 0x04, 0x6c,
  0x09, 0x08, 0x06, 0x02, 0xa5, 0x09, 0x07, 0x05, 0x4c, 0xfe, 0x74, 0x04,
  0x05, 0x01, 0x3f, 0x04, 0x03, 0xfe, 0xc1, 0x00, 0x00, 0x03, 0x00, 0x36,
  0x00, 0x00, 0x01, 0xb3, 0x02, 0xbc, 0x00, 0x15, 0x00, 0x22, 0x00, 0x2f,
  0x00, 0x43, 0x40, 0x40, 0x07, 0x01, 0x03, 0x01, 0x18, 0x17, 0x02, 0x02,
  0x03, 0x10, 0x01, 0x04, 0x02, 0x2c, 0x2b, 0x02, 0x05, 0x04, 0x04, 0x4c,
  0x00, 0x02, 0x00, 0x04, 0x05, 0x02, 0x04, 0x69, 0x00, 0x03, 0x03, 0x01,
  0x5f, 0x00, 0x01, 0x01, 0x3c, 0x4d, 0x06, 0x01, 0x05, 0x05, 0x00, 0x5f,
  0x00, 0x00, 0x00, 0x3d, 0x00, 0x4e, 0x23, 0x23, 0x23, 0x2f, 0x23, 0x2e,
  0x25, 0x24, 0x2e, 0x36, 0x21, 0x07, 0x0a, 0x1b, 0x2b, 0x24, 0x06, 0x23,
  0x23, 0x22, 0x26, 0x35, 0x11, 0x34, 0x36, 0x33, 0x33, 0x32, 0x16, 0x15,
  0x14, 0x07, 0x06, 0x17, 0x16, 0x16, 0x15, 0x00, 0x15, 0x15, 0x14, 0x33,
  0x33, 0x32, 0x36, 0x35, 0x34, 0x26, 0x23, 0x23, 0x12, 0x36, 0x35, 0x34,
  0x26, 0x23, 0x23, 0x22, 0x15, 0x15, 0x14, 0x33, 0x33, 0x01, 0xb3, 0x6b,
  0x56, 0xb0, 0x05, 0x07, 0x07, 0x05, 0x9e, 0x5f, 0x6c, 0x49, 0x05, 0x03,
  0x27, 0x2c, 0xfe, 0xf7, 0x05, 0x33, 0x29, 0x2e, 0x2e, 0x29, 0x33, 0x62,
  0x2e, 0x2e, 0x28, 0x3a, 0x05, 0x05, 0x3a, 0x64, 0x64, 0x07, 0x05, 0x02,
  0xa4, 0x05, 0x07, 0x60, 0x5c, 0x67, 0x2c, 0x03, 0x03, 0x19, 0x54, 0x3a,
  0x01, 0x98, 0x05, 0xba, 0x05, 0x32, 0x2e, 0x30, 0x34, 0xfe, 0x0d, 0x38,
  0x33, 0x34, 0x3b, 0x05, 0xd0, 0x05, 0x00, 0x00, 0x00, 0x01, 0x00, 0x2a,
  0xff, 0xf8, 0x01, 0xa4, 0x02, 0xc4, 0x00, 0x2a, 0x00, 0x70, 0x40, 0x0a,
  0x0a, 0x01, 0x01, 0x02, 0x1f, 0x01, 0x03, 0x04, 0x02, 0x4c, 0x4b, 0xb0,
  0x0a, 0x50, 0x58, 0x40, 0x23, 0x00, 0x01, 0x02, 0x04, 0x02, 0x01, 0x72,
  0x00, 0x04, 0x03, 0x03, 0x04, 0x70, 0x00, 0x02, 0x02, 0x00, 0x61, 0x00,
  0x00, 0x00, 0x42, 0x4d, 0x00, 0x03, 0x03, 0x05, 0x62, 0x06, 0x01, 0x05,
  0x05, 0x43, 0x05, 0x4e, 0x1b, 0x40, 0x25, 0x00, 0x01, 0x02, 0x04, 0x02,
  0x01, 0x04, 0x80, 0x00, 0x04, 0x03, 0x02, 0x04, 0x03, 0x7e, 0x00, 0x02,
  0x02, 0x00, 0x61, 0x00, 0x00, 0x00, 0x42, 0x4d, 0x00, 0x03, 0x03, 0x05,
  0x62, 0x06, 0x01, 0x05, 0x05, 0x43, 0x05, 0x4e, 0x59, 0x40, 0x0e, 0x00,
  0x00, 0x00, 0x2a, 0x00, 0x29, 0x25, 0x25, 0x24, 0x35, 0x25, 0x07, 0x0a,
  0x1b, 0x2b, 0x16, 0x26, 0x35, 0x11, 0x34, 0x36, 0x33, 0x32, 0x16, 0x15,
  0x15, 0x14, 0x06, 0x23, 0x07, 0x22, 0x35, 0x35, 0x34, 0x26, 0x23, 0x22,
  0x06, 0x15, 0x11, 0x14, 0x16, 0x33, 0x32, 0x36, 0x35, 0x35, 0x34, 0x36,
  0x33, 0x17, 0x32, 0x16, 0x15, 0x15, 0x14, 0x06, 0x23, 0x91, 0x67, 0x67,
  0x55, 0x56, 0x68, 0x07, 0x05, 0x5d, 0x0c, 0x28, 0x21, 0x20, 0x28, 0x28,
  0x20, 0x21, 0x28, 0x07, 0x05, 0x5d, 0x05, 0x07, 0x68, 0x56, 0x08, 0x67,
  0x55, 0x01, 0x55, 0x56, 0x65, 0x65, 0x56, 0x0c, 0x05, 0x08, 0x04, 0x0c,
  0x19, 0x23, 0x2c, 0x2c, 0x23, 0xfe, 0x9a, 0x23, 0x2c, 0x2c, 0x23, 0x19,
  0x05, 0x07, 0x04, 0x07, 0x05, 0x0c, 0x55, 0x67, 0xff, 0xff, 0x00, 0x2a,
  0xff, 0xf8, 0x01, 0xa4, 0x03, 0x79, 0x00, 0x22, 0x00, 0x1d, 0x00, 0x00,
  0x01, 0x07, 0x02, 0x8a, 0x01, 0x59, 0x00, 0xbd, 0x00, 0x08, 0xb1, 0x01,
  0x01, 0xb0, 0xbd, 0xb0, 0x35, 0x2b, 0x00, 0x00, 0xff, 0xff, 0x00, 0x2a,
  0xff, 0xf8, 0x01, 0xa4, 0x03, 0x79, 0x00, 0x22, 0x00, 0x1d, 0x00, 0x00,
  0x01, 0x07, 0x02, 0xa0, 0x00, 0x4e, 0x00, 0xbd, 0x00, 0x08, 0xb1, 0x01,
  0x01, 0xb0, 0xbd, 0xb0, 0x35, 0x2b, 0x00, 0x00, 0x00, 0x01, 0x00, 0x2a,
  0xff, 0x47, 0x01, 0xa4, 0x02, 0xc4, 0x00, 0x40, 0x00, 0x9a, 0x40, 0x0f,
  0x40, 0x01, 0x00, 0x01, 0x14, 0x01, 0x02, 0x03, 0x32, 0x1f, 0x02, 0x04,
  0x02, 0x03, 0x4c, 0x4b, 0xb0, 0x0a, 0x50, 0x58, 0x40, 0x23, 0x00, 0x00,
  0x01, 0x03, 0x01, 0x00, 0x72, 0x00, 0x03, 0x02, 0x01, 0x03, 0x02, 0x7e,
  0x00, 0x01, 0x01, 0x05, 0x61, 0x00, 0x05, 0x05, 0x42, 0x4d, 0x00, 0x02,
  0x02, 0x04, 0x61, 0x00, 0x04, 0x04, 0x41, 0x04, 0x4e, 0x1b, 0x4b, 0xb0,
  0x2e, 0x50, 0x58, 0x40, 0x24, 0x00, 0x00, 0x01, 0x03, 0x01, 0x00, 0x03,
  0x80, 0x00, 0x03, 0x02, 0x01, 0x03, 0x02, 0x7e, 0x00, 0x01, 0x01, 0x05,
  0x61, 0x00, 0x05, 0x05, 0x42, 0x4d, 0x00, 0x02, 0x02, 0x04, 0x61, 0x00,
  0x04, 0x04, 0x41, 0x04, 0x4e, 0x1b, 0x40, 0x21, 0x00, 0x00, 0x01, 0x03,
  0x01, 0x00, 0x03, 0x80, 0x00, 0x03, 0x02, 0x01, 0x03, 0x02, 0x7e, 0x00,
  0x02, 0x00, 0x04, 0x02, 0x04, 0x65, 0x00, 0x01, 0x01, 0x05, 0x61, 0x00,
  0x05, 0x05, 0x42, 0x01, 0x4e, 0x59, 0x59, 0x40, 0x0a, 0x3d, 0x3b, 0x2d,
  0x25, 0x25, 0x24, 0x31, 0x06, 0x0a, 0x1b, 0x2b, 0x00, 0x06, 0x23, 0x07,
  0x22, 0x35, 0x35, 0x34, 0x26, 0x23, 0x22, 0x06, 0x15, 0x11, 0x14, 0x16,
  0x33, 0x32, 0x36, 0x35, 0x35, 0x34, 0x36, 0x33, 0x17, 0x32, 0x16, 0x15,
  0x15, 0x14, 0x06, 0x07, 0x06, 0x17, 0x16, 0x15, 0x14, 0x06, 0x23, 0x22,
  0x27, 0x26, 0x37, 0x37, 0x36, 0x17, 0x16, 0x36, 0x37, 0x36, 0x35, 0x34,
  0x27, 0x27, 0x26, 0x26, 0x35, 0x11, 0x34, 0x36, 0x33, 0x32, 0x16, 0x15,
  0x15, 0x01, 0xa4, 0x07, 0x05, 0x5d, 0x0c, 0x28, 0x21, 0x20, 0x28, 0x28,
  0x20, 0x21, 0x28, 0x07, 0x05, 0x5d, 0x05, 0x07, 0x4e, 0x43, 0x06, 0x04,
  0x26, 0x31, 0x24, 0x14, 0x16, 0x09, 0x01, 0x05, 0x01, 0x0d, 0x0e, 0x15,
  0x04, 0x01, 0x2b, 0x05, 0x43, 0x4e, 0x67, 0x55, 0x56, 0x68, 0x01, 0xf8,
  0x08, 0x04, 0x0c, 0x19, 0x23, 0x2c, 0x2c, 0x23, 0xfe, 0x9a, 0x23, 0x2c,
  0x2c, 0x23, 0x19, 0x05, 0x07, 0x04, 0x07, 0x05, 0x0c, 0x49, 0x62, 0x0d,
  0x02, 0x04, 0x2c, 0x2d, 0x2f, 0x27, 0x06, 0x03, 0x0b, 0x23, 0x0c, 0x02,
  0x02, 0x0d, 0x11, 0x03, 0x06, 0x23, 0x29, 0x03, 0x0d, 0x61, 0x4a, 0x01,
  0x55, 0x56, 0x65, 0x65, 0x56, 0x0c, 0x00, 0x00, 0xff, 0xff, 0x00, 0x2a,
  0xff, 0xf8, 0x01, 0xa4, 0x03, 0x79, 0x00, 0x22, 0x00, 0x1d, 0x00, 0x00,
  0x01, 0x07, 0x02, 0x8c, 0x01, 0x81, 0x00, 0xbd, 0x00, 0x08, 0xb1, 0x01,
  0x01, 0xb0, 0xbd, 0xb0, 0x35, 0x2b, 0x00, 0x00, 0xff, 0xff, 0x00, 0x2a,
  0xff, 0xf8, 0x01, 0xa4, 0x03, 0x90, 0x00, 0x22, 0x00, 0x1d, 0x00, 0x00,
  0x01, 0x07, 0x02, 0x88, 0x01, 0x34, 0x00, 0xbd, 0x00, 0x08, 0xb1, 0x01,
  0x01, 0xb0, 0xbd, 0xb0, 0x35, 0x2b, 0x00, 0x00, 0x00, 0x02, 0x00, 0x36,
  0x00, 0x00, 0x01, 0xaa, 0x02, 0xbc, 0x00, 0x0f, 0x00, 0x1d, 0x00, 0x2a,
  0x40, 0x27, 0x03, 0x01, 0x03, 0x00, 0x1d, 0x1c, 0x02, 0x02, 0x03, 0x02,
  0x4c, 0x00, 0x03, 0x03, 0x00, 0x5f, 0x00, 0x00, 0x00, 0x3c, 0x4d, 0x00,
  0x02, 0x02, 0x01, 0x5f, 0x00, 0x01, 0x01, 0x3d, 0x01, 0x4e, 0x25, 0x22,
  0x25, 0x35, 0x04, 0x0a, 0x1a, 0x2b, 0x32, 0x26, 0x35, 0x11, 0x34, 0x36,
  0x33, 0x33, 0x32, 0x16, 0x15, 0x11, 0x14, 0x06, 0x23, 0x23, 0x36, 0x33,
  0x37, 0x32, 0x36, 0x37, 0x11, 0x34, 0x26, 0x23, 0x23, 0x22, 0x15, 0x11,
  0x3d, 0x07, 0x07, 0x05, 0xab, 0x56, 0x67, 0x67, 0x56, 0xab, 0x68, 0x05,
  0x3c, 0x21, 0x29, 0x01, 0x29, 0x23, 0x3b, 0x05, 0x07, 0x05, 0x02, 0xa4,
  0x05, 0x07, 0x68, 0x57, 0xfe, 0xc2, 0x57, 0x68, 0x64, 0x01, 0x35, 0x2c,
  0x01, 0x30, 0x2d, 0x35, 0x05, 0xfe, 0x16, 0x00, 0x00, 0x02, 0x00, 0x36,
  0x00, 0x00, 0x01, 0xcd, 0x02, 0xbc, 0x00, 0x1d, 0x00, 0x39, 0x00, 0x4e,
  0x40, 0x4b, 0x19, 0x01, 0x04, 0x03, 0x25, 0x24, 0x18, 0x03, 0x02, 0x04,
  0x2c, 0x12, 0x02, 0x01, 0x02, 0x33, 0x32, 0x0b, 0x03, 0x07, 0x01, 0x04,
  0x4c, 0x05, 0x01, 0x02, 0x06, 0x01, 0x01, 0x07, 0x02, 0x01, 0x69, 0x00,
  0x04, 0x04, 0x03, 0x5f, 0x08, 0x01, 0x03, 0x03, 0x3c, 0x4d, 0x00, 0x07,
  0x07, 0x00, 0x5f, 0x00, 0x00, 0x00, 0x3d, 0x00, 0x4e, 0x00, 0x00, 0x37,
  0x35, 0x30, 0x2e, 0x28, 0x27, 0x22, 0x20, 0x00, 0x1d, 0x00, 0x1b, 0x26,
  0x16, 0x25, 0x09, 0x0a, 0x19, 0x2b, 0x00, 0x16, 0x15, 0x11, 0x14, 0x06,
  0x23, 0x23, 0x22, 0x26, 0x35, 0x11, 0x34, 0x23, 0x23, 0x22, 0x26, 0x35,
  0x35, 0x34, 0x36, 0x33, 0x33, 0x32, 0x35, 0x11, 0x34, 0x36, 0x33, 0x33,
  0x17, 0x34, 0x26, 0x23, 0x23, 0x22, 0x15, 0x15, 0x14, 0x33, 0x33, 0x32,
  0x16, 0x15, 0x15, 0x14, 0x06, 0x23, 0x23, 0x22, 0x15, 0x15, 0x14, 0x33,
  0x37, 0x32, 0x36, 0x37, 0x01, 0x66, 0x67, 0x67, 0x56, 0xab, 0x05, 0x07,
  0x05, 0x12, 0x05, 0x07, 0x07, 0x05, 0x12, 0x05, 0x07, 0x05, 0xab, 0x49,
  0x29, 0x23, 0x3b, 0x05, 0x05, 0x32, 0x05, 0x07, 0x07, 0x05, 0x32, 0x05,
  0x05, 0x3c, 0x21, 0x29, 0x01, 0x02, 0xbc, 0x68, 0x57, 0xfe, 0xc2, 0x57,
  0x68, 0x07, 0x05, 0x01, 0x3b, 0x05, 0x07, 0x05, 0x2c, 0x05, 0x07, 0x05,
  0x01, 0x1b, 0x05, 0x07, 0xc6, 0x2d, 0x35, 0x05, 0xbe, 0x05, 0x07, 0x05,
  0x2c, 0x05, 0x07, 0x05, 0xde, 0x05, 0x01, 0x35, 0x2c, 0x00, 0x00, 0x00,
  0xff, 0xff, 0x00, 0x36, 0x00, 0x00, 0x01, 0xaa, 0x03, 0x77, 0x00, 0x22,
  0x00, 0x23, 0x00, 0x00, 0x01, 0x07, 0x02, 0x8d, 0x01, 0x85, 0x00, 0xbb,
  0x00, 0x08, 0xb1, 0x02, 0x01, 0xb0, 0xbb, 0xb0, 0x35, 0x2b, 0x00, 0x00,
  0xff, 0xff, 0x00, 0x36, 0x00, 0x00, 0x01, 0xcd, 0x02, 0xbc, 0x00, 0x02,
  0x00, 0x24, 0x00, 0x00, 0x00, 0x01, 0x00, 0x36, 0x00, 0x00, 0x01, 0x93,
  0x02, 0xbc, 0x00, 0x2b, 0x00, 0x42, 0x40, 0x3f, 0x2b, 0x23, 0x02, 0x00,
  0x05, 0x06, 0x05, 0x02, 0x01, 0x00, 0x0d, 0x01, 0x02, 0x01, 0x14, 0x13,
  0x02, 0x03, 0x02, 0x1b, 0x01, 0x04, 0x03, 0x05, 0x4c, 0x00, 0x01, 0x00,
  0x02, 0x03, 0x01, 0x02, 0x67, 0x00, 0x00, 0x00, 0x05, 0x5f, 0x00, 0x05,
  0x05, 0x3c, 0x4d, 0x00, 0x03, 0x03, 0x04, 0x5f, 0x00, 0x04, 0x04, 0x3d,
  0x04, 0x4e, 0x26, 0x26, 0x15, 0x26, 0x15, 0x21, 0x06, 0x0a, 0x1c, 0x2b,
  0x00, 0x06, 0x23, 0x23, 0x22, 0x15, 0x15, 0x14, 0x33, 0x33, 0x32, 0x16,
  0x15, 0x15, 0x14, 0x06, 0x23, 0x23, 0x22, 0x15, 0x15, 0x14, 0x33, 0x33,
  0x32, 0x16, 0x15, 0x15, 0x14, 0x06, 0x23, 0x21, 0x22, 0x26, 0x35, 0x11,
  0x34, 0x36, 0x33, 0x21, 0x32, 0x16, 0x15, 0x15, 0x01, 0x93, 0x07, 0x05,
  0xd8, 0x05, 0x05, 0x80, 0x05, 0x07, 0x07, 0x05, 0x80, 0x05, 0x05, 0xd8,
  0x05, 0x07, 0x07, 0x05, 0xfe, 0xbb, 0x05, 0x07, 0x07, 0x05, 0x01, 0x45,
  0x05, 0x07, 0x02, 0x5f, 0x07, 0x05, 0xbd, 0x05, 0x07, 0x05, 0x4d, 0x05,
  0x07, 0x05, 0xbe, 0x05, 0x07, 0x05, 0x4c, 0x05, 0x07, 0x07, 0x05, 0x02,
  0xa4, 0x05, 0x07, 0x07, 0x05, 0x4c, 0x00, 0x00, 0xff, 0xff, 0x00, 0x36,
  0x00, 0x00, 0x01, 0x93, 0x03, 0x79, 0x00, 0x22, 0x00, 0x27, 0x00, 0x00,
  0x01, 0x07, 0x02, 0x8a, 0x01, 0x58, 0x00, 0xbd, 0x00, 0x08, 0xb1, 0x01,
  0x01, 0xb0, 0xbd, 0xb0, 0x35, 0x2b, 0x00, 0x00, 0xff, 0xff, 0x00, 0x36,
  0x00, 0x00, 0x01, 0x93, 0x03, 0x79, 0x00, 0x22, 0x00, 0x27, 0x00, 0x00,
  0x01, 0x07, 0x02, 0xa0, 0x00, 0x4d, 0x00, 0xbd, 0x00, 0x08, 0xb1, 0x01,
  0x01, 0xb0, 0xbd, 0xb0, 0x35, 0x2b, 0x00, 0x00, 0x00, 0x01, 0x00, 0x36,
  0xff, 0x4f, 0x01, 0x93, 0x02, 0xbc, 0x00, 0x42, 0x00, 0x7a, 0x40, 0x19,
  0x42, 0x3a, 0x02, 0x00, 0x07, 0x06, 0x05, 0x02, 0x01, 0x00, 0x0d, 0x01,
  0x02, 0x01, 0x14, 0x13, 0x02, 0x03, 0x02, 0x1b, 0x01, 0x04, 0x03, 0x05,
  0x4c, 0x4b, 0xb0, 0x2a, 0x50, 0x58, 0x40, 0x23, 0x00, 0x01, 0x00, 0x02,
  0x03, 0x01, 0x02, 0x67, 0x00, 0x00, 0x00, 0x07, 0x5f, 0x00, 0x07, 0x07,
  0x3c, 0x4d, 0x00, 0x03, 0x03, 0x04, 0x5f, 0x06, 0x01, 0x04, 0x04, 0x3d,
  0x4d, 0x00, 0x05, 0x05, 0x41, 0x05, 0x4e, 0x1b, 0x40, 0x23, 0x00, 0x05,
  0x04, 0x05, 0x86, 0x00, 0x01, 0x00, 0x02, 0x03, 0x01, 0x02, 0x67, 0x00,
  0x00, 0x00, 0x07, 0x5f, 0x00, 0x07, 0x07, 0x3c, 0x4d, 0x00, 0x03, 0x03,
  0x04, 0x5f, 0x06, 0x01, 0x04, 0x04, 0x3d, 0x04, 0x4e, 0x59, 0x40, 0x0b,
  0x26, 0x1d, 0x27, 0x26, 0x15, 0x26, 0x15, 0x21, 0x08, 0x0a, 0x1e, 0x2b,
  0x00, 0x06, 0x23, 0x23, 0x22, 0x15, 0x15, 0x14, 0x33, 0x33, 0x32, 0x16,
  0x15, 0x15, 0x14, 0x06, 0x23, 0x23, 0x22, 0x15, 0x15, 0x14, 0x33, 0x33,
  0x32, 0x16, 0x15, 0x15, 0x14, 0x06, 0x23, 0x23, 0x22, 0x06, 0x17, 0x16,
  0x15, 0x14, 0x06, 0x23, 0x22, 0x27, 0x26, 0x37, 0x37, 0x36, 0x17, 0x16,
  0x36, 0x37, 0x36, 0x27, 0x26, 0x23, 0x23, 0x22, 0x26, 0x35, 0x11, 0x34,
  0x36, 0x33, 0x21, 0x32, 0x16, 0x15, 0x15, 0x01, 0x93, 0x07, 0x05, 0xd8,
  0x05, 0x05, 0x80, 0x05, 0x07, 0x07, 0x05, 0x80, 0x05, 0x05, 0xd8, 0x05,
  0x07, 0x07, 0x05, 0x77, 0x03, 0x02, 0x02, 0x23, 0x31, 0x24, 0x14, 0x16,
  0x09, 0x01, 0x05, 0x01, 0x0d, 0x0e, 0x15, 0x04, 0x06, 0x2c, 0x03, 0x04,
  0x74, 0x05, 0x07, 0x07, 0x05, 0x01, 0x45, 0x05, 0x07, 0x02, 0x5f, 0x07,
  0x05, 0xbd, 0x05, 0x07, 0x05, 0x4d, 0x05, 0x07, 0x05, 0xbe, 0x05, 0x07,
  0x05, 0x4c, 0x05, 0x07, 0x04, 0x02, 0x29, 0x2c, 0x2f, 0x27, 0x06, 0x03,
  0x0b, 0x23, 0x0c, 0x02, 0x02, 0x0d, 0x11, 0x24, 0x2d, 0x03, 0x07, 0x05,
  0x02, 0xa4, 0x05, 0x07, 0x07, 0x05, 0x4c, 0x00, 0xff, 0xff, 0x00, 0x36,
  0x00, 0x00, 0x01, 0x93, 0x03, 0x79, 0x00, 0x22, 0x00, 0x27, 0x00, 0x00,
  0x01, 0x07, 0x02, 0x8c, 0x01, 0x80, 0x00, 0xbd, 0x00, 0x08, 0xb1, 0x01,
  0x01, 0xb0, 0xbd, 0xb0, 0x35, 0x2b, 0x00, 0x00, 0xff, 0xff, 0x00, 0x36,
  0x00, 0x00, 0x02, 0x03, 0x03, 0xc9, 0x00, 0x22, 0x00, 0x27, 0x00, 0x00,
  0x01, 0x07, 0x02, 0xb1, 0x02, 0x8d, 0x00, 0xbd, 0x00, 0x08, 0xb1, 0x01,
  0x02, 0xb0, 0xbd, 0xb0, 0x35, 0x2b, 0x00, 0x00, 0xff, 0xff, 0x00, 0x36,
  0xff, 0x21, 0x01, 0x93, 0x03, 0x79, 0x00, 0x22, 0x00, 0x27, 0x00, 0x00,
  0x00, 0x23, 0x02, 0x96, 0x01, 0x2d, 0x00, 0x00, 0x01, 0x07, 0x02, 0x8c,
  0x01, 0x80, 0x00, 0xbd, 0x00, 0x08, 0xb1, 0x02, 0x01, 0xb0, 0xbd, 0xb0,
  0x35, 0x2b, 0x00, 0x00, 0xff, 0xff, 0x00, 0x36, 0x00, 0x00, 0x01, 0xa7,
  0x03, 0xf1, 0x00, 0x22, 0x00, 0x27, 0x00, 0x00, 0x01, 0x07, 0x02, 0xb2,
  0x02, 0xa0, 0x00, 0xbd, 0x00, 0x08, 0xb1, 0x01, 0x02, 0xb0, 0xbd, 0xb0,
  0x35, 0x2b, 0x00, 0x00, 0xff, 0xff, 0x00, 0x36, 0x00, 0x00, 0x01, 0xcf,
  0x04, 0x17, 0x00, 0x22, 0x00, 0x27, 0x00, 0x00, 0x01, 0x07, 0x02, 0xb3,
  0x02, 0xa0, 0x00, 0xbd, 0x00, 0x08, 0xb1, 0x01, 0x02, 0xb0, 0xbd, 0xb0,
  0x35, 0x2b, 0x00, 0x00, 0xff, 0xff, 0x00, 0x36, 0x00, 0x00, 0x01, 0x93,
  0x04, 0x0c, 0x00, 0x22, 0x00, 0x27, 0x00, 0x00, 0x01, 0x07, 0x02, 0xb4,
  0x02, 0xa0, 0x00, 0xbd, 0x00, 0x08, 0xb1, 0x01, 0x02, 0xb0, 0xbd, 0xb0,
  0x35, 0x2b, 0x00, 0x00, 0xff, 0xff, 0x00, 0x36, 0x00, 0x00, 0x01, 0x93,
  0x03, 0x90, 0x00, 0x22, 0x00, 0x27, 0x00, 0x00, 0x01, 0x07, 0x02, 0x87,
  0x01, 0x81, 0x00, 0xbd, 0x00, 0x08, 0xb1, 0x01, 0x02, 0xb0, 0xbd, 0xb0,
  0x35, 0x2b, 0x00, 0x00, 0xff, 0xff, 0x00, 0x36, 0x00, 0x00, 0x01, 0x93,
  0x03, 0x90, 0x00, 0x22, 0x00, 0x27, 0x00, 0x00, 0x01, 0x07, 0x02, 0x88,
  0x01, 0x33, 0x00, 0xbd, 0x00, 0x08, 0xb1, 0x01, 0x01, 0xb0, 0xbd, 0xb0,
  0x35, 0x2b, 0x00, 0x00, 0xff, 0xff, 0x00, 0x36, 0xff, 0x21, 0x01, 0x93,
  0x02, 0xbc, 0x00, 0x22, 0x00, 0x27, 0x00, 0x00, 0x00, 0x03, 0x02, 0x96,
  0x01, 0x2d, 0x00, 0x00, 0xff, 0xff, 0x00, 0x36, 0x00, 0x00, 0x01, 0x93,
  0x03, 0x79, 0x00, 0x22, 0x00, 0x27, 0x00, 0x00, 0x01, 0x07, 0x02, 0x89,
  0x01, 0x16, 0x00, 0xbd, 0x00, 0x08, 0xb1, 0x01, 0x01, 0xb0, 0xbd, 0xb0,
  0x35, 0x2b, 0x00, 0x00, 0xff, 0xff, 0x00, 0x36, 0x00, 0x00, 0x01, 0x93,
  0x03, 0xa7, 0x00, 0x22, 0x00, 0x27, 0x00, 0x00, 0x01, 0x07, 0x02, 0x92,
  0x02, 0x1e, 0x00, 0xbd, 0x00, 0x08, 0xb1, 0x01, 0x01, 0xb0, 0xbd, 0xb0,
  0x35, 0x2b, 0x00, 0x00, 0xff, 0xff, 0x00, 0x36, 0x00, 0x00, 0x01, 0x93,
  0x03, 0x57, 0x00, 0x22, 0x00, 0x27, 0x00, 0x00, 0x01, 0x07, 0x02, 0xa7,
  0x00, 0x1f, 0x00, 0xbd, 0x00, 0x08, 0xb1, 0x01, 0x01, 0xb0, 0xbd, 0xb0,
  0x35, 0x2b, 0x00, 0x00, 0x00, 0x01, 0x00, 0x36, 0xff, 0x4b, 0x01, 0x93,
  0x02, 0xbc, 0x00, 0x44, 0x00, 0x8e, 0x40, 0x1d, 0x44, 0x3c, 0x02, 0x00,
  0x08, 0x06, 0x05, 0x02, 0x01, 0x00, 0x0d, 0x01, 0x02, 0x01, 0x14, 0x13,
  0x02, 0x03, 0x02, 0x1b, 0x01, 0x04, 0x03, 0x2a, 0x01, 0x06, 0x05, 0x06,
  0x4c, 0x4b, 0xb0, 0x2e, 0x50, 0x58, 0x40, 0x2b, 0x00, 0x05, 0x04, 0x06,
  0x04, 0x05, 0x06, 0x80, 0x00, 0x01, 0x00, 0x02, 0x03, 0x01, 0x02, 0x67,
  0x00, 0x00, 0x00, 0x08, 0x5f, 0x00, 0x08, 0x08, 0x3c, 0x4d, 0x00, 0x03,
  0x03, 0x04, 0x5f, 0x07, 0x01, 0x04, 0x04, 0x3d, 0x4d, 0x00, 0x06, 0x06,
  0x41, 0x06, 0x4e, 0x1b, 0x40, 0x2a, 0x00, 0x05, 0x04, 0x06, 0x04, 0x05,
  0x06, 0x80, 0x00, 0x06, 0x06, 0x84, 0x00, 0x01, 0x00, 0x02, 0x03, 0x01,
  0x02, 0x67, 0x00, 0x00, 0x00, 0x08, 0x5f, 0x00, 0x08, 0x08, 0x3c, 0x4d,
  0x00, 0x03, 0x03, 0x04, 0x5f, 0x07, 0x01, 0x04, 0x04, 0x3d, 0x04, 0x4e,
  0x59, 0x40, 0x0c, 0x26, 0x44, 0x26, 0x27, 0x26, 0x15, 0x26, 0x15, 0x21,
  0x09, 0x0a, 0x1f, 0x2b, 0x00, 0x06, 0x23, 0x23, 0x22, 0x15, 0x15, 0x14,
  0x33, 0x33, 0x32, 0x16, 0x15, 0x15, 0x14, 0x06, 0x23, 0x23, 0x22, 0x15,
  0x15, 0x14, 0x33, 0x33, 0x32, 0x16, 0x15, 0x15, 0x14, 0x06, 0x23, 0x23,
  0x22, 0x07, 0x06, 0x15, 0x14, 0x16, 0x37, 0x33, 0x32, 0x17, 0x17, 0x15,
  0x14, 0x07, 0x06, 0x23, 0x22, 0x26, 0x35, 0x34, 0x37, 0x36, 0x26, 0x23,
  0x23, 0x22, 0x26, 0x35, 0x11, 0x34, 0x36, 0x33, 0x21, 0x32, 0x16, 0x15,
  0x15, 0x01, 0x93, 0x07, 0x05, 0xd8, 0x05, 0x05, 0x80, 0x05, 0x07, 0x07,
  0x05, 0x80, 0x05, 0x05, 0xd8, 0x05, 0x07, 0x07, 0x05, 0x7b, 0x03, 0x04,
  0x2b, 0x17, 0x11, 0x03, 0x0a, 0x01, 0x05, 0x09, 0x16, 0x13, 0x23, 0x32,
  0x26, 0x02, 0x01, 0x03, 0x70, 0x05, 0x07, 0x07, 0x05, 0x01, 0x45, 0x05,
  0x07, 0x02, 0x5f, 0x07, 0x05, 0xbd, 0x05, 0x07, 0x05, 0x4d, 0x05, 0x07,
  0x05, 0xbe, 0x05, 0x07, 0x05, 0x4c, 0x05, 0x07, 0x02, 0x2b, 0x22, 0x16,
  0x12, 0x03, 0x0a, 0x23, 0x03, 0x08, 0x03, 0x06, 0x27, 0x2f, 0x2f, 0x2a,
  0x02, 0x04, 0x07, 0x05, 0x02, 0xa4, 0x05, 0x07, 0x07, 0x05, 0x4c, 0x00,
  0xff, 0xff, 0x00, 0x36, 0x00, 0x00, 0x01, 0x93, 0x03, 0x80, 0x00, 0x22,
  0x00, 0x27, 0x00, 0x00, 0x01, 0x07, 0x02, 0x90, 0x01, 0x84, 0x00, 0xbd,
  0x00, 0x08, 0xb1, 0x01, 0x01, 0xb0, 0xbd, 0xb0, 0x35, 0x2b, 0x00, 0x00,
  0x00, 0x01, 0x00, 0x36, 0x00, 0x00, 0x01, 0x92, 0x02, 0xbc, 0x00, 0x24,
  0x00, 0x38, 0x40, 0x35, 0x24, 0x1c, 0x02, 0x00, 0x04, 0x06, 0x05, 0x02,
  0x01, 0x00, 0x0d, 0x01, 0x02, 0x01, 0x14, 0x13, 0x02, 0x03, 0x02, 0x04,
  0x4c, 0x00, 0x01, 0x00, 0x02, 0x03, 0x01, 0x02, 0x67, 0x00, 0x00, 0x00,
  0x04, 0x5f, 0x00, 0x04, 0x04, 0x3c, 0x4d, 0x00, 0x03, 0x03, 0x3d, 0x03,
  0x4e, 0x26, 0x25, 0x26, 0x15, 0x21, 0x05, 0x0a, 0x1b, 0x2b, 0x00, 0x06,
  0x23, 0x23, 0x22, 0x15, 0x15, 0x14, 0x33, 0x33, 0x32, 0x16, 0x15, 0x15,
  0x14, 0x06, 0x23, 0x23, 0x22, 0x15, 0x11, 0x14, 0x06, 0x23, 0x23, 0x22,
  0x26, 0x35, 0x11, 0x34, 0x36, 0x33, 0x21, 0x32, 0x16, 0x15, 0x15, 0x01,
  0x92, 0x07, 0x05, 0xd7, 0x05, 0x05, 0x7f, 0x05, 0x07, 0x07, 0x05, 0x7f,
  0x05, 0x07, 0x05, 0x5c, 0x05, 0x07, 0x07, 0x05, 0x01, 0x44, 0x05, 0x07,
  0x02, 0x5f, 0x07, 0x05, 0xbd, 0x05, 0x07, 0x05, 0x4d, 0x05, 0x07, 0x05,
  0xfe, 0xe5, 0x05, 0x07, 0x07, 0x05, 0x02, 0xa4, 0x05, 0x07, 0x07, 0x05,
  0x4c, 0x00, 0x00, 0x00, 0x00, 0x01, 0x00, 0x2a, 0xff, 0xf8, 0x01, 0xa4,
  0x02, 0xc4, 0x00, 0x32, 0x00, 0x46, 0x40, 0x43, 0x0a, 0x01, 0x01, 0x02,
  0x27, 0x01, 0x04, 0x05, 0x20, 0x01, 0x03, 0x04, 0x03, 0x4c, 0x00, 0x01,
  0x02, 0x05, 0x02, 0x01, 0x05, 0x80, 0x00, 0x05, 0x00, 0x04, 0x03, 0x05,
  0x04, 0x67, 0x00, 0x02, 0x02, 0x00, 0x61, 0x00, 0x00, 0x00, 0x42, 0x4d,
  0x00, 0x03, 0x03, 0x06, 0x61, 0x07, 0x01, 0x06, 0x06, 0x43, 0x06, 0x4e,
  0x00, 0x00, 0x00, 0x32, 0x00, 0x31, 0x26, 0x15, 0x25, 0x26, 0x25, 0x25,
  0x08, 0x0a, 0x1c, 0x2b, 0x16, 0x26, 0x35, 0x11, 0x34, 0x36, 0x33, 0x32,
  0x16, 0x15, 0x15, 0x14, 0x06, 0x23, 0x23, 0x22, 0x26, 0x35, 0x35, 0x34,
  0x26, 0x23, 0x22, 0x06, 0x15, 0x11, 0x14, 0x16, 0x33, 0x32, 0x36, 0x35,
  0x35, 0x34, 0x23, 0x23, 0x22, 0x26, 0x35, 0x35, 0x34, 0x36, 0x33, 0x33,
  0x32, 0x16, 0x15, 0x15, 0x14, 0x06, 0x23, 0x91, 0x67, 0x67, 0x55, 0x55,
  0x69, 0x07, 0x05, 0x5c, 0x05, 0x07, 0x29, 0x21, 0x21, 0x28, 0x28, 0x21,
  0x21, 0x29, 0x05, 0x3d, 0x05, 0x07, 0x07, 0x05, 0xaa, 0x05, 0x07, 0x69,
  0x55, 0x08, 0x63, 0x52, 0x01, 0x62, 0x52, 0x63, 0x63, 0x53, 0x27, 0x05,
  0x07, 0x07, 0x05, 0x29, 0x24, 0x2c, 0x2c, 0x24, 0xfe, 0x9c, 0x24, 0x2c,
  0x2c, 0x24, 0x60, 0x05, 0x07, 0x05, 0x49, 0x05, 0x07, 0x07, 0x05, 0xb9,
  0x52, 0x63, 0x00, 0x00, 0xff, 0xff, 0x00, 0x2a, 0xff, 0xf8, 0x01, 0xa4,
  0x03, 0x57, 0x00, 0x22, 0x00, 0x3a, 0x00, 0x00, 0x01, 0x07, 0x02, 0x9f,
  0x00, 0x63, 0x00, 0xbd, 0x00, 0x08, 0xb1, 0x01, 0x01, 0xb0, 0xbd, 0xb0,
  0x35, 0x2b, 0x00, 0x00, 0xff, 0xff, 0x00, 0x2a, 0xff, 0xf8, 0x01, 0xa4,
  0x03, 0x79, 0x00, 0x22, 0x00, 0x3a, 0x00, 0x00, 0x01, 0x07, 0x02, 0x8c,
  0x01, 0x81, 0x00, 0xbd, 0x00, 0x08, 0xb1, 0x01, 0x01, 0xb0, 0xbd, 0xb0,
  0x35, 0x2b, 0x00, 0x00, 0xff, 0xff, 0x00, 0x2a, 0xff, 0xf8, 0x01, 0xa4,
  0x03, 0x90, 0x00, 0x22, 0x00, 0x3a, 0x00, 0x00, 0x01, 0x07, 0x02, 0x88,
  0x01, 0x34, 0x00, 0xbd, 0x00, 0x08, 0xb1, 0x01, 0x01, 0xb0, 0xbd, 0xb0,
  0x35, 0x2b, 0x00, 0x00, 0x00, 0x01, 0x00, 0x36, 0x00, 0x00, 0x01, 0xa7,
  0x02, 0xbc, 0x00, 0x2b, 0x00, 0x31, 0x40, 0x2e, 0x2b, 0x2a, 0x25, 0x1d,
  0x04, 0x05, 0x00, 0x15, 0x14, 0x0f, 0x07, 0x04, 0x01, 0x02, 0x02, 0x4c,
  0x00, 0x05, 0x00, 0x02, 0x01, 0x05, 0x02, 0x67, 0x04, 0x01, 0x00, 0x00,
  0x3c, 0x4d, 0x03, 0x01, 0x01, 0x01, 0x3d, 0x01, 0x4e, 0x16, 0x26, 0x25,
  0x16, 0x26, 0x21, 0x06, 0x0a, 0x1c, 0x2b, 0x00, 0x36, 0x33, 0x33, 0x32,
  0x16, 0x15, 0x11, 0x14, 0x06, 0x23, 0x23, 0x22, 0x26, 0x35, 0x11, 0x34,
  0x23, 0x23, 0x22, 0x15, 0x11, 0x14, 0x06, 0x23, 0x23, 0x22, 0x26, 0x35,
  0x11, 0x34, 0x36, 0x33, 0x33, 0x32, 0x16, 0x15, 0x11, 0x14, 0x33, 0x33,
  0x32, 0x35, 0x11, 0x01, 0x33, 0x07, 0x05, 0x5c, 0x05, 0x07, 0x07, 0x05,
  0x5c, 0x05, 0x07, 0x05, 0x7f, 0x05, 0x07, 0x05, 0x5c, 0x05, 0x07, 0x07,
  0x05, 0x5c, 0x05, 0x07, 0x05, 0x7f, 0x05, 0x02, 0xb5, 0x07, 0x07, 0x05,
  0xfd, 0x5c, 0x05, 0x07, 0x07, 0x05, 0x01, 0x1b, 0x05, 0x05, 0xfe, 0xe5,
  0x05, 0x07, 0x07, 0x05, 0x02, 0xa4, 0x05, 0x07, 0x07, 0x05, 0xfe, 0xe6,
  0x05, 0x05, 0x01, 0x1a, 0x00, 0x02, 0x00, 0x07, 0x00, 0x00, 0x01, 0xd7,
  0x02, 0xbc, 0x00, 0x47, 0x00, 0x53, 0x00, 0x56, 0x40, 0x53, 0x44, 0x3c,
  0x3b, 0x36, 0x2e, 0x2d, 0x06, 0x05, 0x06, 0x27, 0x03, 0x02, 0x00, 0x05,
  0x50, 0x4f, 0x4a, 0x49, 0x20, 0x09, 0x06, 0x0b, 0x00, 0x18, 0x17, 0x12,
  0x0a, 0x04, 0x01, 0x02, 0x04, 0x4c, 0x09, 0x07, 0x02, 0x05, 0x0a, 0x04,
  0x02, 0x00, 0x0b, 0x05, 0x00, 0x67, 0x00, 0x0b, 0x00, 0x02, 0x01, 0x0b,
  0x02, 0x67, 0x08, 0x01, 0x06, 0x06, 0x3c, 0x4d, 0x03, 0x01, 0x01, 0x01,
  0x3d, 0x01, 0x4e, 0x53, 0x52, 0x4d, 0x4c, 0x47, 0x46, 0x25, 0x16, 0x25,
  0x26, 0x16, 0x25, 0x16, 0x25, 0x25, 0x0c, 0x0a, 0x1f, 0x2b, 0x00, 0x16,
  0x15, 0x15, 0x14, 0x06, 0x23, 0x23, 0x22, 0x15, 0x11, 0x14, 0x06, 0x23,
  0x23, 0x22, 0x26, 0x35, 0x11, 0x34, 0x23, 0x23, 0x22, 0x15, 0x11, 0x14,
  0x06, 0x23, 0x23, 0x22, 0x26, 0x35, 0x11, 0x34, 0x23, 0x23, 0x22, 0x26,
  0x35, 0x35, 0x34, 0x36, 0x33, 0x33, 0x32, 0x35, 0x35, 0x34, 0x36, 0x33,
  0x33, 0x32, 0x16, 0x15, 0x15, 0x14, 0x33, 0x33, 0x32, 0x35, 0x35, 0x34,
  0x36, 0x33, 0x33, 0x32, 0x16, 0x15, 0x15, 0x14, 0x33, 0x33, 0x06, 0x35,
  0x35, 0x34, 0x23, 0x23, 0x22, 0x15, 0x15, 0x14, 0x33, 0x33, 0x01, 0xd0,
  0x07, 0x07, 0x05, 0x1f, 0x05, 0x07, 0x05, 0x5c, 0x05, 0x07, 0x05, 0x7f,
  0x05, 0x07, 0x05, 0x5c, 0x05, 0x07, 0x05, 0x1e, 0x05, 0x07, 0x07, 0x05,
  0x1e, 0x05, 0x07, 0x05, 0x5c, 0x05, 0x07, 0x05, 0x7f, 0x05, 0x07, 0x05,
  0x5c, 0x05, 0x07, 0x05, 0x1f, 0x98, 0x05, 0x7f, 0x05, 0x05, 0x7f, 0x02,
  0x4b, 0x07, 0x05, 0x38, 0x05, 0x07, 0x05, 0xfe, 0x16, 0x05, 0x07, 0x07,
  0x05, 0x01, 0x1b, 0x05, 0x05, 0xfe, 0xe5, 0x05, 0x07, 0x07, 0x05, 0x01,
  0xea, 0x05, 0x07, 0x05, 0x38, 0x05, 0x07, 0x05, 0x60, 0x05, 0x07, 0x07,
  0x05, 0x60, 0x05, 0x05, 0x60, 0x05, 0x07, 0x07, 0x05, 0x60, 0x05, 0xba,
  0x05, 0x60, 0x05, 0x05, 0x60, 0x05, 0x00, 0x00, 0xff, 0xff, 0x00, 0x36,
  0x00, 0x00, 0x01, 0xa7, 0x03, 0x7a, 0x00, 0x22, 0x00, 0x3e, 0x00, 0x00,
  0x01, 0x07, 0x02, 0x8c, 0x01, 0x88, 0x00, 0xbe, 0x00, 0x08, 0xb1, 0x01,
  0x01, 0xb0, 0xbe, 0xb0, 0x35, 0x2b, 0x00, 0x00, 0x00, 0x01, 0x00, 0x36,
  0x00, 0x00, 0x00, 0xaa, 0x02, 0xbc, 0x00, 0x0f, 0x00, 0x1a, 0x40, 0x17,
  0x0b, 0x03, 0x02, 0x01, 0x00, 0x01, 0x4c, 0x00, 0x00, 0x00, 0x3c, 0x4d,
  0x00, 0x01, 0x01, 0x3d, 0x01, 0x4e, 0x26, 0x25, 0x02, 0x0a, 0x18, 0x2b,
  0x32, 0x26, 0x35, 0x11, 0x34, 0x36, 0x33, 0x33, 0x32, 0x16, 0x15, 0x11,
  0x14, 0x06, 0x23, 0x23, 0x3d, 0x07, 0x07, 0x05, 0x5c, 0x05, 0x07, 0x07,
  0x05, 0x5c, 0x07, 0x05, 0x02, 0xa4, 0x05, 0x07, 0x07, 0x05, 0xfd, 0x5c,
  0x05, 0x07, 0x00, 0x00, 0xff, 0xff, 0x00, 0x35, 0x00, 0x00, 0x00, 0xd7,
  0x03, 0x79, 0x00, 0x22, 0x00, 0x41, 0x00, 0x00, 0x01, 0x07, 0x02, 0x8a,
  0x00, 0xe3, 0x00, 0xbd, 0x00, 0x08, 0xb1, 0x01, 0x01, 0xb0, 0xbd, 0xb0,
  0x35, 0x2b, 0x00, 0x00, 0xff, 0xff, 0xff, 0xe9, 0x00, 0x00, 0x00, 0xf3,
  0x03, 0x79, 0x00, 0x22, 0x00, 0x41, 0x00, 0x00, 0x01, 0x07, 0x02, 0x8c,
  0x01, 0x0b, 0x00, 0xbd, 0x00, 0x08, 0xb1, 0x01, 0x01, 0xb0, 0xbd, 0xb0,
  0x35, 0x2b, 0x00, 0x00, 0xff, 0xff, 0xff, 0xd3, 0x00, 0x00, 0x01, 0x0c,
  0x03, 0x90, 0x00, 0x22, 0x00, 0x41, 0x00, 0x00, 0x01, 0x07, 0x02, 0x87,
  0x01, 0x0c, 0x00, 0xbd, 0x00, 0x08, 0xb1, 0x01, 0x02, 0xb0, 0xbd, 0xb0,
  0x35, 0x2b, 0x00, 0x00, 0xff, 0xff, 0x00, 0x2a, 0x00, 0x00, 0x00, 0xb7,
  0x03, 0x90, 0x00, 0x22, 0x00, 0x41, 0x00, 0x00, 0x01, 0x07, 0x02, 0x88,
  0x00, 0xbe, 0x00, 0xbd, 0x00, 0x08, 0xb1, 0x01, 0x01, 0xb0, 0xbd, 0xb0,
  0x35, 0x2b, 0x00, 0x00, 0xff, 0xff, 0x00, 0x2d, 0xff, 0x21, 0x00, 0xb4,
  0x02, 0xbc, 0x00, 0x22, 0x00, 0x41, 0x00, 0x00, 0x00, 0x03, 0x02, 0x96,
  0x00, 0xbe, 0x00, 0x00, 0xff, 0xff, 0xff, 0xf6, 0x00, 0x00, 0x00, 0xaa,
  0x03, 0x79, 0x00, 0x22, 0x00, 0x41, 0x00, 0x00, 0x01, 0x07, 0x02, 0x89,
  0x00, 0xa1, 0x00, 0xbd, 0x00, 0x08, 0xb1, 0x01, 0x01, 0xb0, 0xbd, 0xb0,
  0x35, 0x2b, 0x00, 0x00, 0xff, 0xff, 0x00, 0x0e, 0x00, 0x00, 0x00, 0xd3,
  0x03, 0xa7, 0x00, 0x22, 0x00, 0x41, 0x00, 0x00, 0x01, 0x07, 0x02, 0x92,
  0x01, 0xa9, 0x00, 0xbd, 0x00, 0x08, 0xb1, 0x01, 0x01, 0xb0, 0xbd, 0xb0,
  0x35, 0x2b, 0x00, 0x00, 0xff, 0xff, 0x00, 0x02, 0x00, 0x00, 0x00, 0xd8,
  0x03, 0x57, 0x00, 0x22, 0x00, 0x41, 0x00, 0x00, 0x01, 0x07, 0x02, 0xa7,
  0xff, 0xaa, 0x00, 0xbd, 0x00, 0x08, 0xb1, 0x01, 0x01, 0xb0, 0xbd, 0xb0,
  0x35, 0x2b, 0x00, 0x00, 0xff, 0xff, 0x00, 0x20, 0xff, 0x43, 0x00, 0xa7,
  0x02, 0xbc, 0x00, 0x22, 0x00, 0x41, 0xf8, 0x00, 0x00, 0x03, 0x02, 0x99,
  0x00, 0xad, 0x00, 0x00, 0xff, 0xff, 0xff, 0xf0, 0x00, 0x00, 0x01, 0x0b,
  0x03, 0x80, 0x00, 0x22, 0x00, 0x41, 0x00, 0x00, 0x01, 0x07, 0x02, 0x90,
  0x01, 0x0f, 0x00, 0xbd, 0x00, 0x08, 0xb1, 0x01, 0x01, 0xb0, 0xbd, 0xb0,
  0x35, 0x2b, 0x00, 0x00, 0x00, 0x01, 0x00, 0x11, 0xff, 0xf8, 0x01, 0x84,
  0x02, 0xbc, 0x00, 0x1d, 0x00, 0x32, 0x40, 0x2f, 0x12, 0x01, 0x00, 0x02,
  0x03, 0x01, 0x01, 0x00, 0x02, 0x4c, 0x00, 0x00, 0x02, 0x01, 0x02, 0x00,
  0x01, 0x80, 0x00, 0x02, 0x02, 0x3c, 0x4d, 0x00, 0x01, 0x01, 0x03, 0x62,
  0x04, 0x01, 0x03, 0x03, 0x43, 0x03, 0x4e, 0x00, 0x00, 0x00, 0x1d, 0x00,
  0x1c, 0x25, 0x26, 0x25, 0x05, 0x0a, 0x19, 0x2b, 0x16, 0x26, 0x35, 0x35,
  0x34, 0x36, 0x33, 0x33, 0x32, 0x16, 0x15, 0x15, 0x14, 0x16, 0x33, 0x32,
  0x36, 0x35, 0x11, 0x34, 0x36, 0x33, 0x33, 0x32, 0x16, 0x15, 0x11, 0x14,
  0x06, 0x23, 0x77, 0x66, 0x07, 0x05, 0x5c, 0x05, 0x07, 0x26, 0x1f, 0x1f,
  0x27, 0x07, 0x05, 0x5c, 0x05, 0x07, 0x67, 0x53, 0x08, 0x63, 0x52, 0x4a,
  0x05, 0x07, 0x07, 0x05, 0x4c, 0x23, 0x2c, 0x2c, 0x23, 0x02, 0x05, 0x05,
  0x07, 0x07, 0x05, 0xfd, 0xfd, 0x52, 0x63, 0x00, 0xff, 0xff, 0x00, 0x11,
  0xff, 0xf8, 0x01, 0xcb, 0x03, 0x7a, 0x00, 0x22, 0x00, 0x4c, 0x00, 0x00,
  0x01, 0x07, 0x02, 0x8c, 0x01, 0xe3, 0x00, 0xbe, 0x00, 0x08, 0xb1, 0x01,
  0x01, 0xb0, 0xbe, 0xb0, 0x35, 0x2b, 0x00, 0x00, 0x00, 0x01, 0x00, 0x36,
  0x00, 0x00, 0x01, 0xcc, 0x02, 0xbc, 0x00, 0x2c, 0x00, 0x22, 0x40, 0x1f,
  0x28, 0x25, 0x21, 0x16, 0x0b, 0x03, 0x06, 0x02, 0x00, 0x01, 0x4c, 0x01,
  0x01, 0x00, 0x00, 0x3c, 0x4d, 0x03, 0x01, 0x02, 0x02, 0x3d, 0x02, 0x4e,
  0x2b, 0x3a, 0x29, 0x25, 0x04, 0x0a, 0x1a, 0x2b, 0x32, 0x26, 0x35, 0x11,
  0x34, 0x36, 0x33, 0x33, 0x32, 0x16, 0x15, 0x11, 0x14, 0x16, 0x37, 0x13,
  0x36, 0x33, 0x33, 0x32, 0x16, 0x07, 0x03, 0x06, 0x15, 0x13, 0x16, 0x15,
  0x14, 0x23, 0x23, 0x22, 0x27, 0x03, 0x26, 0x06, 0x07, 0x07, 0x06, 0x15,
  0x15, 0x14, 0x06, 0x23, 0x23, 0x3d, 0x07, 0x07, 0x05, 0x5c, 0x05, 0x07,
  0x04, 0x02, 0x96, 0x05, 0x0a, 0x63, 0x07, 0x04, 0x03, 0x96, 0x01, 0xa2,
  0x01, 0x0a, 0x63, 0x0b, 0x03, 0x76, 0x01, 0x04, 0x02, 0x28, 0x02, 0x07,
  0x05, 0x5c, 0x07, 0x05, 0x02, 0xa4, 0x05, 0x07, 0x07, 0x05, 0xfe, 0xec,
  0x04, 0x01, 0x03, 0x01, 0x19, 0x09, 0x08, 0x06, 0xfe, 0xe7, 0x04, 0x02,
  0xfe, 0x7f, 0x02, 0x04, 0x08, 0x09, 0x01, 0x21, 0x03, 0x01, 0x02, 0x43,
  0x04, 0x02, 0xd5, 0x05, 0x07, 0x00, 0x00, 0x00, 0x00, 0x01, 0x00, 0x36,
  0x00, 0x00, 0x01, 0x93, 0x02, 0xbc, 0x00, 0x16, 0x00, 0x24, 0x40, 0x21,
  0x0b, 0x03, 0x02, 0x01, 0x00, 0x12, 0x01, 0x02, 0x01, 0x02, 0x4c, 0x00,
  0x00, 0x00, 0x3c, 0x4d, 0x00, 0x01, 0x01, 0x02, 0x60, 0x00, 0x02, 0x02,
  0x3d, 0x02, 0x4e, 0x26, 0x16, 0x25, 0x03, 0x0a, 0x19, 0x2b, 0x32, 0x26,
  0x35, 0x11, 0x34, 0x36, 0x33, 0x33, 0x32, 0x16, 0x15, 0x11, 0x14, 0x33,
  0x33, 0x32, 0x16, 0x15, 0x15, 0x14, 0x06, 0x23, 0x21, 0x3d, 0x07, 0x07,
  0x05, 0x5c, 0x05, 0x07, 0x05, 0xd8, 0x05, 0x07, 0x07, 0x05, 0xfe, 0xbb,
  0x07, 0x05, 0x02, 0xa4, 0x05, 0x07, 0x07, 0x05, 0xfd, 0xb9, 0x05, 0x07,
  0x05, 0x4c, 0x05, 0x07, 0xff, 0xff, 0x00, 0x36, 0x00, 0x00, 0x01, 0x93,
  0x03, 0x79, 0x00, 0x22, 0x00, 0x4f, 0x00, 0x00, 0x01, 0x07, 0x02, 0x8a,
  0x00, 0xe5, 0x00, 0xbd, 0x00, 0x08, 0xb1, 0x01, 0x01, 0xb0, 0xbd, 0xb0,
  0x35, 0x2b, 0x00, 0x00, 0xff, 0xff, 0x00, 0x36, 0x00, 0x00, 0x01, 0x93,
  0x02, 0xbc, 0x00, 0x22, 0x00, 0x4f, 0x00, 0x00, 0x00, 0x03, 0x02, 0x94,
  0x01, 0x7c, 0x00, 0x00, 0xff, 0xff, 0x00, 0x36, 0xff, 0x4d, 0x01, 0x93,
  0x02, 0xbc, 0x00, 0x22, 0x00, 0x4f, 0x00, 0x00, 0x00, 0x03, 0x02, 0x97,
  0x01, 0x40, 0x00, 0x00, 0x00, 0x01, 0xff, 0xf3, 0x00, 0x00, 0x01, 0xc7,
  0x02, 0xbc, 0x00, 0x38, 0x00, 0x2c, 0x40, 0x29, 0x38, 0x37, 0x2d, 0x27,
  0x1f, 0x1e, 0x19, 0x14, 0x0e, 0x09, 0x00, 0x02, 0x06, 0x01, 0x01, 0x00,
  0x02, 0x4c, 0x00, 0x02, 0x02, 0x3c, 0x4d, 0x00, 0x00, 0x00, 0x01, 0x60,
  0x00, 0x01, 0x01, 0x3d, 0x01, 0x4e, 0x23, 0x21, 0x26, 0x11, 0x03, 0x0a,
  0x18, 0x2b, 0x36, 0x33, 0x33, 0x32, 0x16, 0x15, 0x15, 0x14, 0x06, 0x23,
  0x21, 0x22, 0x26, 0x35, 0x35, 0x34, 0x26, 0x07, 0x07, 0x06, 0x23, 0x22,
  0x27, 0x27, 0x26, 0x35, 0x34, 0x37, 0x37, 0x36, 0x35, 0x11, 0x34, 0x36,
  0x33, 0x33, 0x32, 0x16, 0x15, 0x11, 0x14, 0x16, 0x37, 0x37, 0x36, 0x33,
  0x32, 0x17, 0x17, 0x16, 0x15, 0x14, 0x07, 0x07, 0x06, 0x15, 0x15, 0xde,
  0x05, 0xd8, 0x05, 0x07, 0x07, 0x05, 0xfe, 0xbb, 0x05, 0x07, 0x04, 0x02,
  0x33, 0x05, 0x03, 0x04, 0x05, 0x2a, 0x03, 0x05, 0x6f, 0x03, 0x07, 0x05,
  0x5c, 0x05, 0x07, 0x04, 0x02, 0x82, 0x04, 0x04, 0x04, 0x05, 0x29, 0x04,
  0x05, 0xbe, 0x03, 0x64, 0x07, 0x05, 0x4c, 0x05, 0x07, 0x07, 0x05, 0xc0,
  0x03, 0x02, 0x02, 0x28, 0x03, 0x05, 0x31, 0x05, 0x03, 0x04, 0x05, 0x59,
  0x02, 0x04, 0x01, 0x66, 0x05, 0x07, 0x07, 0x05, 0xfe, 0xfa, 0x03, 0x02,
  0x02, 0x67, 0x03, 0x05, 0x33, 0x06, 0x02, 0x04, 0x05, 0x96, 0x01, 0x05,
  0xc3, 0x00, 0x00, 0x00, 0x00, 0x01, 0x00, 0x33, 0x00, 0x00, 0x01, 0xe7,
  0x02, 0xbc, 0x00, 0x2d, 0x00, 0x23, 0x40, 0x20, 0x2a, 0x23, 0x1b, 0x0e,
  0x06, 0x05, 0x01, 0x00, 0x01, 0x4c, 0x03, 0x01, 0x00, 0x00, 0x3c, 0x4d,
  0x02, 0x01, 0x01, 0x01, 0x3d, 0x01, 0x4e, 0x28, 0x25, 0x1f, 0x1d, 0x26,
  0x20, 0x04, 0x0a, 0x18, 0x2b, 0x00, 0x33, 0x33, 0x32, 0x16, 0x15, 0x11,
  0x14, 0x06, 0x23, 0x23, 0x22, 0x26, 0x35, 0x11, 0x34, 0x22, 0x07, 0x07,
  0x06, 0x23, 0x22, 0x27, 0x27, 0x26, 0x22, 0x15, 0x11, 0x14, 0x06, 0x23,
  0x23, 0x22, 0x26, 0x35, 0x11, 0x34, 0x36, 0x33, 0x33, 0x32, 0x17, 0x17,
  0x16, 0x37, 0x37, 0x01, 0x75, 0x0a, 0x5c, 0x05, 0x07, 0x07, 0x05, 0x5c,
  0x05, 0x07, 0x04, 0x02, 0x57, 0x05, 0x04, 0x04, 0x05, 0x57, 0x02, 0x04,
  0x07, 0x05, 0x5c, 0x05, 0x07, 0x07, 0x05, 0x5c, 0x0a, 0x05, 0x61, 0x03,
  0x03, 0x5f, 0x02, 0xbc, 0x07, 0x05, 0xfd, 0x5c, 0x05, 0x07, 0x07, 0x05,
  0x01, 0xd8, 0x04, 0x03, 0x9e, 0x08, 0x08, 0x9e, 0x03, 0x04, 0xfe, 0x28,
  0x05, 0x07, 0x07, 0x05, 0x02, 0xa4, 0x05, 0x07, 0x08, 0xab, 0x04, 0x04,
  0xab, 0x00, 0x00, 0x00, 0x00, 0x01, 0x00, 0x36, 0x00, 0x00, 0x01, 0xc5,
  0x02, 0xbc, 0x00, 0x25, 0x00, 0x22, 0x40, 0x1f, 0x25, 0x21, 0x1a, 0x12,
  0x0e, 0x07, 0x06, 0x01, 0x00, 0x01, 0x4c, 0x03, 0x01, 0x00, 0x00, 0x3c,
  0x4d, 0x02, 0x01, 0x01, 0x01, 0x3d, 0x01, 0x4e, 0x36, 0x28, 0x36, 0x21,
  0x04, 0x0a, 0x1a, 0x2b, 0x00, 0x36, 0x33, 0x33, 0x32, 0x16, 0x15, 0x11,
  0x14, 0x06, 0x23, 0x23, 0x22, 0x27, 0x03, 0x26, 0x06, 0x15, 0x13, 0x14,
  0x06, 0x23, 0x23, 0x22, 0x26, 0x35, 0x11, 0x34, 0x36, 0x33, 0x33, 0x32,
  0x17, 0x13, 0x16, 0x36, 0x35, 0x11, 0x01, 0x52, 0x07, 0x05, 0x5b, 0x05,
  0x07, 0x07, 0x05, 0x69, 0x0a, 0x03, 0x95, 0x01, 0x05, 0x01, 0x07, 0x05,
  0x5b, 0x05, 0x07, 0x07, 0x05, 0x67, 0x0a, 0x03, 0x96, 0x01, 0x05, 0x02,
  0xb5, 0x07, 0x07, 0x05, 0xfd, 0x5c, 0x05, 0x07, 0x0a, 0x01, 0xa8, 0x03,
  0x01, 0x03, 0xfe, 0x5b, 0x05, 0x07, 0x07, 0x05, 0x02, 0xa4, 0x05, 0x07,
  0x0a, 0xfe, 0x5b, 0x03, 0x01, 0x03, 0x01, 0xa2, 0xff, 0xff, 0x00, 0x36,
  0x00, 0x00, 0x01, 0xc5, 0x03, 0x7d, 0x00, 0x22, 0x00, 0x55, 0x00, 0x00,
  0x01, 0x07, 0x02, 0x8a, 0x01, 0x6f, 0x00, 0xc1, 0x00, 0x08, 0xb1, 0x01,
  0x01, 0xb0, 0xc1, 0xb0, 0x35, 0x2b, 0x00, 0x00, 0xff, 0xff, 0x00, 0x36,
  0x00, 0x00, 0x01, 0xc5, 0x03, 0x7d, 0x00, 0x22, 0x00, 0x55, 0x00, 0x00,
  0x01, 0x07, 0x02, 0xa0, 0x00, 0x64, 0x00, 0xc1, 0x00, 0x08, 0xb1, 0x01,
  0x01, 0xb0, 0xc1, 0xb0, 0x35, 0x2b, 0x00, 0x00, 0x00, 0x01, 0x00, 0x36,
  0xff, 0x4e, 0x01, 0xc5, 0x02, 0xbc, 0x00, 0x33, 0x00, 0x64, 0x40, 0x12,
  0x33, 0x22, 0x16, 0x03, 0x05, 0x00, 0x2d, 0x29, 0x1a, 0x03, 0x03, 0x05,
  0x14, 0x01, 0x02, 0x03, 0x03, 0x4c, 0x4b, 0xb0, 0x2e, 0x50, 0x58, 0x40,
  0x1e, 0x00, 0x05, 0x00, 0x03, 0x00, 0x05, 0x03, 0x80, 0x04, 0x01, 0x00,
  0x00, 0x3c, 0x4d, 0x00, 0x03, 0x03, 0x3d, 0x4d, 0x00, 0x02, 0x02, 0x01,
  0x62, 0x00, 0x01, 0x01, 0x41, 0x01, 0x4e, 0x1b, 0x40, 0x1b, 0x00, 0x05,
  0x00, 0x03, 0x00, 0x05, 0x03, 0x80, 0x00, 0x02, 0x00, 0x01, 0x02, 0x01,
  0x66, 0x04, 0x01, 0x00, 0x00, 0x3c, 0x4d, 0x00, 0x03, 0x03, 0x3d, 0x03,
  0x4e, 0x59, 0x40, 0x09, 0x37, 0x36, 0x2b, 0x14, 0x27, 0x21, 0x06, 0x0a,
  0x1c, 0x2b, 0x00, 0x36, 0x33, 0x33, 0x32, 0x16, 0x15, 0x11, 0x14, 0x06,
  0x06, 0x27, 0x22, 0x35, 0x27, 0x34, 0x17, 0x32, 0x36, 0x36, 0x35, 0x27,
  0x03, 0x26, 0x06, 0x15, 0x13, 0x14, 0x06, 0x23, 0x23, 0x22, 0x26, 0x35,
  0x11, 0x34, 0x36, 0x33, 0x33, 0x32, 0x17, 0x13, 0x16, 0x36, 0x35, 0x35,
  0x34, 0x33, 0x33, 0x32, 0x35, 0x11, 0x01, 0x52, 0x07, 0x05, 0x5b, 0x05,
  0x07, 0x15, 0x4d, 0x53, 0x0c, 0x01, 0x0d, 0x1a, 0x17, 0x05, 0x01, 0x97,
  0x01, 0x05, 0x01, 0x07, 0x05, 0x5b, 0x05, 0x07, 0x07, 0x05, 0x67, 0x0a,
  0x03, 0x8a, 0x01, 0x05, 0x06, 0x01, 0x05, 0x02, 0xb5, 0x07, 0x07, 0x05,
  0xfd, 0x50, 0x42, 0x48, 0x28, 0x01, 0x0c, 0x4c, 0x0d, 0x02, 0x11, 0x1d,
  0x1d, 0x06, 0x01, 0xaf, 0x03, 0x01, 0x03, 0xfe, 0x5b, 0x05, 0x07, 0x07,
  0x05, 0x02, 0xa4, 0x05, 0x07, 0x0a, 0xfe, 0x7d, 0x03, 0x01, 0x03, 0x36,
  0x0c, 0x05, 0x01, 0x39, 0xff, 0xff, 0x00, 0x36, 0x00, 0x00, 0x01, 0xc5,
  0x03, 0x84, 0x00, 0x22, 0x00, 0x55, 0x00, 0x00, 0x01, 0x07, 0x02, 0x90,
  0x01, 0x9b, 0x00, 0xc1, 0x00, 0x08, 0xb1, 0x01, 0x01, 0xb0, 0xc1, 0xb0,
  0x35, 0x2b, 0x00, 0x00, 0x00, 0x02, 0x00, 0x2a, 0xff, 0xf8, 0x01, 0xa9,
  0x02, 0xc4, 0x00, 0x0d, 0x00, 0x1b, 0x00, 0x2c, 0x40, 0x29, 0x00, 0x02,
  0x02, 0x00, 0x61, 0x00, 0x00, 0x00, 0x42, 0x4d, 0x05, 0x01, 0x03, 0x03,
  0x01, 0x61, 0x04, 0x01, 0x01, 0x01, 0x43, 0x01, 0x4e, 0x0e, 0x0e, 0x00,
  0x00, 0x0e, 0x1b, 0x0e, 0x1a, 0x15, 0x13, 0x00, 0x0d, 0x00, 0x0c, 0x25,
  0x06, 0x0a, 0x17, 0x2b, 0x16, 0x26, 0x35, 0x11, 0x34, 0x36, 0x33, 0x32,
  0x16, 0x15, 0x11, 0x14, 0x06, 0x23, 0x36, 0x36, 0x35, 0x11, 0x34, 0x26,
  0x23, 0x22, 0x06, 0x15, 0x11, 0x14, 0x16, 0x33, 0x93, 0x69, 0x69, 0x56,
  0x56, 0x6a, 0x6a, 0x56, 0x22, 0x2a, 0x2a, 0x22, 0x22, 0x29, 0x29, 0x22,
  0x08, 0x68, 0x56, 0x01, 0x50, 0x56, 0x68, 0x68, 0x56, 0xfe, 0xb0, 0x56,
  0x68, 0x64, 0x2f, 0x26, 0x01, 0x5a, 0x26, 0x2f, 0x2f, 0x26, 0xfe, 0xa6,
  0x26, 0x2f, 0x00, 0x00, 0xff, 0xff, 0x00, 0x2a, 0xff, 0xf8, 0x01, 0xa9,
  0x03, 0x78, 0x00, 0x22, 0x00, 0x5a, 0x00, 0x00, 0x01, 0x07, 0x02, 0x8a,
  0x01, 0x5c, 0x00, 0xbc, 0x00, 0x08, 0xb1, 0x02, 0x01, 0xb0, 0xbc, 0xb0,
  0x35, 0x2b, 0x00, 0x00, 0xff, 0xff, 0x00, 0x2a, 0xff, 0xf8, 0x01, 0xa9,
  0x03, 0x78, 0x00, 0x22, 0x00, 0x5a, 0x00, 0x00, 0x01, 0x07, 0x02, 0x8c,
  0x01, 0x84, 0x00, 0xbc, 0x00, 0x08, 0xb1, 0x02, 0x01, 0xb0, 0xbc, 0xb0,
  0x35, 0x2b, 0x00, 0x00, 0xff, 0xff, 0x00, 0x2a, 0xff, 0xf8, 0x02, 0x07,
  0x03, 0xc8, 0x00, 0x22, 0x00, 0x5a, 0x00, 0x00, 0x01, 0x07, 0x02, 0xb1,
  0x02, 0x91, 0x00, 0xbc, 0x00, 0x08, 0xb1, 0x02, 0x02, 0xb0, 0xbc, 0xb0,
  0x35, 0x2b, 0x00, 0x00, 0xff, 0xff, 0x00, 0x2a, 0xff, 0x21, 0x01, 0xa9,
  0x03, 0x78, 0x00, 0x22, 0x00, 0x5a, 0x00, 0x00, 0x00, 0x23, 0x02, 0x96,
  0x01, 0x37, 0x00, 0x00, 0x01, 0x07, 0x02, 0x8c, 0x01, 0x84, 0x00, 0xbc,
  0x00, 0x08, 0xb1, 0x03, 0x01, 0xb0, 0xbc, 0xb0, 0x35, 0x2b, 0x00, 0x00,
  0xff, 0xff, 0x00, 0x2a, 0xff, 0xf8, 0x01, 0xab, 0x03, 0xf0, 0x00, 0x22,
  0x00, 0x5a, 0x00, 0x00, 0x01, 0x07, 0x02, 0xb2, 0x02, 0xa4, 0x00, 0xbc,
  0x00, 0x08, 0xb1, 0x02, 0x02, 0xb0, 0xbc, 0xb0, 0x35, 0x2b, 0x00, 0x00,
  0xff, 0xff, 0x00, 0x2a, 0xff, 0xf8, 0x01, 0xd3, 0x04, 0x16, 0x00, 0x22,
  0x00, 0x5a, 0x00, 0x00, 0x01, 0x07, 0x02, 0xb3, 0x02, 0xa4, 0x00, 0xbc,
  0x00, 0x08, 0xb1, 0x02, 0x02, 0xb0, 0xbc, 0xb0, 0x35, 0x2b, 0x00, 0x00,
  0xff, 0xff, 0x00, 0x2a, 0xff, 0xf8, 0x01, 0xa9, 0x04, 0x0b, 0x00, 0x22,
  0x00, 0x5a, 0x00, 0x00, 0x01, 0x07, 0x02, 0xb4, 0x02, 0xa4, 0x00, 0xbc,
  0x00, 0x08, 0xb1, 0x02, 0x02, 0xb0, 0xbc, 0xb0, 0x35, 0x2b, 0x00, 0x00,
  0xff, 0xff, 0x00, 0x2a, 0xff, 0xf8, 0x01, 0xa9, 0x03, 0x8f, 0x00, 0x22,
  0x00, 0x5a, 0x00, 0x00, 0x01, 0x07, 0x02, 0x87, 0x01, 0x85, 0x00, 0xbc,
  0x00, 0x08, 0xb1, 0x02, 0x02, 0xb0, 0xbc, 0xb0, 0x35, 0x2b, 0x00, 0x00,
  0xff, 0xff, 0x00, 0x2a, 0xff, 0x21, 0x01, 0xa9, 0x02, 0xc4, 0x00, 0x22,
  0x00, 0x5a, 0x00, 0x00, 0x00, 0x03, 0x02, 0x96, 0x01, 0x37, 0x00, 0x00,
  0xff, 0xff, 0x00, 0x2a, 0xff, 0xf8, 0x01, 0xa9, 0x03, 0x78, 0x00, 0x22,
  0x00, 0x5a, 0x00, 0x00, 0x01, 0x07, 0x02, 0x89, 0x01, 0x1a, 0x00, 0xbc,
  0x00, 0x08, 0xb1, 0x02, 0x01, 0xb0, 0xbc, 0xb0, 0x35, 0x2b, 0x00, 0x00,
  0xff, 0xff, 0x00, 0x2a, 0xff, 0xf8, 0x01, 0xa9, 0x03, 0xa6, 0x00, 0x22,
  0x00, 0x5a, 0x00, 0x00, 0x01, 0x07, 0x02, 0x92, 0x02, 0x22, 0x00, 0xbc,
  0x00, 0x08, 0xb1, 0x02, 0x01, 0xb0, 0xbc, 0xb0, 0x35, 0x2b, 0x00, 0x00,
  0x00, 0x02, 0x00, 0x2a, 0xff, 0xf8, 0x01, 0xa9, 0x03, 0x0f, 0x00, 0x1d,
  0x00, 0x2b, 0x00, 0x58, 0xb5, 0x15, 0x01, 0x01, 0x03, 0x01, 0x4c, 0x4b,
  0xb0, 0x22, 0x50, 0x58, 0x40, 0x1b, 0x00, 0x03, 0x01, 0x03, 0x85, 0x00,
  0x04, 0x04, 0x01, 0x61, 0x02, 0x01, 0x01, 0x01, 0x42, 0x4d, 0x00, 0x05,
  0x05, 0x00, 0x62, 0x00, 0x00, 0x00, 0x43, 0x00, 0x4e, 0x1b, 0x40, 0x1f,
  0x00, 0x03, 0x01, 0x03, 0x85, 0x00, 0x02, 0x02, 0x3c, 0x4d, 0x00, 0x04,
  0x04, 0x01, 0x61, 0x00, 0x01, 0x01, 0x42, 0x4d, 0x00, 0x05, 0x05, 0x00,
  0x62, 0x00, 0x00, 0x00, 0x43, 0x00, 0x4e, 0x59, 0x40, 0x09, 0x25, 0x28,
  0x23, 0x31, 0x25, 0x26, 0x06, 0x0a, 0x1c, 0x2b, 0x00, 0x17, 0x16, 0x15,
  0x11, 0x14, 0x06, 0x23, 0x22, 0x26, 0x35, 0x11, 0x34, 0x36, 0x33, 0x32,
  0x17, 0x16, 0x33, 0x36, 0x36, 0x37, 0x34, 0x33, 0x33, 0x32, 0x16, 0x07,
  0x06, 0x07, 0x07, 0x34, 0x26, 0x23, 0x22, 0x06, 0x15, 0x11, 0x14, 0x16,
  0x33, 0x32, 0x36, 0x35, 0x01, 0x6b, 0x03, 0x3b, 0x6a, 0x56, 0x56, 0x69,
  0x69, 0x56, 0x1a, 0x20, 0x02, 0x04, 0x16, 0x20, 0x03, 0x0c, 0x27, 0x06,
  0x06, 0x01, 0x06, 0x2b, 0x3a, 0x2a, 0x22, 0x22, 0x29, 0x29, 0x22, 0x22,
  0x2a, 0x02, 0x9a, 0x04, 0x35, 0x5b, 0xfe, 0xb0, 0x56, 0x68, 0x68, 0x56,
  0x01, 0x50, 0x56, 0x68, 0x07, 0x01, 0x02, 0x22, 0x23, 0x0c, 0x09, 0x09,
  0x40, 0x20, 0x92, 0x26, 0x2f, 0x2f, 0x26, 0xfe, 0xa6, 0x26, 0x2f, 0x2f,
  0x26, 0x00, 0x00, 0x00, 0xff, 0xff, 0x00, 0x2a, 0xff, 0xf8, 0x01, 0xa9,
  0x03, 0x78, 0x00, 0x22, 0x00, 0x66, 0x00, 0x00, 0x01, 0x07, 0x02, 0x8a,
  0x01, 0x5c, 0x00, 0xbc, 0x00, 0x08, 0xb1, 0x02, 0x01, 0xb0, 0xbc, 0xb0,
  0x35, 0x2b, 0x00, 0x00, 0xff, 0xff, 0x00, 0x2a, 0xff, 0x21, 0x01, 0xa9,
  0x03, 0x0f, 0x00, 0x22, 0x00, 0x66, 0x00, 0x00, 0x00, 0x03, 0x02, 0x96,
  0x01, 0x37, 0x00, 0x00, 0xff, 0xff, 0x00, 0x2a, 0xff, 0xf8, 0x01, 0xa9,
  0x03, 0x78, 0x00, 0x22, 0x00, 0x66, 0x00, 0x00, 0x01, 0x07, 0x02, 0x89,
  0x01, 0x1a, 0x00, 0xbc, 0x00, 0x08, 0xb1, 0x02, 0x01, 0xb0, 0xbc, 0xb0,
  0x35, 0x2b, 0x00, 0x00, 0xff, 0xff, 0x00, 0x2a, 0xff, 0xf8, 0x01, 0xa9,
  0x03, 0xa6, 0x00, 0x22, 0x00, 0x66, 0x00, 0x00, 0x01, 0x07, 0x02, 0x92,
  0x02, 0x22, 0x00, 0xbc, 0x00, 0x08, 0xb1, 0x02, 0x01, 0xb0, 0xbc, 0xb0,
  0x35, 0x2b, 0x00, 0x00, 0xff, 0xff, 0x00, 0x2a, 0xff, 0xf8, 0x01, 0xa9,
  0x03, 0x7f, 0x00, 0x22, 0x00, 0x66, 0x00, 0x00, 0x01, 0x07, 0x02, 0x90,
  0x01, 0x88, 0x00, 0xbc, 0x00, 0x08, 0xb1, 0x02, 0x01, 0xb0, 0xbc, 0xb0,
  0x35, 0x2b, 0x00, 0x00, 0xff, 0xff, 0x00, 0x2a, 0xff, 0xf8, 0x01, 0xa9,
  0x03, 0x78, 0x00, 0x22, 0x00, 0x5a, 0x00, 0x00, 0x01, 0x07, 0x02, 0x8b,
  0x01, 0xb9, 0x00, 0xbc, 0x00, 0x08, 0xb1, 0x02, 0x02, 0xb0, 0xbc, 0xb0,
  0x35, 0x2b, 0x00, 0x00, 0xff, 0xff, 0x00, 0x2a, 0xff, 0xf8, 0x01, 0xa9,
  0x03, 0x56, 0x00, 0x22, 0x00, 0x5a, 0x00, 0x00, 0x01, 0x07, 0x02, 0xa7,
  0x00, 0x23, 0x00, 0xbc, 0x00, 0x08, 0xb1, 0x02, 0x01, 0xb0, 0xbc, 0xb0,
  0x35, 0x2b, 0x00, 0x00, 0x00, 0x03, 0x00, 0x1c, 0xff, 0xd1, 0x01, 0xb8,
  0x02, 0xe9, 0x00, 0x26, 0x00, 0x32, 0x00, 0x3e, 0x00, 0x35, 0x40, 0x32,
  0x1f, 0x02, 0x02, 0x02, 0x01, 0x37, 0x33, 0x2b, 0x27, 0x04, 0x03, 0x02,
  0x15, 0x0c, 0x02, 0x00, 0x03, 0x03, 0x4c, 0x00, 0x02, 0x02, 0x01, 0x61,
  0x00, 0x01, 0x01, 0x42, 0x4d, 0x00, 0x03, 0x03, 0x00, 0x61, 0x00, 0x00,
  0x00, 0x43, 0x00, 0x4e, 0x3c, 0x3a, 0x30, 0x2e, 0x1e, 0x1c, 0x29, 0x04,
  0x0a, 0x17, 0x2b, 0x00, 0x07, 0x07, 0x06, 0x17, 0x16, 0x15, 0x11, 0x14,
  0x06, 0x23, 0x22, 0x27, 0x26, 0x07, 0x07, 0x06, 0x27, 0x27, 0x26, 0x37,
  0x37, 0x36, 0x27, 0x26, 0x35, 0x11, 0x34, 0x36, 0x33, 0x32, 0x17, 0x16,
  0x37, 0x37, 0x36, 0x36, 0x17, 0x17, 0x01, 0x14, 0x32, 0x37, 0x13, 0x36,
  0x27, 0x26, 0x23, 0x22, 0x06, 0x15, 0x17, 0x34, 0x22, 0x07, 0x03, 0x06,
  0x17, 0x16, 0x33, 0x32, 0x36, 0x35, 0x01, 0xb8, 0x05, 0x1f, 0x01, 0x01,
  0x17, 0x6a, 0x56, 0x39, 0x2b, 0x05, 0x02, 0x17, 0x04, 0x0c, 0x33, 0x0a,
  0x05, 0x22, 0x01, 0x01, 0x17, 0x69, 0x56, 0x3b, 0x2a, 0x05, 0x02, 0x17,
  0x02, 0x09, 0x05, 0x30, 0xfe, 0xf2, 0x04, 0x02, 0x7f, 0x02, 0x03, 0x15,
  0x24, 0x22, 0x29, 0x97, 0x04, 0x02, 0x7f, 0x02, 0x03, 0x15, 0x23, 0x22,
  0x2a, 0x02, 0xc1, 0x0a, 0x48, 0x04, 0x02, 0x2b, 0x38, 0xfe, 0xb0, 0x56,
  0x68, 0x17, 0x03, 0x05, 0x32, 0x0a, 0x05, 0x1a, 0x05, 0x0b, 0x4d, 0x04,
  0x02, 0x2b, 0x38, 0x01, 0x50, 0x56, 0x68, 0x18, 0x03, 0x05, 0x32, 0x05,
  0x04, 0x04, 0x1e, 0xfe, 0x60, 0x04, 0x03, 0x01, 0x19, 0x04, 0x03, 0x1a,
  0x2f, 0x26, 0x76, 0x04, 0x03, 0xfe, 0xe7, 0x04, 0x03, 0x1a, 0x2f, 0x26,
  0xff, 0xff, 0x00, 0x2a, 0xff, 0xf8, 0x01, 0xa9, 0x03, 0x7f, 0x00, 0x22,
  0x00, 0x5a, 0x00, 0x00, 0x01, 0x07, 0x02, 0x90, 0x01, 0x88, 0x00, 0xbc,
  0x00, 0x08, 0xb1, 0x02, 0x01, 0xb0, 0xbc, 0xb0, 0x35, 0x2b, 0x00, 0x00,
  0x00, 0x02, 0x00, 0x2a, 0xff, 0xf8, 0x02, 0x92, 0x02, 0xc4, 0x00, 0x3f,
  0x00, 0x4d, 0x00, 0xb3, 0x4b, 0xb0, 0x1e, 0x50, 0x58, 0x40, 0x1a, 0x3f,
  0x33, 0x02, 0x00, 0x06, 0x06, 0x05, 0x02, 0x01, 0x00, 0x0d, 0x01, 0x02,
  0x01, 0x14, 0x13, 0x02, 0x03, 0x02, 0x23, 0x1b, 0x02, 0x04, 0x03, 0x05,
  0x4c, 0x1b, 0x40, 0x1a, 0x3f, 0x33, 0x02, 0x08, 0x07, 0x06, 0x05, 0x02,
  0x01, 0x00, 0x0d, 0x01, 0x02, 0x01, 0x14, 0x13, 0x02, 0x03, 0x02, 0x23,
  0x1b, 0x02, 0x04, 0x09, 0x05, 0x4c, 0x59, 0x4b, 0xb0, 0x1e, 0x50, 0x58,
  0x40, 0x22, 0x00, 0x01, 0x00, 0x02, 0x03, 0x01, 0x02, 0x67, 0x08, 0x01,
  0x00, 0x00, 0x06, 0x61, 0x07, 0x01, 0x06, 0x06, 0x42, 0x4d, 0x0a, 0x09,
  0x02, 0x03, 0x03, 0x04, 0x61, 0x05, 0x01, 0x04, 0x04, 0x3d, 0x04, 0x4e,
  0x1b, 0x40, 0x32, 0x00, 0x01, 0x00, 0x02, 0x03, 0x01, 0x02, 0x67, 0x00,
  0x08, 0x08, 0x06, 0x61, 0x00, 0x06, 0x06, 0x42, 0x4d, 0x00, 0x00, 0x00,
  0x07, 0x5f, 0x00, 0x07, 0x07, 0x3c, 0x4d, 0x00, 0x03, 0x03, 0x04, 0x5f,
  0x00, 0x04, 0x04, 0x3d, 0x4d, 0x0a, 0x01, 0x09, 0x09, 0x05, 0x61, 0x00,
  0x05, 0x05, 0x43, 0x05, 0x4e, 0x59, 0x40, 0x12, 0x40, 0x40, 0x40, 0x4d,
  0x40, 0x4c, 0x2a, 0x27, 0x27, 0x28, 0x26, 0x15, 0x26, 0x15, 0x21, 0x0b,
  0x0a, 0x1f, 0x2b, 0x00, 0x06, 0x23, 0x23, 0x22, 0x15, 0x15, 0x14, 0x33,
  0x33, 0x32, 0x16, 0x15, 0x15, 0x14, 0x06, 0x23, 0x23, 0x22, 0x15, 0x15,
  0x14, 0x33, 0x33, 0x32, 0x16, 0x15, 0x15, 0x14, 0x06, 0x23, 0x21, 0x22,
  0x26, 0x35, 0x35, 0x34, 0x26, 0x07, 0x06, 0x23, 0x22, 0x26, 0x26, 0x35,
  0x11, 0x34, 0x36, 0x36, 0x33, 0x32, 0x17, 0x16, 0x36, 0x35, 0x35, 0x34,
  0x36, 0x33, 0x21, 0x32, 0x16, 0x15, 0x15, 0x00, 0x36, 0x35, 0x11, 0x34,
  0x26, 0x23, 0x22, 0x06, 0x15, 0x11, 0x14, 0x16, 0x33, 0x02, 0x92, 0x07,
  0x05, 0xd8, 0x05, 0x05, 0x80, 0x05, 0x07, 0x07, 0x05, 0x80, 0x05, 0x05,
  0xd8, 0x05, 0x07, 0x07, 0x05, 0xfe, 0xbb, 0x05, 0x07, 0x04, 0x02, 0x27,
  0x3b, 0x2c, 0x4a, 0x2d, 0x2d, 0x4a, 0x2c, 0x3b, 0x27, 0x02, 0x04, 0x07,
  0x05, 0x01, 0x45, 0x05, 0x07, 0xfe, 0x79, 0x2a, 0x2a, 0x22, 0x22, 0x29,
  0x29, 0x22, 0x02, 0x5f, 0x07, 0x05, 0xbd, 0x05, 0x07, 0x05, 0x4d, 0x05,
  0x07, 0x05, 0xbe, 0x05, 0x07, 0x05, 0x4c, 0x05, 0x07, 0x07, 0x05, 0x0c,
  0x03, 0x01, 0x02, 0x22, 0x30, 0x56, 0x38, 0x01, 0x50, 0x38, 0x56, 0x30,
  0x22, 0x02, 0x01, 0x03, 0x0c, 0x05, 0x07, 0x07, 0x05, 0x4c, 0xfd, 0xf8,
  0x2f, 0x26, 0x01, 0x5a, 0x26, 0x2f, 0x2f, 0x26, 0xfe, 0xa6, 0x26, 0x2f,
  0x00, 0x02, 0x00, 0x35, 0x00, 0x00, 0x01, 0xb0, 0x02, 0xbd, 0x00, 0x16,
  0x00, 0x23, 0x00, 0x40, 0x40, 0x3d, 0x12, 0x01, 0x03, 0x02, 0x20, 0x1f,
  0x02, 0x04, 0x03, 0x0a, 0x09, 0x02, 0x01, 0x00, 0x03, 0x4c, 0x06, 0x01,
  0x04, 0x00, 0x00, 0x01, 0x04, 0x00, 0x67, 0x00, 0x03, 0x03, 0x02, 0x5f,
  0x05, 0x01, 0x02, 0x02, 0x3c, 0x4d, 0x00, 0x01, 0x01, 0x3d, 0x01, 0x4e,
  0x17, 0x17, 0x00, 0x00, 0x17, 0x23, 0x17, 0x22, 0x1d, 0x1b, 0x00, 0x16,
  0x00, 0x14, 0x25, 0x25, 0x07, 0x0a, 0x18, 0x2b, 0x00, 0x16, 0x16, 0x15,
  0x14, 0x06, 0x23, 0x23, 0x22, 0x15, 0x11, 0x14, 0x06, 0x23, 0x23, 0x22,
  0x26, 0x35, 0x11, 0x34, 0x36, 0x33, 0x33, 0x12, 0x36, 0x35, 0x34, 0x26,
  0x23, 0x23, 0x22, 0x15, 0x15, 0x14, 0x33, 0x33, 0x01, 0x32, 0x51, 0x2d,
  0x5f, 0x4e, 0x55, 0x05, 0x07, 0x05, 0x5c, 0x05, 0x07, 0x07, 0x05, 0xbc,
  0x12, 0x2d, 0x2d, 0x25, 0x3c, 0x05, 0x05, 0x3c, 0x02, 0xbd, 0x34, 0x5e,
  0x3c, 0x5a, 0x6e, 0x05, 0xfe, 0xea, 0x05, 0x07, 0x07, 0x05, 0x02, 0xa5,
  0x05, 0x07, 0xfe, 0xc5, 0x39, 0x31, 0x32, 0x3b, 0x05, 0xcd, 0x05, 0x00,
  0x00, 0x02, 0x00, 0x35, 0x00, 0x00, 0x01, 0xb0, 0x02, 0xbc, 0x00, 0x1d,
  0x00, 0x2a, 0x00, 0x45, 0x40, 0x42, 0x1a, 0x12, 0x02, 0x03, 0x02, 0x27,
  0x26, 0x02, 0x05, 0x04, 0x0a, 0x09, 0x02, 0x01, 0x00, 0x03, 0x4c, 0x06,
  0x01, 0x03, 0x00, 0x04, 0x05, 0x03, 0x04, 0x69, 0x07, 0x01, 0x05, 0x00,
  0x00, 0x01, 0x05, 0x00, 0x67, 0x00, 0x02, 0x02, 0x3c, 0x4d, 0x00, 0x01,
  0x01, 0x3d, 0x01, 0x4e, 0x1e, 0x1e, 0x00, 0x00, 0x1e, 0x2a, 0x1e, 0x29,
  0x24, 0x22, 0x00, 0x1d, 0x00, 0x1c, 0x26, 0x25, 0x25, 0x08, 0x0a, 0x19,
  0x2b, 0x00, 0x16, 0x16, 0x15, 0x14, 0x06, 0x23, 0x23, 0x22, 0x15, 0x15,
  0x14, 0x06, 0x23, 0x23, 0x22, 0x26, 0x35, 0x11, 0x34, 0x36, 0x33, 0x33,
  0x32, 0x16, 0x15, 0x15, 0x14, 0x33, 0x33, 0x12, 0x36, 0x35, 0x34, 0x26,
  0x23, 0x23, 0x22, 0x15, 0x15, 0x14, 0x33, 0x33, 0x01, 0x31, 0x52, 0x2d,
  0x60, 0x4e, 0x54, 0x05, 0x07, 0x05, 0x5c, 0x05, 0x07, 0x07, 0x05, 0x5c,
  0x05, 0x07, 0x05, 0x4f, 0x12, 0x2d, 0x2d, 0x25, 0x3c, 0x05, 0x05, 0x3c,
  0x02, 0x2b, 0x34, 0x5e, 0x3d, 0x5b, 0x6e, 0x05, 0x82, 0x05, 0x07, 0x07,
  0x05, 0x02, 0xa4, 0x05, 0x07, 0x07, 0x05, 0x80, 0x05, 0xfe, 0xc5, 0x39,
  0x31, 0x32, 0x3a, 0x05, 0xcc, 0x05, 0x00, 0x00, 0x00, 0x02, 0x00, 0x2a,
  0xff, 0x98, 0x01, 0x9d, 0x02, 0xc4, 0x00, 0x1a, 0x00, 0x28, 0x00, 0x2c,
  0x40, 0x29, 0x11, 0x09, 0x08, 0x03, 0x00, 0x03, 0x01, 0x4c, 0x00, 0x03,
  0x00, 0x00, 0x03, 0x00, 0x63, 0x00, 0x02, 0x02, 0x01, 0x61, 0x04, 0x01,
  0x01, 0x01, 0x42, 0x02, 0x4e, 0x00, 0x00, 0x26, 0x24, 0x1f, 0x1d, 0x00,
  0x1a, 0x00, 0x19, 0x2b, 0x05, 0x0a, 0x17, 0x2b, 0x00, 0x16, 0x15, 0x11,
  0x14, 0x06, 0x07, 0x06, 0x15, 0x15, 0x14, 0x06, 0x23, 0x23, 0x22, 0x26,
  0x35, 0x35, 0x34, 0x27, 0x26, 0x26, 0x35, 0x11, 0x34, 0x36, 0x33, 0x17,
  0x34, 0x26, 0x23, 0x22, 0x06, 0x15, 0x11, 0x14, 0x16, 0x33, 0x32, 0x36,
  0x35, 0x01, 0x37, 0x66, 0x42, 0x3a, 0x04, 0x07, 0x05, 0x5c, 0x05, 0x07,
  0x04, 0x39, 0x42, 0x66, 0x53, 0x46, 0x27, 0x1f, 0x1f, 0x26, 0x26, 0x1f,
  0x1f, 0x27, 0x02, 0xc4, 0x6c, 0x57, 0xfe, 0xba, 0x45, 0x63, 0x12, 0x01,
  0x04, 0x58, 0x05, 0x07, 0x07, 0x05, 0x58, 0x04, 0x01, 0x13, 0x62, 0x45,
  0x01, 0x46, 0x57, 0x6c, 0xb7, 0x25, 0x2e, 0x2e, 0x25, 0xfe, 0xa2, 0x25,
  0x2e, 0x2e, 0x25, 0x00, 0x00, 0x02, 0x00, 0x36, 0x00, 0x00, 0x01, 0xb6,
  0x02, 0xbc, 0x00, 0x23, 0x00, 0x30, 0x00, 0x41, 0x40, 0x3e, 0x10, 0x01,
  0x05, 0x02, 0x26, 0x25, 0x02, 0x04, 0x05, 0x1d, 0x01, 0x00, 0x04, 0x08,
  0x07, 0x02, 0x01, 0x00, 0x04, 0x4c, 0x00, 0x04, 0x00, 0x00, 0x01, 0x04,
  0x00, 0x67, 0x00, 0x05, 0x05, 0x02, 0x5f, 0x00, 0x02, 0x02, 0x3c, 0x4d,
  0x06, 0x03, 0x02, 0x01, 0x01, 0x3d, 0x01, 0x4e, 0x00, 0x00, 0x30, 0x2e,
  0x2a, 0x28, 0x00, 0x23, 0x00, 0x21, 0x36, 0x25, 0x14, 0x07, 0x0a, 0x19,
  0x2b, 0x20, 0x27, 0x03, 0x26, 0x23, 0x23, 0x22, 0x15, 0x11, 0x14, 0x06,
  0x23, 0x23, 0x22, 0x26, 0x35, 0x11, 0x34, 0x36, 0x33, 0x33, 0x32, 0x16,
  0x16, 0x15, 0x14, 0x06, 0x07, 0x06, 0x17, 0x13, 0x16, 0x15, 0x14, 0x23,
  0x23, 0x02, 0x15, 0x15, 0x14, 0x33, 0x33, 0x32, 0x36, 0x35, 0x34, 0x26,
  0x23, 0x23, 0x01, 0x41, 0x03, 0x55, 0x02, 0x03, 0x35, 0x05, 0x07, 0x05,
  0x5c, 0x05, 0x07, 0x07, 0x05, 0xbc, 0x35, 0x51, 0x2d, 0x30, 0x2b, 0x04,
  0x01, 0x62, 0x01, 0x0b, 0x60, 0xa1, 0x05, 0x3d, 0x24, 0x2d, 0x2d, 0x24,
  0x3d, 0x0a, 0x01, 0x1f, 0x04, 0x05, 0xfe, 0xe4, 0x05, 0x07, 0x07, 0x05,
  0x02, 0xa4, 0x05, 0x07, 0x33, 0x5d, 0x3c, 0x3e, 0x5a, 0x17, 0x01, 0x05,
  0xfe, 0xd3, 0x02, 0x03, 0x09, 0x02, 0x58, 0x05, 0xc7, 0x05, 0x38, 0x30,
  0x30, 0x39, 0x00, 0x00, 0xff, 0xff, 0x00, 0x36, 0x00, 0x00, 0x01, 0xb6,
  0x03, 0x79, 0x00, 0x22, 0x00, 0x74, 0x00, 0x00, 0x01, 0x07, 0x02, 0x8a,
  0x01, 0x56, 0x00, 0xbd, 0x00, 0x08, 0xb1, 0x02, 0x01, 0xb0, 0xbd, 0xb0,
  0x35, 0x2b, 0x00, 0x00, 0xff, 0xff, 0x00, 0x36, 0x00, 0x00, 0x01, 0xb6,
  0x03, 0x79, 0x00, 0x22, 0x00, 0x74, 0x00, 0x00, 0x01, 0x07, 0x02, 0xa0,
  0x00, 0x4b, 0x00, 0xbd, 0x00, 0x08, 0xb1, 0x02, 0x01, 0xb0, 0xbd, 0xb0,
  0x35, 0x2b, 0x00, 0x00, 0x00, 0x01, 0x00, 0x20, 0xff, 0xf8, 0x01, 0x94,
  0x02, 0xc4, 0x00, 0x38, 0x00, 0x40, 0x40, 0x3d, 0x20, 0x01, 0x03, 0x04,
  0x03, 0x01, 0x01, 0x00, 0x02, 0x4c, 0x00, 0x03, 0x04, 0x00, 0x04, 0x03,
  0x00, 0x80, 0x00, 0x00, 0x01, 0x04, 0x00, 0x01, 0x7e, 0x00, 0x04, 0x04,
  0x02, 0x61, 0x00, 0x02, 0x02, 0x42, 0x4d, 0x00, 0x01, 0x01, 0x05, 0x61,
  0x06, 0x01, 0x05, 0x05, 0x43, 0x05, 0x4e, 0x00, 0x00, 0x00, 0x38, 0x00,
  0x37, 0x26, 0x25, 0x2c, 0x26, 0x25, 0x07, 0x0a, 0x1b, 0x2b, 0x16, 0x26,
  0x35, 0x35, 0x34, 0x36, 0x33, 0x33, 0x32, 0x16, 0x15, 0x15, 0x14, 0x16,
  0x33, 0x32, 0x36, 0x35, 0x34, 0x26, 0x26, 0x27, 0x2e, 0x02, 0x35, 0x34,
  0x36, 0x33, 0x32, 0x16, 0x15, 0x15, 0x14, 0x06, 0x23, 0x23, 0x22, 0x26,
  0x35, 0x35, 0x34, 0x26, 0x23, 0x22, 0x06, 0x15, 0x14, 0x16, 0x17, 0x1e,
  0x02, 0x15, 0x14, 0x06, 0x23, 0x88, 0x66, 0x07, 0x05, 0x5b, 0x05, 0x07,
  0x27, 0x1f, 0x1f, 0x28, 0x16, 0x28, 0x2c, 0x32, 0x3d, 0x29, 0x64, 0x52,
  0x53, 0x66, 0x07, 0x05, 0x5a, 0x05, 0x07, 0x27, 0x20, 0x1e, 0x26, 0x29,
  0x3c, 0x3d, 0x3e, 0x22, 0x66, 0x53, 0x08, 0x64, 0x51, 0x1a, 0x05, 0x07,
  0x07, 0x05, 0x14, 0x27, 0x30, 0x2d, 0x25, 0x1a, 0x26, 0x22, 0x20, 0x24,
  0x38, 0x4f, 0x34, 0x53, 0x62, 0x67, 0x55, 0x18, 0x05, 0x07, 0x07, 0x05,
  0x1a, 0x27, 0x2f, 0x2b, 0x26, 0x24, 0x32, 0x2c, 0x2d, 0x39, 0x44, 0x2f,
  0x55, 0x67, 0x00, 0x00, 0xff, 0xff, 0x00, 0x20, 0xff, 0xf8, 0x01, 0x94,
  0x03, 0x79, 0x00, 0x22, 0x00, 0x77, 0x00, 0x00, 0x01, 0x07, 0x02, 0x8a,
  0x01, 0x49, 0x00, 0xbd, 0x00, 0x08, 0xb1, 0x01, 0x01, 0xb0, 0xbd, 0xb0,
  0x35, 0x2b, 0x00, 0x00, 0xff, 0xff, 0x00, 0x20, 0xff, 0xf8, 0x01, 0x94,
  0x03, 0x79, 0x00, 0x22, 0x00, 0x77, 0x00, 0x00, 0x01, 0x07, 0x02, 0xa0,
  0x00, 0x3d, 0x00, 0xbd, 0x00, 0x08, 0xb1, 0x01, 0x01, 0xb0, 0xbd, 0xb0,
  0x35, 0x2b, 0x00, 0x00, 0x00, 0x01, 0x00, 0x20, 0xff, 0x47, 0x01, 0x94,
  0x02, 0xc4, 0x00, 0x4c, 0x00, 0x71, 0x40, 0x0e, 0x37, 0x01, 0x04, 0x05,
  0x1a, 0x01, 0x02, 0x01, 0x02, 0x01, 0x00, 0x02, 0x03, 0x4c, 0x4b, 0xb0,
  0x2e, 0x50, 0x58, 0x40, 0x24, 0x00, 0x04, 0x05, 0x01, 0x05, 0x04, 0x01,
  0x80, 0x00, 0x01, 0x02, 0x05, 0x01, 0x02, 0x7e, 0x00, 0x05, 0x05, 0x03,
  0x61, 0x00, 0x03, 0x03, 0x42, 0x4d, 0x00, 0x02, 0x02, 0x00, 0x61, 0x00,
  0x00, 0x00, 0x41, 0x00, 0x4e, 0x1b, 0x40, 0x21, 0x00, 0x04, 0x05, 0x01,
  0x05, 0x04, 0x01, 0x80, 0x00, 0x01, 0x02, 0x05, 0x01, 0x02, 0x7e, 0x00,
  0x02, 0x00, 0x00, 0x02, 0x00, 0x65, 0x00, 0x05, 0x05, 0x03, 0x61, 0x00,
  0x03, 0x03, 0x42, 0x05, 0x4e, 0x59, 0x40, 0x0e, 0x43, 0x41, 0x3b, 0x39,
  0x34, 0x32, 0x26, 0x24, 0x1e, 0x1c, 0x28, 0x06, 0x0a, 0x17, 0x2b, 0x24,
  0x06, 0x07, 0x06, 0x17, 0x16, 0x15, 0x14, 0x06, 0x23, 0x22, 0x27, 0x26,
  0x37, 0x37, 0x36, 0x17, 0x16, 0x36, 0x35, 0x34, 0x27, 0x27, 0x26, 0x26,
  0x35, 0x35, 0x34, 0x36, 0x33, 0x33, 0x32, 0x16, 0x15, 0x15, 0x14, 0x16,
  0x33, 0x32, 0x36, 0x35, 0x34, 0x26, 0x26, 0x27, 0x2e, 0x02, 0x35, 0x34,
  0x36, 0x33, 0x32, 0x16, 0x15, 0x15, 0x14, 0x06, 0x23, 0x23, 0x22, 0x26,
  0x35, 0x35, 0x34, 0x26, 0x23, 0x22, 0x06, 0x15, 0x14, 0x16, 0x17, 0x1e,
  0x02, 0x15, 0x01, 0x94, 0x4c, 0x41, 0x06, 0x04, 0x26, 0x31, 0x24, 0x13,
  0x16, 0x0a, 0x01, 0x05, 0x01, 0x0d, 0x11, 0x17, 0x2b, 0x05, 0x41, 0x4c,
  0x07, 0x05, 0x5b, 0x05, 0x07, 0x27, 0x1f, 0x1f, 0x28, 0x16, 0x28, 0x2c,
  0x32, 0x3d, 0x29, 0x64, 0x52, 0x53, 0x66, 0x07, 0x05, 0x5a, 0x05, 0x07,
  0x27, 0x20, 0x1e, 0x26, 0x29, 0x3c, 0x3d, 0x3e, 0x22, 0x6b, 0x61, 0x0e,
  0x02, 0x04, 0x2c, 0x2d, 0x2f, 0x27, 0x06, 0x03, 0x0b, 0x23, 0x0c, 0x02,
  0x03, 0x13, 0x16, 0x23, 0x29, 0x03, 0x0c, 0x5f, 0x45, 0x1a, 0x05, 0x07,
  0x07, 0x05, 0x14, 0x27, 0x30, 0x2d, 0x25, 0x1a, 0x26, 0x22, 0x20, 0x24,
  0x38, 0x4f, 0x34, 0x53, 0x62, 0x67, 0x55, 0x18, 0x05, 0x07, 0x07, 0x05,
  0x1a, 0x27, 0x2f, 0x2b, 0x26, 0x24, 0x32, 0x2c, 0x2d, 0x39, 0x44, 0x2f,
  0xff, 0xff, 0x00, 0x20, 0xff, 0xf8, 0x01, 0x94, 0x03, 0x79, 0x00, 0x22,
  0x00, 0x77, 0x00, 0x00, 0x01, 0x07, 0x02, 0x8c, 0x01, 0x70, 0x00, 0xbd,
  0x00, 0x08, 0xb1, 0x01, 0x01, 0xb0, 0xbd, 0xb0, 0x35, 0x2b, 0x00, 0x00,
  0x00, 0x02, 0x00, 0x26, 0xff, 0xf5, 0x01, 0xec, 0x02, 0xc4, 0x00, 0x22,
  0x00, 0x2f, 0x00, 0x4e, 0x40, 0x4b, 0x13, 0x01, 0x01, 0x03, 0x0d, 0x01,
  0x05, 0x01, 0x2b, 0x26, 0x02, 0x06, 0x05, 0x03, 0x4c, 0x00, 0x03, 0x02,
  0x01, 0x02, 0x03, 0x01, 0x80, 0x00, 0x01, 0x00, 0x05, 0x06, 0x01, 0x05,
  0x67, 0x00, 0x02, 0x02, 0x04, 0x61, 0x07, 0x01, 0x04, 0x04, 0x42, 0x4d,
  0x08, 0x01, 0x06, 0x06, 0x00, 0x61, 0x00, 0x00, 0x00, 0x43, 0x00, 0x4e,
  0x23, 0x23, 0x00, 0x00, 0x23, 0x2f, 0x23, 0x2e, 0x29, 0x28, 0x00, 0x22,
  0x00, 0x21, 0x33, 0x25, 0x26, 0x27, 0x09, 0x0a, 0x1a, 0x2b, 0x00, 0x16,
  0x16, 0x15, 0x11, 0x14, 0x06, 0x06, 0x23, 0x22, 0x26, 0x26, 0x35, 0x35,
  0x34, 0x36, 0x33, 0x21, 0x32, 0x35, 0x35, 0x34, 0x26, 0x23, 0x22, 0x06,
  0x07, 0x06, 0x23, 0x27, 0x22, 0x37, 0x36, 0x36, 0x33, 0x12, 0x36, 0x35,
  0x35, 0x34, 0x23, 0x23, 0x22, 0x15, 0x15, 0x14, 0x16, 0x33, 0x01, 0x4e,
  0x66, 0x38, 0x38, 0x67, 0x44, 0x45, 0x67, 0x37, 0x07, 0x05, 0x01, 0x41,
  0x05, 0x3e, 0x31, 0x29, 0x36, 0x09, 0x03, 0x0a, 0x5f, 0x0d, 0x02, 0x0a,
  0x73, 0x62, 0x31, 0x3e, 0x05, 0xd5, 0x05, 0x3f, 0x31, 0x02, 0xc4, 0x36,
  0x62, 0x41, 0xfe, 0xe3, 0x3f, 0x63, 0x37, 0x37, 0x63, 0x3f, 0xaa, 0x05,
  0x07, 0x05, 0x5a, 0x37, 0x45, 0x33, 0x2b, 0x0a, 0x04, 0x0d, 0x59, 0x63,
  0xfd, 0x96, 0x46, 0x37, 0x43, 0x05, 0x05, 0x43, 0x37, 0x46, 0x00, 0x00,
  0x00, 0x01, 0x00, 0x1c, 0x00, 0x00, 0x01, 0xa9, 0x02, 0xbc, 0x00, 0x1d,
  0x00, 0x28, 0x40, 0x25, 0x19, 0x03, 0x02, 0x00, 0x03, 0x12, 0x0a, 0x09,
  0x03, 0x01, 0x00, 0x02, 0x4c, 0x02, 0x01, 0x00, 0x00, 0x03, 0x5f, 0x00,
  0x03, 0x03, 0x3c, 0x4d, 0x00, 0x01, 0x01, 0x3d, 0x01, 0x4e, 0x26, 0x16,
  0x25, 0x25, 0x04, 0x0a, 0x1a, 0x2b, 0x00, 0x16, 0x15, 0x15, 0x14, 0x06,
  0x23, 0x23, 0x22, 0x15, 0x11, 0x14, 0x06, 0x23, 0x23, 0x22, 0x26, 0x35,
  0x11, 0x34, 0x23, 0x23, 0x22, 0x26, 0x35, 0x35, 0x34, 0x36, 0x33, 0x21,
  0x01, 0xa2, 0x07, 0x07, 0x05, 0x7f, 0x05, 0x07, 0x05, 0x5c, 0x05, 0x07,
  0x05, 0x78, 0x05, 0x07, 0x07, 0x05, 0x01, 0x75, 0x02, 0xbc, 0x07, 0x05,
  0x4c, 0x05, 0x07, 0x05, 0xfd, 0xb9, 0x05, 0x07, 0x07, 0x05, 0x02, 0x47,
  0x05, 0x07, 0x05, 0x4c, 0x05, 0x07, 0x00, 0x00, 0x00, 0x01, 0x00, 0x1c,
  0x00, 0x00, 0x01, 0xa9, 0x02, 0xbc, 0x00, 0x39, 0x00, 0x42, 0x40, 0x3f,
  0x39, 0x31, 0x02, 0x00, 0x07, 0x2a, 0x29, 0x06, 0x05, 0x04, 0x01, 0x00,
  0x23, 0x0d, 0x02, 0x02, 0x01, 0x1c, 0x14, 0x13, 0x03, 0x03, 0x02, 0x04,
  0x4c, 0x05, 0x01, 0x01, 0x04, 0x01, 0x02, 0x03, 0x01, 0x02, 0x69, 0x06,
  0x01, 0x00, 0x00, 0x07, 0x5f, 0x00, 0x07, 0x07, 0x3c, 0x4d, 0x00, 0x03,
  0x03, 0x3d, 0x03, 0x4e, 0x26, 0x15, 0x26, 0x16, 0x25, 0x26, 0x15, 0x21,
  0x08, 0x0a, 0x1e, 0x2b, 0x00, 0x06, 0x23, 0x23, 0x22, 0x15, 0x15, 0x14,
  0x33, 0x33, 0x32, 0x16, 0x15, 0x15, 0x14, 0x06, 0x23, 0x23, 0x22, 0x15,
  0x11, 0x14, 0x06, 0x23, 0x23, 0x22, 0x26, 0x35, 0x11, 0x34, 0x23, 0x23,
  0x22, 0x26, 0x35, 0x35, 0x34, 0x36, 0x33, 0x33, 0x32, 0x35, 0x35, 0x34,
  0x23, 0x23, 0x22, 0x26, 0x35, 0x35, 0x34, 0x36, 0x33, 0x21, 0x32, 0x16,
  0x15, 0x15, 0x01, 0xa9, 0x07, 0x05, 0x7f, 0x05, 0x05, 0x3a, 0x05, 0x07,
  0x07, 0x05, 0x3a, 0x05, 0x07, 0x05, 0x5c, 0x05, 0x07, 0x05, 0x46, 0x05,
  0x07, 0x07, 0x05, 0x46, 0x05, 0x05, 0x78, 0x05, 0x07, 0x07, 0x05, 0x01,
  0x75, 0x05, 0x07, 0x02, 0x5f, 0x07, 0x05, 0xb2, 0x05, 0x07, 0x05, 0x2f,
  0x05, 0x07, 0x05, 0xfe, 0xbc, 0x05, 0x07, 0x07, 0x05, 0x01, 0x44, 0x05,
  0x07, 0x05, 0x2f, 0x05, 0x07, 0x05, 0xb2, 0x05, 0x07, 0x05, 0x4c, 0x05,
  0x07, 0x07, 0x05, 0x4c, 0xff, 0xff, 0x00, 0x1c, 0x00, 0x00, 0x01, 0xa9,
  0x03, 0x77, 0x00, 0x22, 0x00, 0x7d, 0x00, 0x00, 0x01, 0x07, 0x02, 0x8d,
  0x01, 0x7f, 0x00, 0xbb, 0x00, 0x08, 0xb1, 0x01, 0x01, 0xb0, 0xbb, 0xb0,
  0x35, 0x2b, 0x00, 0x00, 0x00, 0x01, 0x00, 0x32, 0xff, 0xf8, 0x01, 0xac,
  0x02, 0xbc, 0x00, 0x1d, 0x00, 0x28, 0x40, 0x25, 0x12, 0x03, 0x02, 0x01,
  0x00, 0x01, 0x4c, 0x02, 0x01, 0x00, 0x00, 0x3c, 0x4d, 0x00, 0x01, 0x01,
  0x03, 0x62, 0x04, 0x01, 0x03, 0x03, 0x43, 0x03, 0x4e, 0x00, 0x00, 0x00,
  0x1d, 0x00, 0x1c, 0x25, 0x26, 0x25, 0x05, 0x0a, 0x19, 0x2b, 0x16, 0x26,
  0x35, 0x11, 0x34, 0x36, 0x33, 0x33, 0x32, 0x16, 0x15, 0x11, 0x14, 0x16,
  0x33, 0x32, 0x36, 0x35, 0x11, 0x34, 0x36, 0x33, 0x33, 0x32, 0x16, 0x15,
  0x11, 0x14, 0x06, 0x23, 0x99, 0x67, 0x07, 0x05, 0x5c, 0x05, 0x07, 0x28,
  0x21, 0x21, 0x28, 0x07, 0x05, 0x5c, 0x05, 0x07, 0x68, 0x55, 0x08, 0x6f,
  0x5b, 0x01, 0xee, 0x05, 0x07, 0x07, 0x05, 0xfe, 0x06, 0x28, 0x32, 0x32,
  0x28, 0x01, 0xfa, 0x05, 0x07, 0x07, 0x05, 0xfe, 0x12, 0x5b, 0x6f, 0x00,
  0xff, 0xff, 0x00, 0x32, 0xff, 0xf8, 0x01, 0xac, 0x03, 0x79, 0x00, 0x22,
  0x00, 0x80, 0x00, 0x00, 0x01, 0x07, 0x02, 0x8a, 0x01, 0x62, 0x00, 0xbd,
  0x00, 0x08, 0xb1, 0x01, 0x01, 0xb0, 0xbd, 0xb0, 0x35, 0x2b, 0x00, 0x00,
  0xff, 0xff, 0x00, 0x32, 0xff, 0xf8, 0x01, 0xac, 0x03, 0x69, 0x00, 0x22,
  0x00, 0x80, 0x00, 0x00, 0x01, 0x07, 0x02, 0x8e, 0x01, 0x72, 0x00, 0xbd,
  0x00, 0x08, 0xb1, 0x01, 0x01, 0xb0, 0xbd, 0xb0, 0x35, 0x2b, 0x00, 0x00,
  0xff, 0xff, 0x00, 0x32, 0xff, 0xf8, 0x01, 0xac, 0x03, 0x79, 0x00, 0x22,
  0x00, 0x80, 0x00, 0x00, 0x01, 0x07, 0x02, 0x8c, 0x01, 0x8a, 0x00, 0xbd,
  0x00, 0x08, 0xb1, 0x01, 0x01, 0xb0, 0xbd, 0xb0, 0x35, 0x2b, 0x00, 0x00,
  0xff, 0xff, 0x00, 0x32, 0xff, 0xf8, 0x01, 0xac, 0x03, 0x90, 0x00, 0x22,
  0x00, 0x80, 0x00, 0x00, 0x01, 0x07, 0x02, 0x87, 0x01, 0x8b, 0x00, 0xbd,
  0x00, 0x08, 0xb1, 0x01, 0x02, 0xb0, 0xbd, 0xb0, 0x35, 0x2b, 0x00, 0x00,
  0xff, 0xff, 0x00, 0x32, 0xff, 0x21, 0x01, 0xac, 0x02, 0xbc, 0x00, 0x22,
  0x00, 0x80, 0x00, 0x00, 0x00, 0x03, 0x02, 0x96, 0x01, 0x3d, 0x00, 0x00,
  0xff, 0xff, 0x00, 0x32, 0xff, 0xf8, 0x01, 0xac, 0x03, 0x79, 0x00, 0x22,
  0x00, 0x80, 0x00, 0x00, 0x01, 0x07, 0x02, 0x89, 0x01, 0x20, 0x00, 0xbd,
  0x00, 0x08, 0xb1, 0x01, 0x01, 0xb0, 0xbd, 0xb0, 0x35, 0x2b, 0x00, 0x00,
  0xff, 0xff, 0x00, 0x32, 0xff, 0xf8, 0x01, 0xac, 0x03, 0xa7, 0x00, 0x22,
  0x00, 0x80, 0x00, 0x00, 0x01, 0x07, 0x02, 0x92, 0x02, 0x28, 0x00, 0xbd,
  0x00, 0x08, 0xb1, 0x01, 0x01, 0xb0, 0xbd, 0xb0, 0x35, 0x2b, 0x00, 0x00,
  0x00, 0x01, 0x00, 0x32, 0xff, 0xf8, 0x01, 0xfb, 0x03, 0x0f, 0x00, 0x27,
  0x00, 0x33, 0x40, 0x30, 0x24, 0x01, 0x01, 0x04, 0x1d, 0x0e, 0x06, 0x03,
  0x02, 0x01, 0x02, 0x4c, 0x05, 0x01, 0x04, 0x01, 0x04, 0x85, 0x03, 0x01,
  0x01, 0x01, 0x3c, 0x4d, 0x00, 0x02, 0x02, 0x00, 0x62, 0x00, 0x00, 0x00,
  0x43, 0x00, 0x4e, 0x00, 0x00, 0x00, 0x27, 0x00, 0x25, 0x35, 0x26, 0x25,
  0x29, 0x06, 0x0a, 0x1a, 0x2b, 0x00, 0x15, 0x06, 0x06, 0x07, 0x06, 0x15,
  0x11, 0x14, 0x06, 0x23, 0x22, 0x26, 0x35, 0x11, 0x34, 0x36, 0x33, 0x33,
  0x32, 0x16, 0x15, 0x11, 0x14, 0x16, 0x33, 0x32, 0x36, 0x35, 0x11, 0x34,
  0x36, 0x33, 0x33, 0x32, 0x36, 0x37, 0x34, 0x33, 0x33, 0x01, 0xfb, 0x03,
  0x28, 0x20, 0x04, 0x68, 0x55, 0x56, 0x67, 0x07, 0x05, 0x5c, 0x05, 0x07,
  0x28, 0x21, 0x21, 0x28, 0x07, 0x05, 0x38, 0x18, 0x25, 0x03, 0x0c, 0x27,
  0x03, 0x0f, 0x0c, 0x2d, 0x39, 0x0d, 0x01, 0x04, 0xfe, 0x37, 0x5b, 0x6f,
  0x6f, 0x5b, 0x01, 0xee, 0x05, 0x07, 0x07, 0x05, 0xfe, 0x06, 0x28, 0x32,
  0x32, 0x28, 0x01, 0xfa, 0x05, 0x07, 0x22, 0x25, 0x0c, 0x00, 0x00, 0x00,
  0xff, 0xff, 0x00, 0x32, 0xff, 0xf8, 0x01, 0xfb, 0x03, 0x79, 0x00, 0x22,
  0x00, 0x88, 0x00, 0x00, 0x01, 0x07, 0x02, 0x8a, 0x01, 0x62, 0x00, 0xbd,
  0x00, 0x08, 0xb1, 0x01, 0x01, 0xb0, 0xbd, 0xb0, 0x35, 0x2b, 0x00, 0x00,
  0xff, 0xff, 0x00, 0x32, 0xff, 0x21, 0x01, 0xfb, 0x03, 0x0f, 0x00, 0x22,
  0x00, 0x88, 0x00, 0x00, 0x00, 0x03, 0x02, 0x96, 0x01, 0x3d, 0x00, 0x00,
  0xff, 0xff, 0x00, 0x32, 0xff, 0xf8, 0x01, 0xfb, 0x03, 0x79, 0x00, 0x22,
  0x00, 0x88, 0x00, 0x00, 0x01, 0x07, 0x02, 0x89, 0x01, 0x20, 0x00, 0xbd,
  0x00, 0x08, 0xb1, 0x01, 0x01, 0xb0, 0xbd, 0xb0, 0x35, 0x2b, 0x00, 0x00,
  0xff, 0xff, 0x00, 0x32, 0xff, 0xf8, 0x01, 0xfb, 0x03, 0xa7, 0x00, 0x22,
  0x00, 0x88, 0x00, 0x00, 0x01, 0x07, 0x02, 0x92, 0x02, 0x28, 0x00, 0xbd,
  0x00, 0x08, 0xb1, 0x01, 0x01, 0xb0, 0xbd, 0xb0, 0x35, 0x2b, 0x00, 0x00,
  0xff, 0xff, 0x00, 0x32, 0xff, 0xf8, 0x01, 0xfb, 0x03, 0x80, 0x00, 0x22,
  0x00, 0x88, 0x00, 0x00, 0x01, 0x07, 0x02, 0x90, 0x01, 0x8e, 0x00, 0xbd,
  0x00, 0x08, 0xb1, 0x01, 0x01, 0xb0, 0xbd, 0xb0, 0x35, 0x2b, 0x00, 0x00,
  0xff, 0xff, 0x00, 0x32, 0xff, 0xf8, 0x01, 0xac, 0x03, 0x79, 0x00, 0x22,
  0x00, 0x80, 0x00, 0x00, 0x01, 0x07, 0x02, 0x8b, 0x01, 0xbf, 0x00, 0xbd,
  0x00, 0x08, 0xb1, 0x01, 0x02, 0xb0, 0xbd, 0xb0, 0x35, 0x2b, 0x00, 0x00,
  0xff, 0xff, 0x00, 0x32, 0xff, 0xf8, 0x01, 0xac, 0x03, 0x57, 0x00, 0x22,
  0x00, 0x80, 0x00, 0x00, 0x01, 0x07, 0x02, 0xa7, 0x00, 0x29, 0x00, 0xbd,
  0x00, 0x08, 0xb1, 0x01, 0x01, 0xb0, 0xbd, 0xb0, 0x35, 0x2b, 0x00, 0x00,
  0x00, 0x01, 0x00, 0x32, 0xff, 0x4b, 0x01, 0xac, 0x02, 0xbc, 0x00, 0x34,
  0x00, 0x55, 0x40, 0x0f, 0x34, 0x25, 0x02, 0x04, 0x00, 0x1e, 0x01, 0x01,
  0x04, 0x14, 0x01, 0x02, 0x01, 0x03, 0x4c, 0x4b, 0xb0, 0x2e, 0x50, 0x58,
  0x40, 0x19, 0x00, 0x01, 0x04, 0x02, 0x04, 0x01, 0x02, 0x80, 0x03, 0x01,
  0x00, 0x00, 0x3c, 0x4d, 0x00, 0x04, 0x04, 0x02, 0x61, 0x00, 0x02, 0x02,
  0x41, 0x02, 0x4e, 0x1b, 0x40, 0x16, 0x00, 0x01, 0x04, 0x02, 0x04, 0x01,
  0x02, 0x80, 0x00, 0x04, 0x00, 0x02, 0x04, 0x02, 0x65, 0x03, 0x01, 0x00,
  0x00, 0x3c, 0x00, 0x4e, 0x59, 0xb7, 0x26, 0x2d, 0x26, 0x2d, 0x21, 0x05,
  0x0a, 0x1b, 0x2b, 0x00, 0x36, 0x33, 0x33, 0x32, 0x16, 0x15, 0x11, 0x14,
  0x06, 0x07, 0x07, 0x06, 0x15, 0x14, 0x16, 0x37, 0x33, 0x32, 0x17, 0x17,
  0x15, 0x14, 0x07, 0x06, 0x23, 0x22, 0x26, 0x35, 0x34, 0x37, 0x36, 0x26,
  0x23, 0x26, 0x26, 0x35, 0x11, 0x34, 0x36, 0x33, 0x33, 0x32, 0x16, 0x15,
  0x11, 0x14, 0x16, 0x33, 0x32, 0x36, 0x35, 0x11, 0x01, 0x38, 0x07, 0x05,
  0x5c, 0x05, 0x07, 0x51, 0x45, 0x05, 0x26, 0x17, 0x11, 0x03, 0x0a, 0x01,
  0x05, 0x09, 0x16, 0x13, 0x24, 0x32, 0x23, 0x02, 0x01, 0x03, 0x42, 0x4b,
  0x07, 0x05, 0x5c, 0x05, 0x07, 0x28, 0x21, 0x21, 0x28, 0x02, 0xb5, 0x07,
  0x07, 0x05, 0xfe, 0x12, 0x50, 0x6a, 0x0c, 0x03, 0x26, 0x21, 0x16, 0x13,
  0x03, 0x0a, 0x23, 0x03, 0x08, 0x03, 0x06, 0x27, 0x2f, 0x2c, 0x2a, 0x02,
  0x04, 0x0f, 0x68, 0x4e, 0x01, 0xee, 0x05, 0x07, 0x07, 0x05, 0xfe, 0x06,
  0x28, 0x32, 0x32, 0x28, 0x01, 0xfa, 0x00, 0x00, 0xff, 0xff, 0x00, 0x32,
  0xff, 0xf8, 0x01, 0xac, 0x03, 0xe2, 0x00, 0x22, 0x00, 0x80, 0x00, 0x00,
  0x01, 0x07, 0x02, 0x8f, 0x01, 0x56, 0x00, 0xbd, 0x00, 0x08, 0xb1, 0x01,
  0x02, 0xb0, 0xbd, 0xb0, 0x35, 0x2b, 0x00, 0x00, 0xff, 0xff, 0x00, 0x32,
  0xff, 0xf8, 0x01, 0xac, 0x03, 0x80, 0x00, 0x22, 0x00, 0x80, 0x00, 0x00,
  0x01, 0x07, 0x02, 0x90, 0x01, 0x8e, 0x00, 0xbd, 0x00, 0x08, 0xb1, 0x01,
  0x01, 0xb0, 0xbd, 0xb0, 0x35, 0x2b, 0x00, 0x00, 0x00, 0x01, 0x00, 0x1b,
  0x00, 0x00, 0x01, 0xbe, 0x02, 0xbc, 0x00, 0x16, 0x00, 0x21, 0x40, 0x1e,
  0x09, 0x01, 0x02, 0x00, 0x01, 0x4c, 0x01, 0x01, 0x00, 0x00, 0x3c, 0x4d,
  0x03, 0x01, 0x02, 0x02, 0x3d, 0x02, 0x4e, 0x00, 0x00, 0x00, 0x16, 0x00,
  0x14, 0x37, 0x34, 0x04, 0x0a, 0x18, 0x2b, 0x32, 0x27, 0x03, 0x27, 0x34,
  0x33, 0x33, 0x32, 0x17, 0x13, 0x16, 0x32, 0x37, 0x13, 0x36, 0x33, 0x33,
  0x32, 0x07, 0x03, 0x06, 0x23, 0x23, 0xad, 0x02, 0x8f, 0x01, 0x0b, 0x65,
  0x0c, 0x01, 0x53, 0x01, 0x04, 0x01, 0x51, 0x01, 0x0c, 0x62, 0x0d, 0x03,
  0x90, 0x02, 0x0b, 0x66, 0x0b, 0x02, 0xa4, 0x04, 0x09, 0x0b, 0xfe, 0x1f,
  0x03, 0x03, 0x01, 0xe1, 0x0b, 0x0d, 0xfd, 0x5c, 0x0b, 0x00, 0x00, 0x00,
  0x00, 0x01, 0x00, 0x17, 0x00, 0x00, 0x02, 0x84, 0x02, 0xbc, 0x00, 0x2a,
  0x00, 0x26, 0x40, 0x23, 0x13, 0x09, 0x02, 0x03, 0x00, 0x01, 0x4c, 0x02,
  0x01, 0x02, 0x00, 0x00, 0x3c, 0x4d, 0x05, 0x04, 0x02, 0x03, 0x03, 0x3d,
  0x03, 0x4e, 0x00, 0x00, 0x00, 0x2a, 0x00, 0x28, 0x33, 0x37, 0x37, 0x34,
  0x06, 0x0a, 0x1a, 0x2b, 0x32, 0x27, 0x03, 0x27, 0x34, 0x33, 0x33, 0x32,
  0x17, 0x13, 0x16, 0x32, 0x37, 0x13, 0x36, 0x33, 0x33, 0x32, 0x17, 0x13,
  0x16, 0x32, 0x37, 0x13, 0x36, 0x33, 0x33, 0x32, 0x07, 0x03, 0x06, 0x23,
  0x23, 0x22, 0x27, 0x03, 0x26, 0x22, 0x07, 0x03, 0x06, 0x23, 0x23, 0x9e,
  0x01, 0x85, 0x01, 0x0b, 0x60, 0x0c, 0x01, 0x46, 0x01, 0x04, 0x01, 0x3f,
  0x01, 0x0c, 0x50, 0x0c, 0x01, 0x44, 0x01, 0x04, 0x01, 0x3f, 0x01, 0x0c,
  0x5d, 0x0d, 0x02, 0x7f, 0x01, 0x0c, 0x55, 0x0c, 0x01, 0x43, 0x01, 0x04,
  0x01, 0x3e, 0x01, 0x0c, 0x56, 0x0b, 0x02, 0xa4, 0x04, 0x09, 0x0b, 0xfe,
  0x5f, 0x03, 0x03, 0x01, 0xa1, 0x0b, 0x0b, 0xfe, 0x5f, 0x03, 0x03, 0x01,
  0xa1, 0x0b, 0x0d, 0xfd, 0x5c, 0x0b, 0x0b, 0x01, 0xa9, 0x04, 0x04, 0xfe,
  0x57, 0x0b, 0x00, 0x00, 0xff, 0xff, 0x00, 0x17, 0x00, 0x00, 0x02, 0x84,
  0x03, 0x79, 0x00, 0x22, 0x00, 0x94, 0x00, 0x00, 0x01, 0x07, 0x02, 0x8a,
  0x01, 0xbb, 0x00, 0xbd, 0x00, 0x08, 0xb1, 0x01, 0x01, 0xb0, 0xbd, 0xb0,
  0x35, 0x2b, 0x00, 0x00, 0xff, 0xff, 0x00, 0x17, 0x00, 0x00, 0x02, 0x84,
  0x03, 0x79, 0x00, 0x22, 0x00, 0x94, 0x00, 0x00, 0x01, 0x07, 0x02, 0x8c,
  0x01, 0xe2, 0x00, 0xbd, 0x00, 0x08, 0xb1, 0x01, 0x01, 0xb0, 0xbd, 0xb0,
  0x35, 0x2b, 0x00, 0x00, 0xff, 0xff, 0x00, 0x17, 0x00, 0x00, 0x02, 0x84,
  0x03, 0x90, 0x00, 0x22, 0x00, 0x94, 0x00, 0x00, 0x01, 0x07, 0x02, 0x87,
  0x01, 0xe4, 0x00, 0xbd, 0x00, 0x08, 0xb1, 0x01, 0x02, 0xb0, 0xbd, 0xb0,
  0x35, 0x2b, 0x00, 0x00, 0xff, 0xff, 0x00, 0x17, 0x00, 0x00, 0x02, 0x84,
  0x03, 0x79, 0x00, 0x22, 0x00, 0x94, 0x00, 0x00, 0x01, 0x07, 0x02, 0x89,
  0x01, 0x78, 0x00, 0xbd, 0x00, 0x08, 0xb1, 0x01, 0x01, 0xb0, 0xbd, 0xb0,
  0x35, 0x2b, 0x00, 0x00, 0x00, 0x01, 0x00, 0x1d, 0x00, 0x00, 0x01, 0xaf,
  0x02, 0xbc, 0x00, 0x2b, 0x00, 0x20, 0x40, 0x1d, 0x24, 0x19, 0x0e, 0x03,
  0x04, 0x02, 0x00, 0x01, 0x4c, 0x01, 0x01, 0x00, 0x00, 0x3c, 0x4d, 0x03,
  0x01, 0x02, 0x02, 0x3d, 0x02, 0x4e, 0x27, 0x3a, 0x27, 0x39, 0x04, 0x0a,
  0x1a, 0x2b, 0x32, 0x26, 0x37, 0x13, 0x36, 0x27, 0x03, 0x26, 0x35, 0x34,
  0x33, 0x33, 0x32, 0x17, 0x17, 0x16, 0x32, 0x37, 0x37, 0x36, 0x33, 0x33,
  0x32, 0x16, 0x07, 0x03, 0x06, 0x17, 0x13, 0x16, 0x15, 0x14, 0x23, 0x23,
  0x22, 0x27, 0x27, 0x26, 0x22, 0x07, 0x07, 0x06, 0x23, 0x23, 0x21, 0x04,
  0x02, 0x89, 0x01, 0x01, 0x89, 0x01, 0x0a, 0x5f, 0x0a, 0x03, 0x50, 0x01,
  0x04, 0x01, 0x4f, 0x03, 0x0a, 0x5e, 0x07, 0x04, 0x02, 0x89, 0x01, 0x01,
  0x89, 0x01, 0x0a, 0x5d, 0x0b, 0x03, 0x4f, 0x01, 0x04, 0x01, 0x50, 0x03,
  0x0b, 0x5e, 0x08, 0x06, 0x01, 0x4d, 0x03, 0x03, 0x01, 0x4d, 0x02, 0x04,
  0x08, 0x0a, 0xd9, 0x03, 0x03, 0xd9, 0x0a, 0x08, 0x06, 0xfe, 0xb3, 0x03,
  0x03, 0xfe, 0xb3, 0x02, 0x04, 0x08, 0x0a, 0xd8, 0x03, 0x03, 0xd8, 0x0a,
  0x00, 0x01, 0x00, 0x1d, 0x00, 0x01, 0x01, 0xac, 0x02, 0xbc, 0x00, 0x1e,
  0x00, 0x1e, 0x40, 0x1b, 0x1a, 0x18, 0x0d, 0x03, 0x04, 0x02, 0x00, 0x01,
  0x4c, 0x01, 0x01, 0x00, 0x00, 0x3c, 0x4d, 0x00, 0x02, 0x02, 0x3d, 0x02,
  0x4e, 0x28, 0x27, 0x38, 0x03, 0x0a, 0x19, 0x2b, 0x36, 0x26, 0x35, 0x11,
  0x27, 0x03, 0x26, 0x35, 0x34, 0x33, 0x33, 0x32, 0x17, 0x13, 0x16, 0x32,
  0x37, 0x13, 0x36, 0x33, 0x33, 0x32, 0x16, 0x07, 0x03, 0x07, 0x11, 0x14,
  0x06, 0x23, 0x23, 0xb1, 0x07, 0x01, 0x8b, 0x01, 0x0b, 0x60, 0x0b, 0x03,
  0x4b, 0x01, 0x04, 0x01, 0x4b, 0x03, 0x0b, 0x60, 0x06, 0x06, 0x02, 0x8b,
  0x01, 0x07, 0x05, 0x5c, 0x01, 0x07, 0x05, 0x01, 0x11, 0x06, 0x01, 0x8a,
  0x02, 0x03, 0x09, 0x0a, 0xfe, 0xff, 0x03, 0x03, 0x01, 0x01, 0x0a, 0x07,
  0x07, 0xfe, 0x76, 0x06, 0xfe, 0xef, 0x05, 0x07, 0xff, 0xff, 0x00, 0x1d,
  0x00, 0x01, 0x01, 0xac, 0x03, 0x79, 0x00, 0x22, 0x00, 0x9a, 0x00, 0x00,
  0x01, 0x07, 0x02, 0x8a, 0x01, 0x57, 0x00, 0xbd, 0x00, 0x08, 0xb1, 0x01,
  0x01, 0xb0, 0xbd, 0xb0, 0x35, 0x2b, 0x00, 0x00, 0xff, 0xff, 0x00, 0x1d,
  0x00, 0x01, 0x01, 0xac, 0x03, 0x79, 0x00, 0x22, 0x00, 0x9a, 0x00, 0x00,
  0x01, 0x07, 0x02, 0x8c, 0x01, 0x7f, 0x00, 0xbd, 0x00, 0x08, 0xb1, 0x01,
  0x01, 0xb0, 0xbd, 0xb0, 0x35, 0x2b, 0x00, 0x00, 0xff, 0xff, 0x00, 0x1d,
  0x00, 0x01, 0x01, 0xac, 0x03, 0x90, 0x00, 0x22, 0x00, 0x9a, 0x00, 0x00,
  0x01, 0x07, 0x02, 0x87, 0x01, 0x81, 0x00, 0xbd, 0x00, 0x08, 0xb1, 0x01,
  0x02, 0xb0, 0xbd, 0xb0, 0x35, 0x2b, 0x00, 0x00, 0xff, 0xff, 0x00, 0x1d,
  0xff, 0x21, 0x01, 0xac, 0x02, 0xbc, 0x00, 0x22, 0x00, 0x9a, 0x00, 0x00,
  0x00, 0x03, 0x02, 0x96, 0x01, 0x32, 0x00, 0x00, 0xff, 0xff, 0x00, 0x1d,
  0x00, 0x01, 0x01, 0xac, 0x03, 0x79, 0x00, 0x22, 0x00, 0x9a, 0x00, 0x00,
  0x01, 0x07, 0x02, 0x89, 0x01, 0x15, 0x00, 0xbd, 0x00, 0x08, 0xb1, 0x01,
  0x01, 0xb0, 0xbd, 0xb0, 0x35, 0x2b, 0x00, 0x00, 0xff, 0xff, 0x00, 0x1d,
  0x00, 0x01, 0x01, 0xac, 0x03, 0xa7, 0x00, 0x22, 0x00, 0x9a, 0x00, 0x00,
  0x01, 0x07, 0x02, 0x92, 0x02, 0x1d, 0x00, 0xbd, 0x00, 0x08, 0xb1, 0x01,
  0x01, 0xb0, 0xbd, 0xb0, 0x35, 0x2b, 0x00, 0x00, 0xff, 0xff, 0x00, 0x1d,
  0x00, 0x01, 0x01, 0xac, 0x03, 0x80, 0x00, 0x22, 0x00, 0x9a, 0x00, 0x00,
  0x01, 0x07, 0x02, 0x90, 0x01, 0x83, 0x00, 0xbd, 0x00, 0x08, 0xb1, 0x01,
  0x01, 0xb0, 0xbd, 0xb0, 0x35, 0x2b, 0x00, 0x00, 0x00, 0x01, 0x00, 0x19,
  0x00, 0x00, 0x01, 0x79, 0x02, 0xbc, 0x00, 0x25, 0x00, 0x2b, 0x40, 0x28,
  0x16, 0x0e, 0x02, 0x00, 0x01, 0x21, 0x03, 0x02, 0x03, 0x02, 0x02, 0x4c,
  0x00, 0x00, 0x00, 0x01, 0x5f, 0x00, 0x01, 0x01, 0x3c, 0x4d, 0x00, 0x02,
  0x02, 0x03, 0x5f, 0x00, 0x03, 0x03, 0x3d, 0x03, 0x4e, 0x26, 0x1a, 0x26,
  0x19, 0x04, 0x0a, 0x1a, 0x2b, 0x32, 0x26, 0x35, 0x35, 0x34, 0x37, 0x13,
  0x36, 0x26, 0x23, 0x23, 0x22, 0x26, 0x35, 0x35, 0x34, 0x36, 0x33, 0x21,
  0x32, 0x16, 0x15, 0x15, 0x14, 0x07, 0x03, 0x06, 0x16, 0x33, 0x33, 0x32,
  0x16, 0x15, 0x15, 0x14, 0x06, 0x23, 0x21, 0x20, 0x07, 0x03, 0xe0, 0x01,
  0x02, 0x02, 0xd4, 0x05, 0x07, 0x07, 0x05, 0x01, 0x48, 0x05, 0x07, 0x03,
  0xe0, 0x01, 0x02, 0x02, 0xd4, 0x05, 0x07, 0x07, 0x05, 0xfe, 0xb8, 0x07,
  0x05, 0x50, 0x08, 0x07, 0x01, 0xe7, 0x02, 0x04, 0x07, 0x05, 0x4c, 0x05,
  0x07, 0x07, 0x05, 0x50, 0x07, 0x08, 0xfe, 0x19, 0x02, 0x04, 0x07, 0x05,
  0x4c, 0x05, 0x07, 0x00, 0xff, 0xff, 0x00, 0x19, 0x00, 0x00, 0x01, 0x79,
  0x03, 0x79, 0x00, 0x22, 0x00, 0xa2, 0x00, 0x00, 0x01, 0x07, 0x02, 0x8a,
  0x01, 0x3d, 0x00, 0xbd, 0x00, 0x08, 0xb1, 0x01, 0x01, 0xb0, 0xbd, 0xb0,
  0x35, 0x2b, 0x00, 0x00, 0xff, 0xff, 0x00, 0x19, 0x00, 0x00, 0x01, 0x79,
  0x03, 0x79, 0x00, 0x22, 0x00, 0xa2, 0x00, 0x00, 0x01, 0x07, 0x02, 0xa0,
  0x00, 0x31, 0x00, 0xbd, 0x00, 0x08, 0xb1, 0x01, 0x01, 0xb0, 0xbd, 0xb0,
  0x35, 0x2b, 0x00, 0x00, 0xff, 0xff, 0x00, 0x19, 0x00, 0x00, 0x01, 0x79,
  0x03, 0x90, 0x00, 0x22, 0x00, 0xa2, 0x00, 0x00, 0x01, 0x07, 0x02, 0x88,
  0x01, 0x17, 0x00, 0xbd, 0x00, 0x08, 0xb1, 0x01, 0x01, 0xb0, 0xbd, 0xb0,
  0x35, 0x2b, 0x00, 0x00, 0xff, 0xff, 0x00, 0x2a, 0xff, 0x45, 0x01, 0xa4,
  0x02, 0xc4, 0x00, 0x22, 0x00, 0x3a, 0x00, 0x00, 0x01, 0x07, 0x02, 0x97,
  0x01, 0x5b, 0xff, 0xf8, 0x00, 0x09, 0xb1, 0x01, 0x01, 0xb8, 0xff, 0xf8,
  0xb0, 0x35, 0x2b, 0x00, 0xff, 0xff, 0x00, 0x36, 0xff, 0x4d, 0x01, 0xcc,
  0x02, 0xbc, 0x00, 0x22, 0x00, 0x4e, 0x00, 0x00, 0x00, 0x03, 0x02, 0x97,
  0x01, 0x79, 0x00, 0x00, 0xff, 0xff, 0x00, 0x36, 0xff, 0x4d, 0x01, 0xc5,
  0x02, 0xbc, 0x00, 0x22, 0x00, 0x55, 0x00, 0x00, 0x00, 0x03, 0x02, 0x97,
  0x01, 0x78, 0x00, 0x00, 0xff, 0xff, 0x00, 0x36, 0xff, 0x4d, 0x01, 0xb6,
  0x02, 0xbc, 0x00, 0x22, 0x00, 0x74, 0x00, 0x00, 0x00, 0x03, 0x02, 0x97,
  0x01, 0x65, 0x00, 0x00, 0xff, 0xff, 0x00, 0x1c, 0xff, 0x43, 0x01, 0xa9,
  0x02, 0xbc, 0x00, 0x22, 0x00, 0x7d, 0x00, 0x00, 0x00, 0x03, 0x02, 0x98,
  0x01, 0x4d, 0x00, 0x00, 0xff, 0xff, 0x00, 0x20, 0xff, 0x45, 0x01, 0x94,
  0x02, 0xc4, 0x00, 0x22, 0x00, 0x77, 0x00, 0x00, 0x01, 0x07, 0x02, 0x97,
  0x01, 0x51, 0xff, 0xf8, 0x00, 0x09, 0xb1, 0x01, 0x01, 0xb8, 0xff, 0xf8,
  0xb0, 0x35, 0x2b, 0x00, 0xff, 0xff, 0x00, 0x1c, 0xff, 0x4b, 0x01, 0xa9,
  0x02, 0xbc, 0x00, 0x22, 0x00, 0x7d, 0x00, 0x00, 0x01, 0x07, 0x02, 0x97,
  0x01, 0x1f, 0xff, 0xfe, 0x00, 0x09, 0xb1, 0x01, 0x01, 0xb8, 0xff, 0xfe,
  0xb0, 0x35, 0x2b, 0x00, 0x00, 0x02, 0x00, 0x1d, 0xff, 0xf8, 0x01, 0x8d,
  0x02, 0x07, 0x00, 0x28, 0x00, 0x35, 0x00, 0xb9, 0x40, 0x0f, 0x19, 0x01,
  0x02, 0x04, 0x2c, 0x01, 0x07, 0x06, 0x0b, 0x03, 0x02, 0x00, 0x07, 0x03,
  0x4c, 0x4b, 0xb0, 0x14, 0x50, 0x58, 0x40, 0x27, 0x00, 0x04, 0x03, 0x02,
  0x03, 0x04, 0x72, 0x00, 0x02, 0x00, 0x06, 0x07, 0x02, 0x06, 0x69, 0x00,
  0x03, 0x03, 0x05, 0x61, 0x08, 0x01, 0x05, 0x05, 0x45, 0x4d, 0x09, 0x01,
  0x07, 0x07, 0x00, 0x61, 0x01, 0x01, 0x00, 0x00, 0x3d, 0x00, 0x4e, 0x1b,
  0x4b, 0xb0, 0x1e, 0x50, 0x58, 0x40, 0x28, 0x00, 0x04, 0x03, 0x02, 0x03,
  0x04, 0x02, 0x80, 0x00, 0x02, 0x00, 0x06, 0x07, 0x02, 0x06, 0x69, 0x00,
  0x03, 0x03, 0x05, 0x61, 0x08, 0x01, 0x05, 0x05, 0x45, 0x4d, 0x09, 0x01,
  0x07, 0x07, 0x00, 0x61, 0x01, 0x01, 0x00, 0x00, 0x3d, 0x00, 0x4e, 0x1b,
  0x40, 0x2c, 0x00, 0x04, 0x03, 0x02, 0x03, 0x04, 0x02, 0x80, 0x00, 0x02,
  0x00, 0x06, 0x07, 0x02, 0x06, 0x69, 0x00, 0x03, 0x03, 0x05, 0x61, 0x08,
  0x01, 0x05, 0x05, 0x45, 0x4d, 0x00, 0x00, 0x00, 0x3d, 0x4d, 0x09, 0x01,
  0x07, 0x07, 0x01, 0x61, 0x00, 0x01, 0x01, 0x43, 0x01, 0x4e, 0x59, 0x59,
  0x40, 0x16, 0x29, 0x29, 0x00, 0x00, 0x29, 0x35, 0x29, 0x34, 0x30, 0x2e,
  0x00, 0x28, 0x00, 0x27, 0x33, 0x25, 0x24, 0x28, 0x25, 0x0a, 0x0a, 0x1b,
  0x2b, 0x00, 0x16, 0x15, 0x11, 0x14, 0x06, 0x23, 0x23, 0x22, 0x26, 0x35,
  0x35, 0x34, 0x26, 0x07, 0x06, 0x23, 0x22, 0x26, 0x35, 0x34, 0x36, 0x33,
  0x33, 0x32, 0x35, 0x35, 0x34, 0x26, 0x23, 0x22, 0x06, 0x07, 0x06, 0x23,
  0x23, 0x22, 0x37, 0x36, 0x36, 0x33, 0x12, 0x36, 0x35, 0x35, 0x34, 0x23,
  0x23, 0x22, 0x06, 0x15, 0x14, 0x16, 0x33, 0x01, 0x2b, 0x62, 0x07, 0x05,
  0x5c, 0x05, 0x07, 0x04, 0x02, 0x23, 0x43, 0x39, 0x57, 0x69, 0x5a, 0x34,
  0x05, 0x24, 0x1b, 0x15, 0x1c, 0x03, 0x01, 0x0c, 0x61, 0x0c, 0x01, 0x05,
  0x61, 0x49, 0x0f, 0x2e, 0x05, 0x34, 0x22, 0x2a, 0x20, 0x19, 0x02, 0x07,
  0x5c, 0x4b, 0xfe, 0xac, 0x05, 0x07, 0x07, 0x05, 0x13, 0x03, 0x02, 0x03,
  0x29, 0x41, 0x56, 0x5a, 0x4c, 0x05, 0x1a, 0x24, 0x2b, 0x1b, 0x17, 0x0c,
  0x0c, 0x44, 0x52, 0xfe, 0x51, 0x26, 0x22, 0x39, 0x05, 0x25, 0x23, 0x1f,
  0x1f, 0x00, 0x00, 0x00, 0xff, 0xff, 0x00, 0x1d, 0xff, 0xf8, 0x01, 0x8d,
  0x02, 0xbc, 0x00, 0x22, 0x00, 0xad, 0x00, 0x00, 0x00, 0x03, 0x02, 0x8a,
  0x01, 0x4c, 0x00, 0x00, 0xff, 0xff, 0x00, 0x1d, 0xff, 0xf8, 0x01, 0x8d,
  0x02, 0x9a, 0x00, 0x22, 0x00, 0xad, 0x00, 0x00, 0x00, 0x02, 0x02, 0x9f,
  0x55, 0x00, 0x00, 0x00, 0xff, 0xff, 0x00, 0x1d, 0xff, 0xf8, 0x01, 0x8d,
  0x03, 0x5c, 0x00, 0x22, 0x00, 0xad, 0x00, 0x00, 0x00, 0x03, 0x02, 0xad,
  0x02, 0xad, 0x00, 0x00, 0xff, 0xff, 0x00, 0x1d, 0xff, 0x21, 0x01, 0x8d,
  0x02, 0xac, 0x00, 0x22, 0x00, 0xad, 0x00, 0x00, 0x00, 0x23, 0x02, 0x96,
  0x01, 0x26, 0x00, 0x00, 0x00, 0x03, 0x02, 0x8e, 0x01, 0x5c, 0x00, 0x00,
  0xff, 0xff, 0x00, 0x1d, 0xff, 0xf8, 0x01, 0x8d, 0x03, 0x5c, 0x00, 0x22,
  0x00, 0xad, 0x00, 0x00, 0x00, 0x03, 0x02, 0xae, 0x02, 0xad, 0x00, 0x00,
  0xff, 0xff, 0x00, 0x1d, 0xff, 0xf8, 0x01, 0x8d, 0x03, 0x73, 0x00, 0x22,
  0x00, 0xad, 0x00, 0x00, 0x00, 0x03, 0x02, 0xaf, 0x02, 0xad, 0x00, 0x00,
  0xff, 0xff, 0x00, 0x1d, 0xff, 0xf8, 0x01, 0x8d, 0x03, 0x4b, 0x00, 0x22,
  0x00, 0xad, 0x00, 0x00, 0x00, 0x03, 0x02, 0xb0, 0x02, 0xad, 0x00, 0x00,
  0xff, 0xff, 0x00, 0x1d, 0xff, 0xf8, 0x01, 0x8d, 0x02, 0xbb, 0x00, 0x22,
  0x00, 0xad, 0x00, 0x00, 0x01, 0x07, 0x02, 0x8d, 0x01, 0x76, 0xff, 0xff,
  0x00, 0x09, 0xb1, 0x02, 0x01, 0xb8, 0xff, 0xff, 0xb0, 0x35, 0x2b, 0x00,
  0xff, 0xff, 0x00, 0x1d, 0xff, 0xf8, 0x01, 0x8d, 0x02, 0xbc, 0x00, 0x22,
  0x00, 0xad, 0x00, 0x00, 0x00, 0x03, 0x02, 0x8c, 0x01, 0x73, 0x00, 0x00,
  0xff, 0xff, 0x00, 0x1d, 0xff, 0xf8, 0x01, 0xf6, 0x03, 0x0c, 0x00, 0x22,
  0x00, 0xad, 0x00, 0x00, 0x00, 0x03, 0x02, 0xb1, 0x02, 0x80, 0x00, 0x00,
  0xff, 0xff, 0x00, 0x1d, 0xff, 0x21, 0x01, 0x8d, 0x02, 0xbc, 0x00, 0x22,
  0x00, 0xad, 0x00, 0x00, 0x00, 0x23, 0x02, 0x96, 0x01, 0x26, 0x00, 0x00,
  0x00, 0x03, 0x02, 0x8c, 0x01, 0x73, 0x00, 0x00, 0xff, 0xff, 0x00, 0x1d,
  0xff, 0xf8, 0x01, 0x9b, 0x03, 0x34, 0x00, 0x22, 0x00, 0xad, 0x00, 0x00,
  0x00, 0x03, 0x02, 0xb2, 0x02, 0x94, 0x00, 0x00, 0xff, 0xff, 0x00, 0x1d,
  0xff, 0xf8, 0x01, 0xc3, 0x03, 0x5a, 0x00, 0x22, 0x00, 0xad, 0x00, 0x00,
  0x00, 0x03, 0x02, 0xb3, 0x02, 0x94, 0x00, 0x00, 0xff, 0xff, 0x00, 0x1d,
  0xff, 0xf8, 0x01, 0x8d, 0x03, 0x4f, 0x00, 0x22, 0x00, 0xad, 0x00, 0x00,
  0x00, 0x03, 0x02, 0xb4, 0x02, 0x94, 0x00, 0x00, 0xff, 0xff, 0x00, 0x1d,
  0xff, 0xf8, 0x01, 0x8d, 0x02, 0xd3, 0x00, 0x22, 0x00, 0xad, 0x00, 0x00,
  0x00, 0x03, 0x02, 0x87, 0x01, 0x75, 0x00, 0x00, 0xff, 0xff, 0x00, 0x1d,
  0xff, 0x21, 0x01, 0x8d, 0x02, 0x07, 0x00, 0x22, 0x00, 0xad, 0x00, 0x00,
  0x00, 0x03, 0x02, 0x96, 0x01, 0x26, 0x00, 0x00, 0xff, 0xff, 0x00, 0x1d,
  0xff, 0xf8, 0x01, 0x8d, 0x02, 0xbc, 0x00, 0x22, 0x00, 0xad, 0x00, 0x00,
  0x00, 0x03, 0x02, 0x89, 0x01, 0x09, 0x00, 0x00, 0xff, 0xff, 0x00, 0x1d,
  0xff, 0xf8, 0x01, 0x8d, 0x02, 0xea, 0x00, 0x22, 0x00, 0xad, 0x00, 0x00,
  0x00, 0x03, 0x02, 0x92, 0x02, 0x11, 0x00, 0x00, 0xff, 0xff, 0x00, 0x1d,
  0xff, 0xf8, 0x01, 0x8d, 0x02, 0x9a, 0x00, 0x22, 0x00, 0xad, 0x00, 0x00,
  0x00, 0x02, 0x02, 0xa7, 0x13, 0x00, 0x00, 0x00, 0x00, 0x02, 0x00, 0x1d,
  0xff, 0x43, 0x01, 0x90, 0x02, 0x07, 0x00, 0x3d, 0x00, 0x4a, 0x00, 0xe4,
  0x40, 0x14, 0x23, 0x01, 0x03, 0x05, 0x41, 0x01, 0x08, 0x07, 0x36, 0x15,
  0x0d, 0x03, 0x02, 0x08, 0x03, 0x01, 0x01, 0x00, 0x04, 0x4c, 0x4b, 0xb0,
  0x14, 0x50, 0x58, 0x40, 0x33, 0x00, 0x05, 0x04, 0x03, 0x04, 0x05, 0x72,
  0x09, 0x01, 0x00, 0x02, 0x01, 0x02, 0x00, 0x01, 0x80, 0x00, 0x03, 0x00,
  0x07, 0x08, 0x03, 0x07, 0x69, 0x00, 0x04, 0x04, 0x06, 0x61, 0x00, 0x06,
  0x06, 0x45, 0x4d, 0x0a, 0x01, 0x08, 0x08, 0x02, 0x61, 0x00, 0x02, 0x02,
  0x43, 0x4d, 0x00, 0x01, 0x01, 0x41, 0x01, 0x4e, 0x1b, 0x4b, 0xb0, 0x2e,
  0x50, 0x58, 0x40, 0x34, 0x00, 0x05, 0x04, 0x03, 0x04, 0x05, 0x03, 0x80,
  0x09, 0x01, 0x00, 0x02, 0x01, 0x02, 0x00, 0x01, 0x80, 0x00, 0x03, 0x00,
  0x07, 0x08, 0x03, 0x07, 0x69, 0x00, 0x04, 0x04, 0x06, 0x61, 0x00, 0x06,
  0x06, 0x45, 0x4d, 0x0a, 0x01, 0x08, 0x08, 0x02, 0x61, 0x00, 0x02, 0x02,
  0x43, 0x4d, 0x00, 0x01, 0x01, 0x41, 0x01, 0x4e, 0x1b, 0x40, 0x33, 0x00,
  0x05, 0x04, 0x03, 0x04, 0x05, 0x03, 0x80, 0x09, 0x01, 0x00, 0x02, 0x01,
  0x02, 0x00, 0x01, 0x80, 0x00, 0x01, 0x01, 0x84, 0x00, 0x03, 0x00, 0x07,
  0x08, 0x03, 0x07, 0x69, 0x00, 0x04, 0x04, 0x06, 0x61, 0x00, 0x06, 0x06,
  0x45, 0x4d, 0x0a, 0x01, 0x08, 0x08, 0x02, 0x61, 0x00, 0x02, 0x02, 0x43,
  0x02, 0x4e, 0x59, 0x59, 0x40, 0x1d, 0x3e, 0x3e, 0x01, 0x00, 0x3e, 0x4a,
  0x3e, 0x49, 0x45, 0x43, 0x33, 0x31, 0x2e, 0x2b, 0x28, 0x26, 0x21, 0x1f,
  0x1b, 0x19, 0x09, 0x07, 0x00, 0x3d, 0x01, 0x3d, 0x0b, 0x0a, 0x16, 0x2b,
  0x05, 0x32, 0x17, 0x17, 0x15, 0x14, 0x07, 0x06, 0x23, 0x22, 0x26, 0x35,
  0x34, 0x37, 0x36, 0x26, 0x23, 0x23, 0x22, 0x26, 0x35, 0x35, 0x34, 0x26,
  0x07, 0x06, 0x23, 0x22, 0x26, 0x35, 0x34, 0x36, 0x33, 0x33, 0x32, 0x35,
  0x35, 0x34, 0x26, 0x23, 0x22, 0x06, 0x07, 0x06, 0x23, 0x23, 0x22, 0x37,
  0x36, 0x36, 0x33, 0x32, 0x16, 0x15, 0x11, 0x07, 0x23, 0x06, 0x15, 0x14,
  0x16, 0x37, 0x26, 0x36, 0x35, 0x35, 0x34, 0x23, 0x23, 0x22, 0x06, 0x15,
  0x14, 0x16, 0x33, 0x01, 0x80, 0x0a, 0x01, 0x05, 0x09, 0x16, 0x13, 0x23,
  0x32, 0x2d, 0x03, 0x02, 0x03, 0x0f, 0x05, 0x07, 0x04, 0x02, 0x23, 0x43,
  0x39, 0x57, 0x69, 0x5a, 0x34, 0x05, 0x24, 0x1b, 0x15, 0x1c, 0x03, 0x01,
  0x0c, 0x61, 0x0c, 0x01, 0x05, 0x61, 0x49, 0x4f, 0x62, 0x01, 0x01, 0x36,
  0x17, 0x11, 0x92, 0x2e, 0x05, 0x34, 0x22, 0x2a, 0x20, 0x19, 0x7c, 0x0a,
  0x23, 0x03, 0x08, 0x03, 0x06, 0x27, 0x2e, 0x35, 0x2d, 0x02, 0x04, 0x07,
  0x05, 0x13, 0x03, 0x02, 0x03, 0x29, 0x41, 0x56, 0x5a, 0x4c, 0x05, 0x1a,
  0x24, 0x2b, 0x1b, 0x17, 0x0c, 0x0c, 0x44, 0x52, 0x5c, 0x4b, 0xfe, 0xac,
  0x0c, 0x2f, 0x27, 0x16, 0x13, 0x03, 0xd4, 0x26, 0x22, 0x39, 0x05, 0x25,
  0x23, 0x1f, 0x1f, 0x00, 0xff, 0xff, 0x00, 0x1d, 0xff, 0xf8, 0x01, 0x8d,
  0x03, 0x25, 0x00, 0x22, 0x00, 0xad, 0x00, 0x00, 0x00, 0x03, 0x02, 0x8f,
  0x01, 0x40, 0x00, 0x00, 0xff, 0xff, 0x00, 0x1d, 0xff, 0xf8, 0x01, 0x8d,
  0x02, 0xc3, 0x00, 0x22, 0x00, 0xad, 0x00, 0x00, 0x00, 0x03, 0x02, 0x90,
  0x01, 0x77, 0x00, 0x00, 0x00, 0x03, 0x00, 0x1d, 0xff, 0xf8, 0x02, 0x81,
  0x02, 0x07, 0x00, 0x3e, 0x00, 0x4b, 0x00, 0x58, 0x01, 0x0c, 0x4b, 0xb0,
  0x11, 0x50, 0x58, 0x40, 0x19, 0x19, 0x01, 0x01, 0x03, 0x4b, 0x43, 0x07,
  0x03, 0x00, 0x02, 0x21, 0x01, 0x05, 0x00, 0x4f, 0x27, 0x02, 0x06, 0x05,
  0x39, 0x01, 0x07, 0x06, 0x05, 0x4c, 0x1b, 0x40, 0x19, 0x19, 0x01, 0x01,
  0x03, 0x4b, 0x43, 0x07, 0x03, 0x00, 0x02, 0x21, 0x01, 0x05, 0x00, 0x4f,
  0x27, 0x02, 0x06, 0x05, 0x39, 0x01, 0x07, 0x0c, 0x05, 0x4c, 0x59, 0x4b,
  0xb0, 0x11, 0x50, 0x58, 0x40, 0x2c, 0x00, 0x02, 0x01, 0x00, 0x01, 0x02,
  0x72, 0x09, 0x01, 0x00, 0x0b, 0x01, 0x05, 0x06, 0x00, 0x05, 0x69, 0x0a,
  0x01, 0x01, 0x01, 0x03, 0x61, 0x04, 0x01, 0x03, 0x03, 0x45, 0x4d, 0x0e,
  0x0c, 0x02, 0x06, 0x06, 0x07, 0x61, 0x0d, 0x08, 0x02, 0x07, 0x07, 0x43,
  0x07, 0x4e, 0x1b, 0x4b, 0xb0, 0x14, 0x50, 0x58, 0x40, 0x37, 0x00, 0x02,
  0x01, 0x00, 0x01, 0x02, 0x72, 0x09, 0x01, 0x00, 0x0b, 0x01, 0x05, 0x06,
  0x00, 0x05, 0x69, 0x0a, 0x01, 0x01, 0x01, 0x03, 0x61, 0x04, 0x01, 0x03,
  0x03, 0x45, 0x4d, 0x00, 0x06, 0x06, 0x07, 0x61, 0x0d, 0x08, 0x02, 0x07,
  0x07, 0x43, 0x4d, 0x0e, 0x01, 0x0c, 0x0c, 0x07, 0x61, 0x0d, 0x08, 0x02,
  0x07, 0x07, 0x43, 0x07, 0x4e, 0x1b, 0x40, 0x38, 0x00, 0x02, 0x01, 0x00,
  0x01, 0x02, 0x00, 0x80, 0x09, 0x01, 0x00, 0x0b, 0x01, 0x05, 0x06, 0x00,
  0x05, 0x69, 0x0a, 0x01, 0x01, 0x01, 0x03, 0x61, 0x04, 0x01, 0x03, 0x03,
  0x45, 0x4d, 0x00, 0x06, 0x06, 0x07, 0x61, 0x0d, 0x08, 0x02, 0x07, 0x07,
  0x43, 0x4d, 0x0e, 0x01, 0x0c, 0x0c, 0x07, 0x61, 0x0d, 0x08, 0x02, 0x07,
  0x07, 0x43, 0x07, 0x4e, 0x59, 0x59, 0x40, 0x1d, 0x4c, 0x4c, 0x00, 0x00,
  0x4c, 0x58, 0x4c, 0x57, 0x53, 0x51, 0x48, 0x46, 0x41, 0x40, 0x00, 0x3e,
  0x00, 0x3d, 0x29, 0x25, 0x25, 0x25, 0x23, 0x33, 0x25, 0x23, 0x0f, 0x0a,
  0x1e, 0x2b, 0x16, 0x35, 0x34, 0x36, 0x33, 0x33, 0x32, 0x35, 0x35, 0x34,
  0x26, 0x23, 0x22, 0x06, 0x07, 0x06, 0x23, 0x27, 0x22, 0x35, 0x36, 0x36,
  0x33, 0x32, 0x16, 0x17, 0x16, 0x37, 0x36, 0x33, 0x32, 0x16, 0x15, 0x15,
  0x14, 0x06, 0x23, 0x23, 0x22, 0x15, 0x15, 0x14, 0x16, 0x33, 0x32, 0x36,
  0x37, 0x36, 0x17, 0x17, 0x16, 0x07, 0x06, 0x06, 0x23, 0x22, 0x26, 0x27,
  0x26, 0x07, 0x06, 0x06, 0x23, 0x12, 0x33, 0x33, 0x32, 0x35, 0x35, 0x34,
  0x26, 0x23, 0x22, 0x06, 0x15, 0x15, 0x06, 0x36, 0x35, 0x35, 0x34, 0x23,
  0x23, 0x22, 0x06, 0x15, 0x14, 0x16, 0x33, 0x1d, 0x60, 0x59, 0x3c, 0x05,
  0x21, 0x1e, 0x17, 0x23, 0x04, 0x01, 0x0c, 0x5c, 0x0c, 0x04, 0x64, 0x48,
  0x28, 0x39, 0x16, 0x04, 0x03, 0x2d, 0x53, 0x4e, 0x60, 0x07, 0x05, 0xdf,
  0x05, 0x23, 0x1b, 0x16, 0x1f, 0x07, 0x05, 0x09, 0x5a, 0x0c, 0x01, 0x08,
  0x56, 0x48, 0x32, 0x4a, 0x0b, 0x01, 0x02, 0x0b, 0x58, 0x3b, 0xe1, 0x05,
  0x72, 0x05, 0x23, 0x1b, 0x1c, 0x22, 0xa7, 0x2d, 0x05, 0x33, 0x23, 0x29,
  0x20, 0x1a, 0x08, 0x96, 0x57, 0x46, 0x05, 0x24, 0x24, 0x2b, 0x1b, 0x16,
  0x0c, 0x03, 0x0c, 0x43, 0x4f, 0x1b, 0x1c, 0x03, 0x03, 0x37, 0x5a, 0x48,
  0x86, 0x05, 0x07, 0x05, 0x2b, 0x1c, 0x26, 0x1c, 0x14, 0x0b, 0x01, 0x0a,
  0x02, 0x0b, 0x43, 0x49, 0x26, 0x19, 0x06, 0x03, 0x1c, 0x26, 0x01, 0x33,
  0x05, 0x2c, 0x1f, 0x28, 0x27, 0x20, 0x2c, 0xde, 0x24, 0x1e, 0x39, 0x05,
  0x22, 0x20, 0x1f, 0x1f, 0x00, 0x02, 0x00, 0x2e, 0xff, 0xf8, 0x01, 0x8f,
  0x02, 0xbc, 0x00, 0x22, 0x00, 0x30, 0x00, 0x8f, 0x4b, 0xb0, 0x1e, 0x50,
  0x58, 0x40, 0x15, 0x14, 0x01, 0x03, 0x02, 0x1c, 0x01, 0x04, 0x03, 0x29,
  0x28, 0x02, 0x05, 0x04, 0x0c, 0x0b, 0x08, 0x03, 0x00, 0x05, 0x04, 0x4c,
  0x1b, 0x40, 0x15, 0x14, 0x01, 0x03, 0x02, 0x1c, 0x01, 0x04, 0x03, 0x29,
  0x28, 0x02, 0x05, 0x04, 0x0c, 0x0b, 0x08, 0x03, 0x01, 0x05, 0x04, 0x4c,
  0x59, 0x4b, 0xb0, 0x1e, 0x50, 0x58, 0x40, 0x1c, 0x00, 0x02, 0x02, 0x3c,
  0x4d, 0x00, 0x04, 0x04, 0x03, 0x61, 0x06, 0x01, 0x03, 0x03, 0x45, 0x4d,
  0x00, 0x05, 0x05, 0x00, 0x61, 0x01, 0x01, 0x00, 0x00, 0x43, 0x00, 0x4e,
  0x1b, 0x40, 0x20, 0x00, 0x02, 0x02, 0x3c, 0x4d, 0x00, 0x04, 0x04, 0x03,
  0x61, 0x06, 0x01, 0x03, 0x03, 0x45, 0x4d, 0x00, 0x01, 0x01, 0x3d, 0x4d,
  0x00, 0x05, 0x05, 0x00, 0x61, 0x00, 0x00, 0x00, 0x43, 0x00, 0x4e, 0x59,
  0x40, 0x10, 0x00, 0x00, 0x2d, 0x2b, 0x26, 0x24, 0x00, 0x22, 0x00, 0x21,
  0x26, 0x27, 0x25, 0x07, 0x0a, 0x19, 0x2b, 0x00, 0x16, 0x15, 0x15, 0x14,
  0x06, 0x23, 0x22, 0x27, 0x26, 0x06, 0x15, 0x15, 0x14, 0x06, 0x23, 0x23,
  0x22, 0x26, 0x35, 0x11, 0x34, 0x36, 0x33, 0x33, 0x32, 0x16, 0x15, 0x15,
  0x14, 0x16, 0x37, 0x36, 0x36, 0x33, 0x16, 0x26, 0x23, 0x22, 0x06, 0x07,
  0x15, 0x16, 0x16, 0x33, 0x32, 0x36, 0x35, 0x35, 0x01, 0x44, 0x4b, 0x4a,
  0x43, 0x36, 0x24, 0x02, 0x04, 0x07, 0x05, 0x5c, 0x05, 0x07, 0x07, 0x05,
  0x5c, 0x05, 0x07, 0x05, 0x03, 0x13, 0x2f, 0x16, 0x1a, 0x22, 0x1c, 0x18,
  0x20, 0x04, 0x04, 0x20, 0x18, 0x1c, 0x22, 0x02, 0x07, 0x56, 0x4c, 0xcb,
  0x4a, 0x58, 0x23, 0x02, 0x02, 0x03, 0x0c, 0x05, 0x07, 0x07, 0x05, 0x02,
  0xa4, 0x05, 0x07, 0x07, 0x05, 0xca, 0x03, 0x01, 0x04, 0x11, 0x10, 0x8b,
  0x27, 0x1f, 0x1a, 0xd5, 0x1a, 0x1f, 0x27, 0x20, 0xb9, 0x00, 0x00, 0x00,
  0x00, 0x01, 0x00, 0x26, 0xff, 0xf8, 0x01, 0x89, 0x02, 0x07, 0x00, 0x2a,
  0x00, 0x70, 0x40, 0x0a, 0x0a, 0x01, 0x01, 0x02, 0x1f, 0x01, 0x03, 0x04,
  0x02, 0x4c, 0x4b, 0xb0, 0x0e, 0x50, 0x58, 0x40, 0x23, 0x00, 0x01, 0x02,
  0x04, 0x02, 0x01, 0x72, 0x00, 0x04, 0x03, 0x03, 0x04, 0x70, 0x00, 0x02,
  0x02, 0x00, 0x61, 0x00, 0x00, 0x00, 0x45, 0x4d, 0x00, 0x03, 0x03, 0x05,
  0x62, 0x06, 0x01, 0x05, 0x05, 0x43, 0x05, 0x4e, 0x1b, 0x40, 0x25, 0x00,
  0x01, 0x02, 0x04, 0x02, 0x01, 0x04, 0x80, 0x00, 0x04, 0x03, 0x02, 0x04,
  0x03, 0x7e, 0x00, 0x02, 0x02, 0x00, 0x61, 0x00, 0x00, 0x00, 0x45, 0x4d,
  0x00, 0x03, 0x03, 0x05, 0x62, 0x06, 0x01, 0x05, 0x05, 0x43, 0x05, 0x4e,
  0x59, 0x40, 0x0e, 0x00, 0x00, 0x00, 0x2a, 0x00, 0x29, 0x25, 0x25, 0x24,
  0x35, 0x25, 0x07, 0x0a, 0x1b, 0x2b, 0x16, 0x26, 0x35, 0x35, 0x34, 0x36,
  0x33, 0x32, 0x16, 0x15, 0x15, 0x14, 0x06, 0x23, 0x07, 0x22, 0x35, 0x35,
  0x34, 0x26, 0x23, 0x22, 0x06, 0x15, 0x15, 0x14, 0x16, 0x33, 0x32, 0x36,
  0x35, 0x35, 0x34, 0x36, 0x33, 0x17, 0x32, 0x16, 0x15, 0x15, 0x14, 0x06,
  0x23, 0x85, 0x5f, 0x5f, 0x52, 0x52, 0x60, 0x07, 0x05, 0x5c, 0x0c, 0x23,
  0x1b, 0x1b, 0x22, 0x22, 0x1b, 0x1b, 0x23, 0x07, 0x05, 0x5c, 0x05, 0x07,
  0x60, 0x52, 0x08, 0x58, 0x4b, 0xca, 0x49, 0x59, 0x57, 0x43, 0x0e, 0x05,
  0x07, 0x04, 0x0c, 0x0a, 0x19, 0x25, 0x28, 0x1f, 0xb9, 0x1f, 0x28, 0x25,
  0x1a, 0x0a, 0x05, 0x07, 0x01, 0x07, 0x05, 0x12, 0x45, 0x55, 0x00, 0x00,
  0xff, 0xff, 0x00, 0x26, 0xff, 0xf8, 0x01, 0x89, 0x02, 0xbc, 0x00, 0x22,
  0x00, 0xc6, 0x00, 0x00, 0x00, 0x03, 0x02, 0x8a, 0x01, 0x4a, 0x00, 0x00,
  0xff, 0xff, 0x00, 0x26, 0xff, 0xf8, 0x01, 0x89, 0x02, 0xbc, 0x00, 0x22,
  0x00, 0xc6, 0x00, 0x00, 0x00, 0x02, 0x02, 0xa0, 0x3f, 0x00, 0x00, 0x00,
  0x00, 0x01, 0x00, 0x26, 0xff, 0x47, 0x01, 0x89, 0x02, 0x07, 0x00, 0x40,
  0x00, 0x9a, 0x40, 0x0f, 0x40, 0x01, 0x00, 0x01, 0x14, 0x01, 0x02, 0x03,
  0x32, 0x1f, 0x02, 0x04, 0x02, 0x03, 0x4c, 0x4b, 0xb0, 0x0e, 0x50, 0x58,
  0x40, 0x23, 0x00, 0x00, 0x01, 0x03, 0x01, 0x00, 0x72, 0x00, 0x03, 0x02,
  0x01, 0x03, 0x02, 0x7e, 0x00, 0x01, 0x01, 0x05, 0x61, 0x00, 0x05, 0x05,
  0x45, 0x4d, 0x00, 0x02, 0x02, 0x04, 0x61, 0x00, 0x04, 0x04, 0x41, 0x04,
  0x4e, 0x1b, 0x4b, 0xb0, 0x2e, 0x50, 0x58, 0x40, 0x24, 0x00, 0x00, 0x01,
  0x03, 0x01, 0x00, 0x03, 0x80, 0x00, 0x03, 0x02, 0x01, 0x03, 0x02, 0x7e,
  0x00, 0x01, 0x01, 0x05, 0x61, 0x00, 0x05, 0x05, 0x45, 0x4d, 0x00, 0x02,
  0x02, 0x04, 0x61, 0x00, 0x04, 0x04, 0x41, 0x04, 0x4e, 0x1b, 0x40, 0x21,
  0x00, 0x00, 0x01, 0x03, 0x01, 0x00, 0x03, 0x80, 0x00, 0x03, 0x02, 0x01,
  0x03, 0x02, 0x7e, 0x00, 0x02, 0x00, 0x04, 0x02, 0x04, 0x65, 0x00, 0x01,
  0x01, 0x05, 0x61, 0x00, 0x05, 0x05, 0x45, 0x01, 0x4e, 0x59, 0x59, 0x40,
  0x0a, 0x3d, 0x3b, 0x2d, 0x25, 0x25, 0x24, 0x31, 0x06, 0x0a, 0x1b, 0x2b,
  0x00, 0x06, 0x23, 0x07, 0x22, 0x35, 0x35, 0x34, 0x26, 0x23, 0x22, 0x06,
  0x15, 0x15, 0x14, 0x16, 0x33, 0x32, 0x36, 0x35, 0x35, 0x34, 0x36, 0x33,
  0x17, 0x32, 0x16, 0x15, 0x15, 0x14, 0x06, 0x07, 0x06, 0x17, 0x16, 0x15,
  0x14, 0x06, 0x23, 0x22, 0x27, 0x26, 0x37, 0x37, 0x36, 0x17, 0x16, 0x36,
  0x37, 0x36, 0x35, 0x34, 0x27, 0x27, 0x26, 0x26, 0x35, 0x35, 0x34, 0x36,
  0x33, 0x32, 0x16, 0x15, 0x15, 0x01, 0x89, 0x07, 0x05, 0x5c, 0x0c, 0x23,
  0x1b, 0x1b, 0x22, 0x22, 0x1b, 0x1b, 0x23, 0x07, 0x05, 0x5c, 0x05, 0x07,
  0x46, 0x3e, 0x06, 0x04, 0x25, 0x31, 0x24, 0x14, 0x16, 0x09, 0x01, 0x05,
  0x02, 0x0c, 0x0e, 0x15, 0x04, 0x01, 0x2b, 0x05, 0x3f, 0x47, 0x5f, 0x52,
  0x52, 0x60, 0x01, 0x5a, 0x07, 0x04, 0x0c, 0x0a, 0x19, 0x25, 0x28, 0x1f,
  0xb9, 0x1f, 0x28, 0x25, 0x1a, 0x0a, 0x05, 0x07, 0x01, 0x07, 0x05, 0x12,
  0x3b, 0x50, 0x0b, 0x02, 0x04, 0x29, 0x30, 0x2f, 0x27, 0x06, 0x03, 0x0b,
  0x23, 0x0c, 0x03, 0x02, 0x0f, 0x10, 0x03, 0x06, 0x23, 0x29, 0x03, 0x0b,
  0x54, 0x40, 0xca, 0x49, 0x59, 0x57, 0x43, 0x0e, 0xff, 0xff, 0x00, 0x26,
  0xff, 0xf8, 0x01, 0x89, 0x02, 0xbc, 0x00, 0x22, 0x00, 0xc6, 0x00, 0x00,
  0x00, 0x03, 0x02, 0x8c, 0x01, 0x72, 0x00, 0x00, 0xff, 0xff, 0x00, 0x26,
  0xff, 0xf8, 0x01, 0x89, 0x02, 0xd3, 0x00, 0x22, 0x00, 0xc6, 0x00, 0x00,
  0x00, 0x03, 0x02, 0x88, 0x01, 0x25, 0x00, 0x00, 0x00, 0x02, 0x00, 0x26,
  0xff, 0xf8, 0x01, 0x87, 0x02, 0xbc, 0x00, 0x22, 0x00, 0x30, 0x00, 0x6f,
  0x40, 0x15, 0x22, 0x01, 0x03, 0x00, 0x21, 0x1e, 0x02, 0x04, 0x03, 0x26,
  0x25, 0x02, 0x05, 0x04, 0x0f, 0x07, 0x02, 0x01, 0x05, 0x04, 0x4c, 0x4b,
  0xb0, 0x1e, 0x50, 0x58, 0x40, 0x1c, 0x00, 0x00, 0x00, 0x3c, 0x4d, 0x00,
  0x04, 0x04, 0x03, 0x61, 0x00, 0x03, 0x03, 0x45, 0x4d, 0x06, 0x01, 0x05,
  0x05, 0x01, 0x61, 0x02, 0x01, 0x01, 0x01, 0x3d, 0x01, 0x4e, 0x1b, 0x40,
  0x20, 0x00, 0x00, 0x00, 0x3c, 0x4d, 0x00, 0x04, 0x04, 0x03, 0x61, 0x00,
  0x03, 0x03, 0x45, 0x4d, 0x00, 0x01, 0x01, 0x3d, 0x4d, 0x06, 0x01, 0x05,
  0x05, 0x02, 0x61, 0x00, 0x02, 0x02, 0x43, 0x02, 0x4e, 0x59, 0x40, 0x0e,
  0x23, 0x23, 0x23, 0x30, 0x23, 0x2f, 0x2c, 0x25, 0x28, 0x26, 0x21, 0x07,
  0x0a, 0x1b, 0x2b, 0x00, 0x36, 0x33, 0x33, 0x32, 0x16, 0x15, 0x11, 0x14,
  0x06, 0x23, 0x23, 0x22, 0x26, 0x35, 0x35, 0x34, 0x26, 0x07, 0x06, 0x23,
  0x22, 0x26, 0x35, 0x35, 0x34, 0x36, 0x33, 0x32, 0x16, 0x17, 0x16, 0x36,
  0x35, 0x35, 0x02, 0x36, 0x37, 0x35, 0x26, 0x26, 0x23, 0x22, 0x06, 0x15,
  0x15, 0x14, 0x16, 0x33, 0x01, 0x13, 0x07, 0x05, 0x5c, 0x05, 0x07, 0x07,
  0x05, 0x5c, 0x05, 0x07, 0x04, 0x02, 0x24, 0x36, 0x43, 0x4a, 0x4b, 0x42,
  0x17, 0x30, 0x13, 0x02, 0x04, 0x24, 0x20, 0x04, 0x04, 0x20, 0x18, 0x1c,
  0x22, 0x22, 0x1c, 0x02, 0xb5, 0x07, 0x07, 0x05, 0xfd, 0x5c, 0x05, 0x07,
  0x07, 0x05, 0x0c, 0x03, 0x02, 0x02, 0x23, 0x58, 0x4a, 0xcb, 0x4c, 0x56,
  0x11, 0x13, 0x02, 0x02, 0x03, 0xca, 0xfd, 0xac, 0x1f, 0x1a, 0xd5, 0x1a,
  0x1f, 0x27, 0x20, 0xb9, 0x20, 0x27, 0x00, 0x00, 0x00, 0x02, 0x00, 0x26,
  0xff, 0xf8, 0x01, 0x93, 0x02, 0xbc, 0x00, 0x3b, 0x00, 0x49, 0x00, 0x59,
  0x40, 0x0c, 0x36, 0x1c, 0x05, 0x03, 0x01, 0x02, 0x16, 0x01, 0x03, 0x01,
  0x02, 0x4c, 0x4b, 0xb0, 0x24, 0x50, 0x58, 0x40, 0x1a, 0x00, 0x02, 0x02,
  0x3c, 0x4d, 0x00, 0x03, 0x03, 0x01, 0x61, 0x00, 0x01, 0x01, 0x3f, 0x4d,
  0x00, 0x04, 0x04, 0x00, 0x61, 0x00, 0x00, 0x00, 0x43, 0x00, 0x4e, 0x1b,
  0x40, 0x18, 0x00, 0x01, 0x00, 0x03, 0x04, 0x01, 0x03, 0x6a, 0x00, 0x02,
  0x02, 0x3c, 0x4d, 0x00, 0x04, 0x04, 0x00, 0x61, 0x00, 0x00, 0x00, 0x43,
  0x00, 0x4e, 0x59, 0x40, 0x0b, 0x46, 0x44, 0x3f, 0x3d, 0x30, 0x2d, 0x26,
  0x2b, 0x05, 0x0a, 0x18, 0x2b, 0x01, 0x14, 0x07, 0x07, 0x06, 0x17, 0x16,
  0x16, 0x17, 0x15, 0x14, 0x06, 0x23, 0x22, 0x26, 0x35, 0x35, 0x34, 0x36,
  0x36, 0x33, 0x32, 0x17, 0x16, 0x27, 0x26, 0x27, 0x26, 0x0f, 0x02, 0x22,
  0x2f, 0x02, 0x34, 0x37, 0x37, 0x36, 0x36, 0x27, 0x26, 0x27, 0x26, 0x35,
  0x34, 0x33, 0x33, 0x32, 0x1f, 0x02, 0x16, 0x16, 0x3f, 0x02, 0x32, 0x17,
  0x17, 0x02, 0x26, 0x23, 0x22, 0x06, 0x15, 0x15, 0x14, 0x16, 0x33, 0x32,
  0x36, 0x35, 0x35, 0x01, 0x93, 0x0a, 0x3a, 0x06, 0x03, 0x1d, 0x21, 0x01,
  0x5f, 0x54, 0x53, 0x5f, 0x2a, 0x48, 0x2d, 0x2b, 0x19, 0x04, 0x01, 0x0a,
  0x17, 0x02, 0x04, 0x4a, 0x04, 0x08, 0x03, 0x07, 0x01, 0x0a, 0x39, 0x02,
  0x02, 0x01, 0x24, 0x10, 0x04, 0x0b, 0x56, 0x09, 0x06, 0x19, 0x0f, 0x01,
  0x03, 0x02, 0x4c, 0x04, 0x08, 0x03, 0x07, 0x7b, 0x23, 0x1c, 0x1c, 0x22,
  0x22, 0x1c, 0x1c, 0x23, 0x02, 0x66, 0x08, 0x03, 0x10, 0x02, 0x04, 0x36,
  0x78, 0x49, 0xb3, 0x4b, 0x58, 0x58, 0x4b, 0xb3, 0x2f, 0x4a, 0x2a, 0x17,
  0x04, 0x05, 0x28, 0x2a, 0x04, 0x01, 0x13, 0x01, 0x0a, 0x1a, 0x04, 0x08,
  0x03, 0x0f, 0x01, 0x04, 0x02, 0x34, 0x14, 0x06, 0x02, 0x07, 0x07, 0x23,
  0x14, 0x02, 0x02, 0x01, 0x15, 0x01, 0x0a, 0x1d, 0xfe, 0xfa, 0x28, 0x27,
  0x20, 0xa2, 0x20, 0x27, 0x28, 0x1f, 0xa2, 0x00, 0xff, 0xff, 0x00, 0x26,
  0xff, 0xf8, 0x02, 0x57, 0x02, 0xbc, 0x00, 0x22, 0x00, 0xcc, 0x00, 0x00,
  0x00, 0x03, 0x02, 0x94, 0x02, 0x63, 0x00, 0x00, 0x00, 0x02, 0x00, 0x26,
  0xff, 0xf8, 0x01, 0xb2, 0x02, 0xbc, 0x00, 0x3e, 0x00, 0x4c, 0x00, 0x93,
  0x40, 0x21, 0x3b, 0x33, 0x32, 0x03, 0x05, 0x06, 0x2c, 0x03, 0x02, 0x00,
  0x05, 0x25, 0x09, 0x02, 0x03, 0x00, 0x24, 0x21, 0x02, 0x08, 0x03, 0x42,
  0x41, 0x02, 0x09, 0x08, 0x12, 0x0a, 0x02, 0x01, 0x09, 0x06, 0x4c, 0x4b,
  0xb0, 0x1e, 0x50, 0x58, 0x40, 0x26, 0x07, 0x01, 0x05, 0x04, 0x01, 0x00,
  0x03, 0x05, 0x00, 0x69, 0x00, 0x06, 0x06, 0x3c, 0x4d, 0x00, 0x08, 0x08,
  0x03, 0x61, 0x00, 0x03, 0x03, 0x45, 0x4d, 0x0a, 0x01, 0x09, 0x09, 0x01,
  0x61, 0x02, 0x01, 0x01, 0x01, 0x3d, 0x01, 0x4e, 0x1b, 0x40, 0x2a, 0x07,
  0x01, 0x05, 0x04, 0x01, 0x00, 0x03, 0x05, 0x00, 0x69, 0x00, 0x06, 0x06,
  0x3c, 0x4d, 0x00, 0x08, 0x08, 0x03, 0x61, 0x00, 0x03, 0x03, 0x45, 0x4d,
  0x00, 0x01, 0x01, 0x3d, 0x4d, 0x0a, 0x01, 0x09, 0x09, 0x02, 0x61, 0x00,
  0x02, 0x02, 0x43, 0x02, 0x4e, 0x59, 0x40, 0x12, 0x3f, 0x3f, 0x3f, 0x4c,
  0x3f, 0x4b, 0x26, 0x16, 0x25, 0x26, 0x18, 0x25, 0x28, 0x25, 0x25, 0x0b,
  0x0a, 0x1f, 0x2b, 0x00, 0x16, 0x15, 0x15, 0x14, 0x06, 0x23, 0x23, 0x22,
  0x15, 0x11, 0x14, 0x06, 0x23, 0x23, 0x22, 0x26, 0x35, 0x35, 0x34, 0x26,
  0x07, 0x06, 0x23, 0x22, 0x26, 0x35, 0x35, 0x34, 0x36, 0x33, 0x32, 0x16,
  0x17, 0x16, 0x36, 0x35, 0x35, 0x34, 0x23, 0x23, 0x22, 0x26, 0x35, 0x35,
  0x34, 0x36, 0x33, 0x33, 0x32, 0x35, 0x35, 0x34, 0x36, 0x33, 0x33, 0x32,
  0x16, 0x15, 0x15, 0x14, 0x33, 0x33, 0x02, 0x36, 0x37, 0x35, 0x26, 0x26,
  0x23, 0x22, 0x06, 0x15, 0x15, 0x14, 0x16, 0x33, 0x01, 0xab, 0x07, 0x07,
  0x05, 0x1a, 0x05, 0x07, 0x05, 0x5c, 0x05, 0x07, 0x04, 0x02, 0x24, 0x36,
  0x43, 0x4a, 0x4b, 0x42, 0x17, 0x30, 0x13, 0x02, 0x04, 0x05, 0x67, 0x05,
  0x07, 0x07, 0x05, 0x67, 0x05, 0x07, 0x05, 0x5c, 0x05, 0x07, 0x05, 0x1a,
  0xb7, 0x20, 0x04, 0x04, 0x20, 0x18, 0x1c, 0x22, 0x22, 0x1c, 0x02, 0x77,
  0x07, 0x05, 0x2f, 0x05, 0x07, 0x05, 0xfd, 0xe1, 0x05, 0x07, 0x07, 0x05,
  0x0c, 0x03, 0x02, 0x02, 0x23, 0x58, 0x4a, 0xcb, 0x4c, 0x56, 0x11, 0x13,
  0x02, 0x02, 0x03, 0x45, 0x05, 0x07, 0x05, 0x2f, 0x05, 0x07, 0x05, 0x34,
  0x05, 0x07, 0x07, 0x05, 0x34, 0x05, 0xfd, 0xe5, 0x1f, 0x1a, 0xd5, 0x1a,
  0x1f, 0x27, 0x20, 0xb9, 0x20, 0x27, 0x00, 0x00, 0x00, 0x02, 0x00, 0x26,
  0xff, 0xf8, 0x01, 0x88, 0x02, 0x07, 0x00, 0x20, 0x00, 0x2d, 0x00, 0x79,
  0x40, 0x0f, 0x29, 0x24, 0x02, 0x05, 0x06, 0x20, 0x01, 0x00, 0x05, 0x05,
  0x01, 0x02, 0x00, 0x03, 0x4c, 0x4b, 0xb0, 0x14, 0x50, 0x58, 0x40, 0x25,
  0x00, 0x02, 0x00, 0x01, 0x01, 0x02, 0x72, 0x00, 0x05, 0x00, 0x00, 0x02,
  0x05, 0x00, 0x67, 0x07, 0x01, 0x06, 0x06, 0x04, 0x61, 0x00, 0x04, 0x04,
  0x45, 0x4d, 0x00, 0x01, 0x01, 0x03, 0x62, 0x00, 0x03, 0x03, 0x43, 0x03,
  0x4e, 0x1b, 0x40, 0x26, 0x00, 0x02, 0x00, 0x01, 0x00, 0x02, 0x01, 0x80,
  0x00, 0x05, 0x00, 0x00, 0x02, 0x05, 0x00, 0x67, 0x07, 0x01, 0x06, 0x06,
  0x04, 0x61, 0x00, 0x04, 0x04, 0x45, 0x4d, 0x00, 0x01, 0x01, 0x03, 0x62,
  0x00, 0x03, 0x03, 0x43, 0x03, 0x4e, 0x59, 0x40, 0x0f, 0x21, 0x21, 0x21,
  0x2d, 0x21, 0x2c, 0x19, 0x25, 0x25, 0x23, 0x25, 0x21, 0x08, 0x0a, 0x1c,
  0x2b, 0x24, 0x06, 0x23, 0x23, 0x22, 0x15, 0x15, 0x14, 0x16, 0x33, 0x32,
  0x36, 0x37, 0x36, 0x33, 0x17, 0x32, 0x16, 0x07, 0x06, 0x06, 0x23, 0x22,
  0x26, 0x35, 0x35, 0x34, 0x36, 0x33, 0x32, 0x16, 0x15, 0x15, 0x26, 0x06,
  0x15, 0x15, 0x14, 0x33, 0x33, 0x32, 0x35, 0x35, 0x34, 0x26, 0x23, 0x01,
  0x88, 0x07, 0x05, 0xdd, 0x05, 0x22, 0x1b, 0x17, 0x21, 0x05, 0x03, 0x0a,
  0x59, 0x05, 0x07, 0x01, 0x07, 0x58, 0x4f, 0x52, 0x5f, 0x5f, 0x52, 0x52,
  0x5f, 0xcc, 0x22, 0x05, 0x71, 0x05, 0x22, 0x1c, 0xdc, 0x07, 0x05, 0x2d,
  0x1f, 0x28, 0x1d, 0x17, 0x0a, 0x04, 0x07, 0x06, 0x46, 0x4b, 0x57, 0x4b,
  0xcb, 0x49, 0x59, 0x59, 0x49, 0x84, 0xc2, 0x28, 0x1f, 0x2d, 0x05, 0x05,
  0x2d, 0x20, 0x27, 0x00, 0xff, 0xff, 0x00, 0x26, 0xff, 0xf8, 0x01, 0x88,
  0x02, 0xbc, 0x00, 0x22, 0x00, 0xd0, 0x00, 0x00, 0x00, 0x03, 0x02, 0x8a,
  0x01, 0x48, 0x00, 0x00, 0xff, 0xff, 0x00, 0x26, 0xff, 0xf8, 0x01, 0x88,
  0x02, 0xbb, 0x00, 0x22, 0x00, 0xd0, 0x00, 0x00, 0x01, 0x07, 0x02, 0x8d,
  0x01, 0x73, 0xff, 0xff, 0x00, 0x09, 0xb1, 0x02, 0x01, 0xb8, 0xff, 0xff,
  0xb0, 0x35, 0x2b, 0x00, 0x00, 0x02, 0x00, 0x26, 0xff, 0x4f, 0x01, 0x88,
  0x02, 0x07, 0x00, 0x36, 0x00, 0x43, 0x00, 0x7e, 0x40, 0x14, 0x3f, 0x3a,
  0x02, 0x05, 0x06, 0x36, 0x01, 0x00, 0x05, 0x05, 0x01, 0x02, 0x00, 0x27,
  0x17, 0x02, 0x03, 0x01, 0x04, 0x4c, 0x4b, 0xb0, 0x2a, 0x50, 0x58, 0x40,
  0x26, 0x00, 0x02, 0x00, 0x01, 0x00, 0x02, 0x01, 0x80, 0x00, 0x05, 0x00,
  0x00, 0x02, 0x05, 0x00, 0x67, 0x07, 0x01, 0x06, 0x06, 0x04, 0x61, 0x00,
  0x04, 0x04, 0x45, 0x4d, 0x00, 0x01, 0x01, 0x03, 0x61, 0x00, 0x03, 0x03,
  0x41, 0x03, 0x4e, 0x1b, 0x40, 0x23, 0x00, 0x02, 0x00, 0x01, 0x00, 0x02,
  0x01, 0x80, 0x00, 0x05, 0x00, 0x00, 0x02, 0x05, 0x00, 0x67, 0x00, 0x01,
  0x00, 0x03, 0x01, 0x03, 0x65, 0x07, 0x01, 0x06, 0x06, 0x04, 0x61, 0x00,
  0x04, 0x04, 0x45, 0x06, 0x4e, 0x59, 0x40, 0x11, 0x37, 0x37, 0x37, 0x43,
  0x37, 0x42, 0x3d, 0x3c, 0x33, 0x31, 0x2c, 0x23, 0x25, 0x21, 0x08, 0x0a,
  0x1a, 0x2b, 0x24, 0x06, 0x23, 0x23, 0x22, 0x15, 0x15, 0x14, 0x16, 0x33,
  0x32, 0x36, 0x37, 0x36, 0x33, 0x17, 0x32, 0x16, 0x07, 0x06, 0x06, 0x07,
  0x06, 0x17, 0x16, 0x15, 0x14, 0x06, 0x23, 0x22, 0x27, 0x26, 0x37, 0x37,
  0x36, 0x17, 0x16, 0x36, 0x37, 0x37, 0x34, 0x27, 0x26, 0x23, 0x26, 0x26,
  0x35, 0x35, 0x34, 0x36, 0x33, 0x32, 0x16, 0x15, 0x15, 0x26, 0x06, 0x15,
  0x15, 0x14, 0x33, 0x33, 0x32, 0x35, 0x35, 0x34, 0x26, 0x23, 0x01, 0x88,
  0x07, 0x05, 0xdd, 0x05, 0x22, 0x1b, 0x17, 0x21, 0x05, 0x03, 0x0a, 0x59,
  0x05, 0x07, 0x01, 0x05, 0x3f, 0x38, 0x06, 0x03, 0x20, 0x31, 0x24, 0x14,
  0x16, 0x09, 0x01, 0x05, 0x01, 0x0d, 0x0e, 0x15, 0x04, 0x01, 0x22, 0x01,
  0x04, 0x42, 0x4b, 0x5f, 0x52, 0x52, 0x5f, 0xcc, 0x22, 0x05, 0x71, 0x05,
  0x22, 0x1c, 0xdc, 0x07, 0x05, 0x2d, 0x1f, 0x28, 0x1d, 0x17, 0x0a, 0x04,
  0x07, 0x06, 0x39, 0x49, 0x0b, 0x02, 0x04, 0x27, 0x2a, 0x2f, 0x27, 0x06,
  0x03, 0x0b, 0x23, 0x0c, 0x02, 0x02, 0x0d, 0x11, 0x09, 0x1e, 0x24, 0x03,
  0x0b, 0x53, 0x42, 0xcb, 0x49, 0x59, 0x59, 0x49, 0x84, 0xc2, 0x28, 0x1f,
  0x2d, 0x05, 0x05, 0x2d, 0x20, 0x27, 0x00, 0x00, 0xff, 0xff, 0x00, 0x26,
  0xff, 0xf8, 0x01, 0x88, 0x02, 0xbc, 0x00, 0x22, 0x00, 0xd0, 0x00, 0x00,
  0x00, 0x03, 0x02, 0x8c, 0x01, 0x70, 0x00, 0x00, 0xff, 0xff, 0x00, 0x26,
  0xff, 0xf8, 0x01, 0xf3, 0x03, 0x0c, 0x00, 0x22, 0x00, 0xd0, 0x00, 0x00,
  0x00, 0x03, 0x02, 0xb1, 0x02, 0x7d, 0x00, 0x00, 0xff, 0xff, 0x00, 0x26,
  0xff, 0x21, 0x01, 0x88, 0x02, 0xbc, 0x00, 0x22, 0x00, 0xd0, 0x00, 0x00,
  0x00, 0x23, 0x02, 0x96, 0x01, 0x23, 0x00, 0x00, 0x00, 0x03, 0x02, 0x8c,
  0x01, 0x70, 0x00, 0x00, 0xff, 0xff, 0x00, 0x26, 0xff, 0xf8, 0x01, 0x97,
  0x03, 0x34, 0x00, 0x22, 0x00, 0xd0, 0x00, 0x00, 0x00, 0x03, 0x02, 0xb2,
  0x02, 0x90, 0x00, 0x00, 0xff, 0xff, 0x00, 0x26, 0xff, 0xf8, 0x01, 0xbf,
  0x03, 0x5a, 0x00, 0x22, 0x00, 0xd0, 0x00, 0x00, 0x00, 0x03, 0x02, 0xb3,
  0x02, 0x90, 0x00, 0x00, 0xff, 0xff, 0x00, 0x26, 0xff, 0xf8, 0x01, 0x88,
  0x03, 0x4f, 0x00, 0x22, 0x00, 0xd0, 0x00, 0x00, 0x00, 0x03, 0x02, 0xb4,
  0x02, 0x90, 0x00, 0x00, 0xff, 0xff, 0x00, 0x26, 0xff, 0xf8, 0x01, 0x88,
  0x02, 0xd3, 0x00, 0x22, 0x00, 0xd0, 0x00, 0x00, 0x00, 0x03, 0x02, 0x87,
  0x01, 0x71, 0x00, 0x00, 0xff, 0xff, 0x00, 0x26, 0xff, 0xf8, 0x01, 0x88,
  0x02, 0xd3, 0x00, 0x22, 0x00, 0xd0, 0x00, 0x00, 0x00, 0x03, 0x02, 0x88,
  0x01, 0x23, 0x00, 0x00, 0xff, 0xff, 0x00, 0x26, 0xff, 0x21, 0x01, 0x88,
  0x02, 0x07, 0x00, 0x22, 0x00, 0xd0, 0x00, 0x00, 0x00, 0x03, 0x02, 0x96,
  0x01, 0x23, 0x00, 0x00, 0xff, 0xff, 0x00, 0x26, 0xff, 0xf8, 0x01, 0x88,
  0x02, 0xbc, 0x00, 0x22, 0x00, 0xd0, 0x00, 0x00, 0x00, 0x03, 0x02, 0x89,
  0x01, 0x06, 0x00, 0x00, 0xff, 0xff, 0x00, 0x26, 0xff, 0xf8, 0x01, 0x88,
  0x02, 0xea, 0x00, 0x22, 0x00, 0xd0, 0x00, 0x00, 0x00, 0x03, 0x02, 0x92,
  0x02, 0x0e, 0x00, 0x00, 0xff, 0xff, 0x00, 0x26, 0xff, 0xf8, 0x01, 0x88,
  0x02, 0xab, 0x00, 0x22, 0x00, 0xd0, 0x00, 0x00, 0x00, 0x03, 0x02, 0x91,
  0x01, 0x3d, 0x00, 0x00, 0x00, 0x02, 0x00, 0x26, 0xff, 0x4b, 0x01, 0x88,
  0x02, 0x07, 0x00, 0x38, 0x00, 0x45, 0x00, 0x91, 0x40, 0x18, 0x41, 0x3c,
  0x02, 0x06, 0x07, 0x38, 0x01, 0x00, 0x06, 0x05, 0x01, 0x02, 0x00, 0x2b,
  0x19, 0x02, 0x03, 0x01, 0x21, 0x01, 0x04, 0x03, 0x05, 0x4c, 0x4b, 0xb0,
  0x2e, 0x50, 0x58, 0x40, 0x2e, 0x00, 0x02, 0x00, 0x01, 0x00, 0x02, 0x01,
  0x80, 0x00, 0x03, 0x01, 0x04, 0x01, 0x03, 0x04, 0x80, 0x00, 0x06, 0x00,
  0x00, 0x02, 0x06, 0x00, 0x67, 0x08, 0x01, 0x07, 0x07, 0x05, 0x61, 0x00,
  0x05, 0x05, 0x45, 0x4d, 0x00, 0x01, 0x01, 0x04, 0x61, 0x00, 0x04, 0x04,
  0x41, 0x04, 0x4e, 0x1b, 0x40, 0x2b, 0x00, 0x02, 0x00, 0x01, 0x00, 0x02,
  0x01, 0x80, 0x00, 0x03, 0x01, 0x04, 0x01, 0x03, 0x04, 0x80, 0x00, 0x06,
  0x00, 0x00, 0x02, 0x06, 0x00, 0x67, 0x00, 0x01, 0x00, 0x04, 0x01, 0x04,
  0x65, 0x08, 0x01, 0x07, 0x07, 0x05, 0x61, 0x00, 0x05, 0x05, 0x45, 0x07,
  0x4e, 0x59, 0x40, 0x10, 0x39, 0x39, 0x39, 0x45, 0x39, 0x44, 0x19, 0x2c,
  0x26, 0x2e, 0x23, 0x25, 0x21, 0x09, 0x0a, 0x1d, 0x2b, 0x24, 0x06, 0x23,
  0x23, 0x22, 0x15, 0x15, 0x14, 0x16, 0x33, 0x32, 0x36, 0x37, 0x36, 0x33,
  0x17, 0x32, 0x16, 0x07, 0x06, 0x06, 0x07, 0x22, 0x07, 0x06, 0x15, 0x17,
  0x16, 0x16, 0x37, 0x33, 0x32, 0x17, 0x17, 0x15, 0x14, 0x07, 0x06, 0x23,
  0x22, 0x26, 0x35, 0x34, 0x37, 0x36, 0x27, 0x26, 0x26, 0x35, 0x35, 0x34,
  0x36, 0x33, 0x32, 0x16, 0x15, 0x15, 0x26, 0x06, 0x15, 0x15, 0x14, 0x33,
  0x33, 0x32, 0x35, 0x35, 0x34, 0x26, 0x23, 0x01, 0x88, 0x07, 0x05, 0xdd,
  0x05, 0x22, 0x1b, 0x17, 0x21, 0x05, 0x03, 0x0a, 0x59, 0x05, 0x07, 0x01,
  0x07, 0x46, 0x3e, 0x03, 0x02, 0x25, 0x01, 0x04, 0x15, 0x0e, 0x03, 0x0a,
  0x01, 0x05, 0x08, 0x16, 0x13, 0x24, 0x32, 0x22, 0x04, 0x06, 0x3b, 0x43,
  0x5f, 0x52, 0x52, 0x5f, 0xcc, 0x22, 0x05, 0x71, 0x05, 0x22, 0x1c, 0xdc,
  0x07, 0x05, 0x2d, 0x1f, 0x28, 0x1d, 0x17, 0x0a, 0x04, 0x07, 0x06, 0x3e,
  0x49, 0x08, 0x03, 0x25, 0x21, 0x09, 0x11, 0x0d, 0x02, 0x0a, 0x23, 0x04,
  0x07, 0x03, 0x06, 0x28, 0x2f, 0x2d, 0x28, 0x04, 0x02, 0x0c, 0x53, 0x3e,
  0xcb, 0x49, 0x59, 0x59, 0x49, 0x84, 0xc2, 0x28, 0x1f, 0x2d, 0x05, 0x05,
  0x2d, 0x20, 0x27, 0x00, 0xff, 0xff, 0x00, 0x26, 0xff, 0xf8, 0x01, 0x88,
  0x02, 0xc3, 0x00, 0x22, 0x00, 0xd0, 0x00, 0x00, 0x00, 0x03, 0x02, 0x90,
  0x01, 0x74, 0x00, 0x00, 0x00, 0x02, 0x00, 0x22, 0xff, 0xf8, 0x01, 0x84,
  0x02, 0x07, 0x00, 0x20, 0x00, 0x2d, 0x00, 0x81, 0x40, 0x0f, 0x10, 0x01,
  0x01, 0x03, 0x0a, 0x01, 0x05, 0x01, 0x29, 0x24, 0x02, 0x06, 0x05, 0x03,
  0x4c, 0x4b, 0xb0, 0x14, 0x50, 0x58, 0x40, 0x26, 0x00, 0x03, 0x02, 0x01,
  0x02, 0x03, 0x72, 0x00, 0x01, 0x00, 0x05, 0x06, 0x01, 0x05, 0x67, 0x00,
  0x02, 0x02, 0x04, 0x61, 0x07, 0x01, 0x04, 0x04, 0x45, 0x4d, 0x08, 0x01,
  0x06, 0x06, 0x00, 0x61, 0x00, 0x00, 0x00, 0x43, 0x00, 0x4e, 0x1b, 0x40,
  0x27, 0x00, 0x03, 0x02, 0x01, 0x02, 0x03, 0x01, 0x80, 0x00, 0x01, 0x00,
  0x05, 0x06, 0x01, 0x05, 0x67, 0x00, 0x02, 0x02, 0x04, 0x61, 0x07, 0x01,
  0x04, 0x04, 0x45, 0x4d, 0x08, 0x01, 0x06, 0x06, 0x00, 0x61, 0x00, 0x00,
  0x00, 0x43, 0x00, 0x4e, 0x59, 0x40, 0x15, 0x21, 0x21, 0x00, 0x00, 0x21,
  0x2d, 0x21, 0x2c, 0x27, 0x26, 0x00, 0x20, 0x00, 0x1f, 0x23, 0x25, 0x25,
  0x25, 0x09, 0x0a, 0x1a, 0x2b, 0x00, 0x16, 0x15, 0x15, 0x14, 0x06, 0x23,
  0x22, 0x26, 0x35, 0x35, 0x34, 0x36, 0x33, 0x33, 0x32, 0x35, 0x35, 0x34,
  0x26, 0x23, 0x22, 0x06, 0x07, 0x06, 0x23, 0x27, 0x22, 0x26, 0x37, 0x36,
  0x36, 0x33, 0x12, 0x36, 0x35, 0x35, 0x34, 0x23, 0x23, 0x22, 0x15, 0x15,
  0x14, 0x16, 0x33, 0x01, 0x25, 0x5f, 0x60, 0x51, 0x52, 0x5f, 0x07, 0x05,
  0xdd, 0x05, 0x22, 0x1b, 0x17, 0x20, 0x06, 0x03, 0x0a, 0x59, 0x05, 0x07,
  0x01, 0x07, 0x58, 0x4f, 0x1b, 0x22, 0x05, 0x71, 0x05, 0x22, 0x1c, 0x02,
  0x07, 0x57, 0x4b, 0xca, 0x49, 0x5a, 0x5a, 0x49, 0x83, 0x05, 0x07, 0x05,
  0x2d, 0x20, 0x28, 0x1e, 0x17, 0x0a, 0x04, 0x07, 0x05, 0x47, 0x4b, 0xfe,
  0x55, 0x28, 0x1f, 0x2e, 0x05, 0x05, 0x2e, 0x20, 0x27, 0x00, 0x00, 0x00,
  0x00, 0x01, 0x00, 0x26, 0xff, 0x36, 0x01, 0x8a, 0x01, 0xff, 0x00, 0x37,
  0x00, 0x5d, 0x40, 0x0f, 0x2c, 0x01, 0x03, 0x04, 0x37, 0x21, 0x02, 0x02,
  0x03, 0x0e, 0x01, 0x01, 0x02, 0x03, 0x4c, 0x4b, 0xb0, 0x2e, 0x50, 0x58,
  0x40, 0x1d, 0x00, 0x02, 0x03, 0x01, 0x03, 0x02, 0x01, 0x80, 0x00, 0x03,
  0x03, 0x04, 0x5f, 0x00, 0x04, 0x04, 0x3f, 0x4d, 0x00, 0x01, 0x01, 0x00,
  0x61, 0x00, 0x00, 0x00, 0x47, 0x00, 0x4e, 0x1b, 0x40, 0x1a, 0x00, 0x02,
  0x03, 0x01, 0x03, 0x02, 0x01, 0x80, 0x00, 0x01, 0x00, 0x00, 0x01, 0x00,
  0x65, 0x00, 0x03, 0x03, 0x04, 0x5f, 0x00, 0x04, 0x04, 0x3f, 0x03, 0x4e,
  0x59, 0xb7, 0x26, 0x1d, 0x24, 0x28, 0x28, 0x05, 0x0a, 0x1b, 0x2b, 0x12,
  0x16, 0x33, 0x16, 0x16, 0x15, 0x14, 0x06, 0x06, 0x23, 0x22, 0x27, 0x26,
  0x35, 0x37, 0x34, 0x36, 0x17, 0x16, 0x33, 0x32, 0x36, 0x35, 0x34, 0x26,
  0x23, 0x22, 0x07, 0x07, 0x22, 0x27, 0x27, 0x26, 0x35, 0x34, 0x37, 0x37,
  0x36, 0x26, 0x23, 0x23, 0x22, 0x26, 0x35, 0x35, 0x34, 0x36, 0x33, 0x21,
  0x32, 0x16, 0x15, 0x15, 0x14, 0x07, 0x07, 0xd7, 0x01, 0x03, 0x54, 0x5b,
  0x43, 0x72, 0x43, 0x2d, 0x30, 0x0a, 0x03, 0x07, 0x06, 0x24, 0x24, 0x3d,
  0x56, 0x3e, 0x3e, 0x1b, 0x1d, 0x04, 0x08, 0x03, 0x19, 0x02, 0x05, 0x9b,
  0x02, 0x02, 0x03, 0xa3, 0x05, 0x07, 0x07, 0x05, 0x01, 0x2c, 0x05, 0x07,
  0x06, 0x8b, 0x01, 0x02, 0x04, 0x13, 0x79, 0x52, 0x46, 0x6b, 0x39, 0x0e,
  0x03, 0x0b, 0x4d, 0x06, 0x06, 0x02, 0x0c, 0x42, 0x49, 0x37, 0x4c, 0x07,
  0x01, 0x08, 0x3a, 0x06, 0x01, 0x04, 0x05, 0x9b, 0x02, 0x04, 0x07, 0x05,
  0x51, 0x05, 0x07, 0x07, 0x05, 0x54, 0x09, 0x06, 0x8c, 0x00, 0x00, 0x00,
  0xff, 0xff, 0x00, 0x26, 0xff, 0x36, 0x01, 0x8a, 0x02, 0xbb, 0x00, 0x22,
  0x00, 0xe3, 0x00, 0x00, 0x01, 0x07, 0x02, 0x8d, 0x01, 0x6b, 0xff, 0xff,
  0x00, 0x09, 0xb1, 0x01, 0x01, 0xb8, 0xff, 0xff, 0xb0, 0x35, 0x2b, 0x00,
  0x00, 0x01, 0x00, 0x16, 0x00, 0x00, 0x01, 0x09, 0x02, 0xc1, 0x00, 0x33,
  0x00, 0x3f, 0x40, 0x3c, 0x28, 0x01, 0x05, 0x04, 0x30, 0x1f, 0x02, 0x03,
  0x05, 0x19, 0x03, 0x02, 0x00, 0x03, 0x12, 0x0a, 0x09, 0x03, 0x01, 0x00,
  0x04, 0x4c, 0x00, 0x05, 0x05, 0x04, 0x61, 0x00, 0x04, 0x04, 0x3c, 0x4d,
  0x02, 0x01, 0x00, 0x00, 0x03, 0x61, 0x06, 0x01, 0x03, 0x03, 0x3f, 0x4d,
  0x00, 0x01, 0x01, 0x3d, 0x01, 0x4e, 0x15, 0x35, 0x35, 0x26, 0x16, 0x25,
  0x25, 0x07, 0x0a, 0x1d, 0x2b, 0x00, 0x16, 0x15, 0x15, 0x14, 0x06, 0x23,
  0x23, 0x22, 0x15, 0x11, 0x14, 0x06, 0x23, 0x23, 0x22, 0x26, 0x35, 0x11,
  0x34, 0x23, 0x23, 0x22, 0x26, 0x35, 0x35, 0x34, 0x36, 0x33, 0x33, 0x32,
  0x35, 0x35, 0x34, 0x36, 0x17, 0x33, 0x32, 0x16, 0x15, 0x07, 0x14, 0x06,
  0x23, 0x23, 0x06, 0x06, 0x15, 0x15, 0x14, 0x33, 0x33, 0x01, 0x02, 0x07,
  0x07, 0x05, 0x3e, 0x05, 0x07, 0x05, 0x5b, 0x05, 0x07, 0x05, 0x20, 0x05,
  0x07, 0x07, 0x05, 0x20, 0x05, 0x52, 0x5a, 0x08, 0x05, 0x07, 0x02, 0x07,
  0x05, 0x05, 0x1e, 0x1c, 0x05, 0x3e, 0x01, 0xff, 0x07, 0x05, 0x3b, 0x05,
  0x07, 0x05, 0xfe, 0x65, 0x05, 0x07, 0x07, 0x05, 0x01, 0x9b, 0x05, 0x07,
  0x05, 0x3b, 0x05, 0x07, 0x05, 0x19, 0x5a, 0x4a, 0x01, 0x07, 0x05, 0x44,
  0x05, 0x07, 0x01, 0x25, 0x26, 0x14, 0x05, 0x00, 0x00, 0x02, 0x00, 0x26,
  0xff, 0x32, 0x01, 0x87, 0x02, 0x07, 0x00, 0x28, 0x00, 0x36, 0x00, 0x9a,
  0x40, 0x0a, 0x24, 0x01, 0x05, 0x00, 0x16, 0x01, 0x03, 0x06, 0x02, 0x4c,
  0x4b, 0xb0, 0x1e, 0x50, 0x58, 0x40, 0x21, 0x00, 0x05, 0x05, 0x00, 0x61,
  0x04, 0x01, 0x00, 0x00, 0x3f, 0x4d, 0x07, 0x01, 0x06, 0x06, 0x03, 0x61,
  0x00, 0x03, 0x03, 0x3d, 0x4d, 0x00, 0x02, 0x02, 0x01, 0x62, 0x00, 0x01,
  0x01, 0x47, 0x01, 0x4e, 0x1b, 0x4b, 0xb0, 0x2e, 0x50, 0x58, 0x40, 0x25,
  0x00, 0x00, 0x00, 0x3f, 0x4d, 0x00, 0x05, 0x05, 0x04, 0x61, 0x00, 0x04,
  0x04, 0x45, 0x4d, 0x07, 0x01, 0x06, 0x06, 0x03, 0x61, 0x00, 0x03, 0x03,
  0x3d, 0x4d, 0x00, 0x02, 0x02, 0x01, 0x62, 0x00, 0x01, 0x01, 0x47, 0x01,
  0x4e, 0x1b, 0x40, 0x22, 0x00, 0x02, 0x00, 0x01, 0x02, 0x01, 0x66, 0x00,
  0x00, 0x00, 0x3f, 0x4d, 0x00, 0x05, 0x05, 0x04, 0x61, 0x00, 0x04, 0x04,
  0x45, 0x4d, 0x07, 0x01, 0x06, 0x06, 0x03, 0x61, 0x00, 0x03, 0x03, 0x3d,
  0x03, 0x4e, 0x59, 0x59, 0x40, 0x0f, 0x29, 0x29, 0x29, 0x36, 0x29, 0x35,
  0x2b, 0x25, 0x28, 0x16, 0x26, 0x21, 0x08, 0x0a, 0x1c, 0x2b, 0x00, 0x36,
  0x33, 0x33, 0x32, 0x16, 0x15, 0x11, 0x14, 0x06, 0x23, 0x22, 0x27, 0x26,
  0x35, 0x35, 0x34, 0x17, 0x16, 0x36, 0x36, 0x35, 0x35, 0x34, 0x26, 0x07,
  0x06, 0x23, 0x22, 0x26, 0x35, 0x35, 0x34, 0x36, 0x33, 0x32, 0x17, 0x16,
  0x36, 0x35, 0x35, 0x02, 0x36, 0x35, 0x35, 0x34, 0x26, 0x23, 0x22, 0x06,
  0x15, 0x15, 0x14, 0x16, 0x33, 0x01, 0x13, 0x07, 0x05, 0x5c, 0x05, 0x07,
  0x62, 0x7e, 0x16, 0x0b, 0x0c, 0x0d, 0x39, 0x3d, 0x16, 0x04, 0x02, 0x21,
  0x3d, 0x43, 0x46, 0x47, 0x42, 0x3d, 0x21, 0x02, 0x04, 0x21, 0x21, 0x21,
  0x1b, 0x1b, 0x22, 0x22, 0x1b, 0x01, 0xf8, 0x07, 0x07, 0x05, 0xfe, 0x20,
  0x6c, 0x75, 0x01, 0x01, 0x0c, 0x4d, 0x0d, 0x02, 0x01, 0x1e, 0x3a, 0x2f,
  0x0b, 0x03, 0x01, 0x03, 0x2b, 0x57, 0x4b, 0xc4, 0x4d, 0x55, 0x2b, 0x03,
  0x01, 0x03, 0x16, 0xfe, 0x70, 0x27, 0x1f, 0xb3, 0x20, 0x27, 0x28, 0x1f,
  0xb3, 0x1f, 0x27, 0x00, 0xff, 0xff, 0x00, 0x26, 0xff, 0x32, 0x01, 0x87,
  0x02, 0x9a, 0x00, 0x22, 0x00, 0xe6, 0x00, 0x00, 0x00, 0x02, 0x02, 0x9f,
  0x55, 0x00, 0x00, 0x00, 0xff, 0xff, 0x00, 0x26, 0xff, 0x32, 0x01, 0x87,
  0x02, 0xbb, 0x00, 0x22, 0x00, 0xe6, 0x00, 0x00, 0x01, 0x07, 0x02, 0x8d,
  0x01, 0x76, 0xff, 0xff, 0x00, 0x09, 0xb1, 0x02, 0x01, 0xb8, 0xff, 0xff,
  0xb0, 0x35, 0x2b, 0x00, 0xff, 0xff, 0x00, 0x26, 0xff, 0x32, 0x01, 0x87,
  0x02, 0xbc, 0x00, 0x22, 0x00, 0xe6, 0x00, 0x00, 0x00, 0x03, 0x02, 0x8c,
  0x01, 0x73, 0x00, 0x00, 0xff, 0xff, 0x00, 0x26, 0xff, 0x32, 0x01, 0x87,
  0x02, 0xd3, 0x00, 0x22, 0x00, 0xe6, 0x00, 0x00, 0x00, 0x03, 0x02, 0x88,
  0x01, 0x26, 0x00, 0x00, 0x00, 0x02, 0x00, 0x26, 0xff, 0x32, 0x01, 0xb4,
  0x02, 0x07, 0x00, 0x36, 0x00, 0x52, 0x00, 0xee, 0x4b, 0xb0, 0x1e, 0x50,
  0x58, 0x40, 0x19, 0x27, 0x01, 0x09, 0x04, 0x47, 0x33, 0x02, 0x06, 0x09,
  0x41, 0x03, 0x02, 0x00, 0x06, 0x3a, 0x09, 0x02, 0x0a, 0x00, 0x19, 0x01,
  0x03, 0x0a, 0x05, 0x4c, 0x1b, 0x40, 0x19, 0x27, 0x01, 0x09, 0x05, 0x47,
  0x33, 0x02, 0x06, 0x09, 0x41, 0x03, 0x02, 0x00, 0x06, 0x3a, 0x09, 0x02,
  0x0a, 0x00, 0x19, 0x01, 0x03, 0x0a, 0x05, 0x4c, 0x59, 0x4b, 0xb0, 0x1e,
  0x50, 0x58, 0x40, 0x2b, 0x08, 0x01, 0x06, 0x07, 0x01, 0x00, 0x0a, 0x06,
  0x00, 0x69, 0x00, 0x09, 0x09, 0x04, 0x61, 0x05, 0x01, 0x04, 0x04, 0x45,
  0x4d, 0x0b, 0x01, 0x0a, 0x0a, 0x03, 0x61, 0x00, 0x03, 0x03, 0x3d, 0x4d,
  0x00, 0x02, 0x02, 0x01, 0x62, 0x00, 0x01, 0x01, 0x47, 0x01, 0x4e, 0x1b,
  0x4b, 0xb0, 0x2e, 0x50, 0x58, 0x40, 0x2f, 0x08, 0x01, 0x06, 0x07, 0x01,
  0x00, 0x0a, 0x06, 0x00, 0x69, 0x00, 0x05, 0x05, 0x3f, 0x4d, 0x00, 0x09,
  0x09, 0x04, 0x61, 0x00, 0x04, 0x04, 0x45, 0x4d, 0x0b, 0x01, 0x0a, 0x0a,
  0x03, 0x61, 0x00, 0x03, 0x03, 0x3d, 0x4d, 0x00, 0x02, 0x02, 0x01, 0x62,
  0x00, 0x01, 0x01, 0x47, 0x01, 0x4e, 0x1b, 0x40, 0x2c, 0x08, 0x01, 0x06,
  0x07, 0x01, 0x00, 0x0a, 0x06, 0x00, 0x69, 0x00, 0x02, 0x00, 0x01, 0x02,
  0x01, 0x66, 0x00, 0x05, 0x05, 0x3f, 0x4d, 0x00, 0x09, 0x09, 0x04, 0x61,
  0x00, 0x04, 0x04, 0x45, 0x4d, 0x0b, 0x01, 0x0a, 0x0a, 0x03, 0x61, 0x00,
  0x03, 0x03, 0x3d, 0x03, 0x4e, 0x59, 0x59, 0x40, 0x14, 0x37, 0x37, 0x37,
  0x52, 0x37, 0x51, 0x4c, 0x4a, 0x26, 0x16, 0x16, 0x27, 0x25, 0x28, 0x16,
  0x25, 0x25, 0x0c, 0x0a, 0x1f, 0x2b, 0x00, 0x16, 0x15, 0x15, 0x14, 0x06,
  0x23, 0x23, 0x22, 0x15, 0x15, 0x14, 0x06, 0x23, 0x22, 0x27, 0x26, 0x35,
  0x35, 0x34, 0x17, 0x16, 0x36, 0x36, 0x35, 0x35, 0x34, 0x26, 0x07, 0x06,
  0x23, 0x22, 0x26, 0x35, 0x35, 0x34, 0x36, 0x33, 0x32, 0x17, 0x16, 0x36,
  0x35, 0x35, 0x34, 0x36, 0x33, 0x33, 0x32, 0x16, 0x15, 0x15, 0x14, 0x33,
  0x33, 0x06, 0x36, 0x35, 0x35, 0x34, 0x23, 0x23, 0x22, 0x26, 0x35, 0x35,
  0x34, 0x36, 0x33, 0x33, 0x32, 0x35, 0x35, 0x34, 0x26, 0x23, 0x22, 0x06,
  0x15, 0x15, 0x14, 0x16, 0x33, 0x01, 0xad, 0x07, 0x07, 0x05, 0x1c, 0x05,
  0x62, 0x7e, 0x16, 0x0b, 0x0c, 0x0d, 0x39, 0x3d, 0x16, 0x04, 0x02, 0x21,
  0x3d, 0x43, 0x46, 0x47, 0x42, 0x3d, 0x21, 0x02, 0x04, 0x07, 0x05, 0x5c,
  0x05, 0x07, 0x05, 0x1c, 0xb6, 0x21, 0x05, 0x33, 0x05, 0x07, 0x07, 0x05,
  0x33, 0x05, 0x21, 0x1b, 0x1b, 0x22, 0x22, 0x1b, 0x01, 0x23, 0x07, 0x05,
  0x2f, 0x05, 0x07, 0x05, 0xc4, 0x6c, 0x75, 0x01, 0x01, 0x0c, 0x4d, 0x0d,
  0x02, 0x01, 0x1e, 0x3a, 0x2f, 0x0b, 0x03, 0x01, 0x03, 0x2b, 0x57, 0x4b,
  0xc4, 0x4d, 0x55, 0x2b, 0x03, 0x01, 0x03, 0x16, 0x05, 0x07, 0x07, 0x05,
  0xcb, 0x05, 0xc0, 0x27, 0x1f, 0x2e, 0x05, 0x07, 0x05, 0x2f, 0x05, 0x07,
  0x05, 0x34, 0x20, 0x27, 0x28, 0x1f, 0xb3, 0x1f, 0x27, 0x00, 0x00, 0x00,
  0x00, 0x01, 0x00, 0x2e, 0x00, 0x00, 0x01, 0x8d, 0x02, 0xbc, 0x00, 0x27,
  0x00, 0x36, 0x40, 0x33, 0x1a, 0x01, 0x04, 0x03, 0x22, 0x01, 0x01, 0x04,
  0x12, 0x03, 0x02, 0x00, 0x01, 0x03, 0x4c, 0x00, 0x03, 0x03, 0x3c, 0x4d,
  0x00, 0x01, 0x01, 0x04, 0x61, 0x05, 0x01, 0x04, 0x04, 0x45, 0x4d, 0x02,
  0x01, 0x00, 0x00, 0x3d, 0x00, 0x4e, 0x00, 0x00, 0x00, 0x27, 0x00, 0x26,
  0x26, 0x25, 0x26, 0x25, 0x06, 0x0a, 0x1a, 0x2b, 0x00, 0x16, 0x15, 0x11,
  0x14, 0x06, 0x23, 0x23, 0x22, 0x26, 0x35, 0x11, 0x34, 0x26, 0x23, 0x22,
  0x06, 0x15, 0x11, 0x14, 0x06, 0x23, 0x23, 0x22, 0x26, 0x35, 0x11, 0x34,
  0x36, 0x33, 0x33, 0x32, 0x16, 0x15, 0x15, 0x14, 0x16, 0x37, 0x36, 0x33,
  0x01, 0x4a, 0x43, 0x07, 0x05, 0x5c, 0x05, 0x07, 0x1e, 0x1c, 0x1d, 0x20,
  0x07, 0x05, 0x5c, 0x05, 0x07, 0x07, 0x05, 0x5c, 0x05, 0x07, 0x05, 0x03,
  0x22, 0x3d, 0x02, 0x07, 0x57, 0x50, 0xfe, 0xac, 0x05, 0x07, 0x07, 0x05,
  0x01, 0x4b, 0x24, 0x28, 0x2a, 0x25, 0xfe, 0xb8, 0x05, 0x07, 0x07, 0x05,
  0x02, 0xa4, 0x05, 0x07, 0x07, 0x05, 0xd1, 0x03, 0x01, 0x04, 0x28, 0x00,
  0x00, 0x01, 0xff, 0xfc, 0x00, 0x00, 0x01, 0x8d, 0x02, 0xbc, 0x00, 0x43,
  0x00, 0x50, 0x40, 0x4d, 0x30, 0x28, 0x27, 0x03, 0x04, 0x05, 0x37, 0x21,
  0x02, 0x03, 0x04, 0x3d, 0x1a, 0x02, 0x08, 0x03, 0x3e, 0x01, 0x01, 0x08,
  0x12, 0x03, 0x02, 0x00, 0x01, 0x05, 0x4c, 0x06, 0x01, 0x04, 0x07, 0x01,
  0x03, 0x08, 0x04, 0x03, 0x67, 0x00, 0x05, 0x05, 0x3c, 0x4d, 0x00, 0x01,
  0x01, 0x08, 0x61, 0x09, 0x01, 0x08, 0x08, 0x45, 0x4d, 0x02, 0x01, 0x00,
  0x00, 0x3d, 0x00, 0x4e, 0x00, 0x00, 0x00, 0x43, 0x00, 0x42, 0x26, 0x16,
  0x25, 0x26, 0x16, 0x25, 0x26, 0x25, 0x0a, 0x0a, 0x1e, 0x2b, 0x00, 0x16,
  0x15, 0x11, 0x14, 0x06, 0x23, 0x23, 0x22, 0x26, 0x35, 0x11, 0x34, 0x26,
  0x23, 0x22, 0x06, 0x15, 0x11, 0x14, 0x06, 0x23, 0x23, 0x22, 0x26, 0x35,
  0x11, 0x34, 0x23, 0x23, 0x22, 0x26, 0x35, 0x35, 0x34, 0x36, 0x33, 0x33,
  0x32, 0x35, 0x35, 0x34, 0x36, 0x33, 0x33, 0x32, 0x16, 0x15, 0x15, 0x14,
  0x33, 0x33, 0x32, 0x16, 0x15, 0x15, 0x14, 0x06, 0x23, 0x23, 0x22, 0x15,
  0x15, 0x14, 0x16, 0x37, 0x36, 0x33, 0x01, 0x4a, 0x43, 0x07, 0x05, 0x5c,
  0x05, 0x07, 0x1e, 0x1c, 0x1d, 0x20, 0x07, 0x05, 0x5c, 0x05, 0x07, 0x05,
  0x21, 0x05, 0x07, 0x07, 0x05, 0x21, 0x05, 0x07, 0x05, 0x5c, 0x05, 0x07,
  0x05, 0x60, 0x05, 0x07, 0x07, 0x05, 0x60, 0x05, 0x05, 0x03, 0x22, 0x3d,
  0x02, 0x07, 0x57, 0x50, 0xfe, 0xac, 0x05, 0x07, 0x07, 0x05, 0x01, 0x4b,
  0x24, 0x28, 0x2a, 0x25, 0xfe, 0xb8, 0x05, 0x07, 0x07, 0x05, 0x02, 0x16,
  0x05, 0x07, 0x05, 0x2f, 0x05, 0x07, 0x05, 0x3d, 0x05, 0x07, 0x07, 0x05,
  0x3d, 0x05, 0x07, 0x05, 0x2f, 0x05, 0x07, 0x05, 0x43, 0x03, 0x01, 0x04,
  0x28, 0x00, 0x00, 0x00, 0xff, 0xff, 0x00, 0x2e, 0x00, 0x00, 0x01, 0x8d,
  0x03, 0x77, 0x00, 0x22, 0x00, 0xec, 0x00, 0x00, 0x01, 0x07, 0x02, 0x8d,
  0x01, 0x7e, 0x00, 0xbb, 0x00, 0x08, 0xb1, 0x01, 0x01, 0xb0, 0xbb, 0xb0,
  0x35, 0x2b, 0x00, 0x00, 0xff, 0xff, 0x00, 0x2e, 0x00, 0x00, 0x01, 0x8d,
  0x03, 0x6b, 0x00, 0x22, 0x00, 0xec, 0x00, 0x00, 0x01, 0x07, 0x02, 0x8c,
  0x01, 0x81, 0x00, 0xaf, 0x00, 0x08, 0xb1, 0x01, 0x01, 0xb0, 0xaf, 0xb0,
  0x35, 0x2b, 0x00, 0x00, 0x00, 0x02, 0x00, 0x24, 0x00, 0x00, 0x00, 0xb1,
  0x02, 0xd3, 0x00, 0x0b, 0x00, 0x1b, 0x00, 0x4e, 0xb6, 0x17, 0x0f, 0x02,
  0x03, 0x02, 0x01, 0x4c, 0x4b, 0xb0, 0x22, 0x50, 0x58, 0x40, 0x16, 0x04,
  0x01, 0x01, 0x01, 0x00, 0x61, 0x00, 0x00, 0x00, 0x44, 0x4d, 0x00, 0x02,
  0x02, 0x3f, 0x4d, 0x00, 0x03, 0x03, 0x3d, 0x03, 0x4e, 0x1b, 0x40, 0x14,
  0x00, 0x00, 0x04, 0x01, 0x01, 0x02, 0x00, 0x01, 0x69, 0x00, 0x02, 0x02,
  0x3f, 0x4d, 0x00, 0x03, 0x03, 0x3d, 0x03, 0x4e, 0x59, 0x40, 0x0e, 0x00,
  0x00, 0x1b, 0x19, 0x13, 0x11, 0x00, 0x0b, 0x00, 0x0a, 0x24, 0x05, 0x0a,
  0x17, 0x2b, 0x12, 0x26, 0x35, 0x34, 0x36, 0x33, 0x32, 0x16, 0x15, 0x14,
  0x06, 0x23, 0x02, 0x26, 0x35, 0x11, 0x34, 0x36, 0x33, 0x33, 0x32, 0x16,
  0x15, 0x11, 0x14, 0x06, 0x23, 0x23, 0x4c, 0x28, 0x28, 0x1f, 0x1f, 0x27,
  0x28, 0x1e, 0x32, 0x07, 0x07, 0x05, 0x5c, 0x05, 0x07, 0x07, 0x05, 0x5c,
  0x02, 0x45, 0x28, 0x1f, 0x1f, 0x28, 0x28, 0x1f, 0x1f, 0x28, 0xfd, 0xbb,
  0x07, 0x05, 0x01, 0xe7, 0x05, 0x07, 0x07, 0x05, 0xfe, 0x19, 0x05, 0x07,
  0x00, 0x01, 0x00, 0x21, 0x00, 0x00, 0x00, 0x95, 0x01, 0xff, 0x00, 0x0f,
  0x00, 0x1a, 0x40, 0x17, 0x0b, 0x03, 0x02, 0x01, 0x00, 0x01, 0x4c, 0x00,
  0x00, 0x00, 0x3f, 0x4d, 0x00, 0x01, 0x01, 0x3d, 0x01, 0x4e, 0x26, 0x25,
  0x02, 0x0a, 0x18, 0x2b, 0x32, 0x26, 0x35, 0x11, 0x34, 0x36, 0x33, 0x33,
  0x32, 0x16, 0x15, 0x11, 0x14, 0x06, 0x23, 0x23, 0x28, 0x07, 0x07, 0x05,
  0x5c, 0x05, 0x07, 0x07, 0x05, 0x5c, 0x07, 0x05, 0x01, 0xe7, 0x05, 0x07,
  0x07, 0x05, 0xfe, 0x19, 0x05, 0x07, 0x00, 0x00, 0xff, 0xff, 0x00, 0x20,
  0x00, 0x00, 0x00, 0xc2, 0x02, 0xbc, 0x00, 0x22, 0x00, 0xf1, 0x00, 0x00,
  0x00, 0x03, 0x02, 0x8a, 0x00, 0xce, 0x00, 0x00, 0xff, 0xff, 0xff, 0xea,
  0x00, 0x00, 0x00, 0xcf, 0x02, 0xac, 0x00, 0x22, 0x00, 0xf1, 0x00, 0x00,
  0x00, 0x03, 0x02, 0x8e, 0x00, 0xdf, 0x00, 0x00, 0xff, 0xff, 0xff, 0xd4,
  0x00, 0x00, 0x00, 0xde, 0x02, 0xbc, 0x00, 0x22, 0x00, 0xf1, 0x00, 0x00,
  0x00, 0x03, 0x02, 0x8c, 0x00, 0xf6, 0x00, 0x00, 0xff, 0xff, 0xff, 0xbe,
  0x00, 0x00, 0x00, 0xf7, 0x02, 0xd3, 0x00, 0x22, 0x00, 0xf1, 0x00, 0x00,
  0x00, 0x03, 0x02, 0x87, 0x00, 0xf7, 0x00, 0x00, 0xff, 0xff, 0x00, 0x15,
  0x00, 0x00, 0x00, 0xa2, 0x02, 0xd3, 0x00, 0x22, 0x00, 0xf1, 0x00, 0x00,
  0x00, 0x03, 0x02, 0x88, 0x00, 0xa9, 0x00, 0x00, 0xff, 0xff, 0x00, 0x24,
  0xff, 0x21, 0x00, 0xb1, 0x02, 0xd3, 0x00, 0x22, 0x00, 0xf0, 0x00, 0x00,
  0x00, 0x03, 0x02, 0x96, 0x00, 0xb9, 0x00, 0x00, 0xff, 0xff, 0xff, 0xe1,
  0x00, 0x00, 0x00, 0x95, 0x02, 0xbc, 0x00, 0x22, 0x00, 0xf1, 0x00, 0x00,
  0x00, 0x03, 0x02, 0x89, 0x00, 0x8c, 0x00, 0x00, 0xff, 0xff, 0xff, 0xf9,
  0x00, 0x00, 0x00, 0xbe, 0x02, 0xea, 0x00, 0x22, 0x00, 0xf1, 0x00, 0x00,
  0x00, 0x03, 0x02, 0x92, 0x01, 0x94, 0x00, 0x00, 0xff, 0xff, 0x00, 0x24,
  0xff, 0x32, 0x01, 0x82, 0x02, 0xd3, 0x00, 0x22, 0x00, 0xf0, 0x00, 0x00,
  0x00, 0x03, 0x00, 0xfe, 0x00, 0xd4, 0x00, 0x00, 0xff, 0xff, 0xff, 0xed,
  0x00, 0x00, 0x00, 0xc3, 0x02, 0x9a, 0x00, 0x22, 0x00, 0xf1, 0x00, 0x00,
  0x00, 0x02, 0x02, 0xa7, 0x95, 0x00, 0x00, 0x00, 0xff, 0xff, 0x00, 0x2e,
  0xff, 0x43, 0x00, 0xbc, 0x02, 0xd3, 0x00, 0x22, 0x00, 0xf1, 0x1a, 0x00,
  0x00, 0x23, 0x02, 0x88, 0x00, 0xc3, 0x00, 0x00, 0x00, 0x03, 0x02, 0x99,
  0x00, 0xbb, 0x00, 0x00, 0xff, 0xff, 0xff, 0xdb, 0x00, 0x00, 0x00, 0xf6,
  0x02, 0xc3, 0x00, 0x22, 0x00, 0xf1, 0x00, 0x00, 0x00, 0x03, 0x02, 0x90,
  0x00, 0xfa, 0x00, 0x00, 0x00, 0x02, 0xff, 0xd1, 0xff, 0x32, 0x00, 0xae,
  0x02, 0xd3, 0x00, 0x0b, 0x00, 0x20, 0x00, 0x7f, 0xb5, 0x14, 0x01, 0x02,
  0x03, 0x01, 0x4c, 0x4b, 0xb0, 0x22, 0x50, 0x58, 0x40, 0x1c, 0x05, 0x01,
  0x01, 0x01, 0x00, 0x61, 0x00, 0x00, 0x00, 0x44, 0x4d, 0x00, 0x03, 0x03,
  0x3f, 0x4d, 0x00, 0x02, 0x02, 0x04, 0x61, 0x06, 0x01, 0x04, 0x04, 0x47,
  0x04, 0x4e, 0x1b, 0x4b, 0xb0, 0x2e, 0x50, 0x58, 0x40, 0x1a, 0x00, 0x00,
  0x05, 0x01, 0x01, 0x03, 0x00, 0x01, 0x69, 0x00, 0x03, 0x03, 0x3f, 0x4d,
  0x00, 0x02, 0x02, 0x04, 0x61, 0x06, 0x01, 0x04, 0x04, 0x47, 0x04, 0x4e,
  0x1b, 0x40, 0x17, 0x00, 0x00, 0x05, 0x01, 0x01, 0x03, 0x00, 0x01, 0x69,
  0x00, 0x02, 0x06, 0x01, 0x04, 0x02, 0x04, 0x65, 0x00, 0x03, 0x03, 0x3f,
  0x03, 0x4e, 0x59, 0x59, 0x40, 0x14, 0x0c, 0x0c, 0x00, 0x00, 0x0c, 0x20,
  0x0c, 0x1f, 0x18, 0x16, 0x11, 0x0f, 0x00, 0x0b, 0x00, 0x0a, 0x24, 0x07,
  0x0a, 0x17, 0x2b, 0x12, 0x26, 0x35, 0x34, 0x36, 0x33, 0x32, 0x16, 0x15,
  0x14, 0x06, 0x23, 0x02, 0x35, 0x35, 0x34, 0x33, 0x36, 0x36, 0x35, 0x11,
  0x34, 0x36, 0x33, 0x33, 0x32, 0x16, 0x15, 0x11, 0x14, 0x06, 0x06, 0x27,
  0x49, 0x28, 0x28, 0x1f, 0x1f, 0x27, 0x28, 0x1e, 0x97, 0x0c, 0x2c, 0x25,
  0x07, 0x05, 0x5c, 0x05, 0x07, 0x1a, 0x56, 0x55, 0x02, 0x45, 0x28, 0x1f,
  0x1f, 0x28, 0x28, 0x1f, 0x1f, 0x28, 0xfc, 0xee, 0x0c, 0x4b, 0x0c, 0x01,
  0x2e, 0x2b, 0x02, 0x03, 0x05, 0x07, 0x07, 0x05, 0xfd, 0xfd, 0x43, 0x4f,
  0x2c, 0x01, 0x00, 0x00, 0x00, 0x01, 0xff, 0xd1, 0xff, 0x32, 0x00, 0xa2,
  0x01, 0xff, 0x00, 0x14, 0x00, 0x3f, 0xb5, 0x08, 0x01, 0x00, 0x01, 0x01,
  0x4c, 0x4b, 0xb0, 0x2e, 0x50, 0x58, 0x40, 0x11, 0x00, 0x01, 0x01, 0x3f,
  0x4d, 0x00, 0x00, 0x00, 0x02, 0x61, 0x03, 0x01, 0x02, 0x02, 0x47, 0x02,
  0x4e, 0x1b, 0x40, 0x0e, 0x00, 0x00, 0x03, 0x01, 0x02, 0x00, 0x02, 0x65,
  0x00, 0x01, 0x01, 0x3f, 0x01, 0x4e, 0x59, 0x40, 0x0b, 0x00, 0x00, 0x00,
  0x14, 0x00, 0x13, 0x25, 0x23, 0x04, 0x0a, 0x18, 0x2b, 0x06, 0x35, 0x35,
  0x34, 0x33, 0x36, 0x36, 0x35, 0x11, 0x34, 0x36, 0x33, 0x33, 0x32, 0x16,
  0x15, 0x11, 0x14, 0x06, 0x06, 0x27, 0x2f, 0x0c, 0x2c, 0x25, 0x07, 0x05,
  0x5c, 0x05, 0x07, 0x1a, 0x56, 0x55, 0xcd, 0x0c, 0x4b, 0x0c, 0x01, 0x2e,
  0x2b, 0x02, 0x03, 0x05, 0x07, 0x07, 0x05, 0xfd, 0xfd, 0x43, 0x4f, 0x2c,
  0x01, 0x00, 0x00, 0x00, 0xff, 0xff, 0xff, 0xd1, 0xff, 0x32, 0x00, 0xeb,
  0x02, 0xbc, 0x00, 0x22, 0x00, 0xff, 0x00, 0x00, 0x00, 0x03, 0x02, 0x8c,
  0x01, 0x03, 0x00, 0x00, 0x00, 0x01, 0x00, 0x2e, 0x00, 0x00, 0x01, 0x9a,
  0x02, 0xbc, 0x00, 0x2c, 0x00, 0x28, 0x40, 0x25, 0x03, 0x01, 0x01, 0x00,
  0x28, 0x25, 0x16, 0x0b, 0x04, 0x02, 0x01, 0x02, 0x4c, 0x00, 0x00, 0x00,
  0x3c, 0x4d, 0x00, 0x01, 0x01, 0x3f, 0x4d, 0x03, 0x01, 0x02, 0x02, 0x3d,
  0x02, 0x4e, 0x2b, 0x3a, 0x29, 0x25, 0x04, 0x0a, 0x1a, 0x2b, 0x32, 0x26,
  0x35, 0x11, 0x34, 0x36, 0x33, 0x33, 0x32, 0x16, 0x15, 0x11, 0x14, 0x32,
  0x37, 0x37, 0x36, 0x33, 0x33, 0x32, 0x16, 0x07, 0x07, 0x06, 0x17, 0x13,
  0x16, 0x15, 0x14, 0x23, 0x23, 0x22, 0x27, 0x27, 0x26, 0x26, 0x07, 0x07,
  0x06, 0x15, 0x15, 0x14, 0x06, 0x23, 0x23, 0x35, 0x07, 0x07, 0x05, 0x5c,
  0x05, 0x07, 0x04, 0x02, 0x6d, 0x04, 0x0a, 0x60, 0x07, 0x04, 0x04, 0x68,
  0x02, 0x01, 0x78, 0x01, 0x0b, 0x5f, 0x0a, 0x03, 0x4a, 0x01, 0x04, 0x01,
  0x2f, 0x02, 0x07, 0x05, 0x5c, 0x07, 0x05, 0x02, 0xa4, 0x05, 0x07, 0x07,
  0x05, 0xfe, 0x9c, 0x04, 0x03, 0xac, 0x08, 0x09, 0x06, 0x9d, 0x04, 0x03,
  0xfe, 0xc2, 0x02, 0x03, 0x09, 0x0a, 0xe2, 0x03, 0x01, 0x03, 0x46, 0x04,
  0x02, 0x95, 0x05, 0x07, 0xff, 0xff, 0x00, 0x2e, 0x00, 0x00, 0x01, 0x9a,
  0x03, 0x77, 0x00, 0x22, 0x01, 0x01, 0x00, 0x00, 0x01, 0x07, 0x02, 0x8d,
  0x01, 0x78, 0x00, 0xbb, 0x00, 0x08, 0xb1, 0x01, 0x01, 0xb0, 0xbb, 0xb0,
  0x35, 0x2b, 0x00, 0x00, 0x00, 0x01, 0x00, 0x2a, 0x00, 0x00, 0x00, 0x9e,
  0x02, 0xbc, 0x00, 0x0f, 0x00, 0x1a, 0x40, 0x17, 0x0b, 0x03, 0x02, 0x01,
  0x00, 0x01, 0x4c, 0x00, 0x00, 0x00, 0x3c, 0x4d, 0x00, 0x01, 0x01, 0x3d,
  0x01, 0x4e, 0x26, 0x25, 0x02, 0x0a, 0x18, 0x2b, 0x32, 0x26, 0x35, 0x11,
  0x34, 0x36, 0x33, 0x33, 0x32, 0x16, 0x15, 0x11, 0x14, 0x06, 0x23, 0x23,
  0x31, 0x07, 0x07, 0x05, 0x5c, 0x05, 0x07, 0x07, 0x05, 0x5c, 0x07, 0x05,
  0x02, 0xa4, 0x05, 0x07, 0x07, 0x05, 0xfd, 0x5c, 0x05, 0x07, 0x00, 0x00,
  0xff, 0xff, 0x00, 0x2a, 0x00, 0x00, 0x00, 0xcc, 0x03, 0x79, 0x00, 0x22,
  0x01, 0x03, 0x00, 0x00, 0x01, 0x07, 0x02, 0x8a, 0x00, 0xd8, 0x00, 0xbd,
  0x00, 0x08, 0xb1, 0x01, 0x01, 0xb0, 0xbd, 0xb0, 0x35, 0x2b, 0x00, 0x00,
  0xff, 0xff, 0x00, 0x2a, 0x00, 0x00, 0x01, 0x5b, 0x02, 0xbd, 0x00, 0x22,
  0x01, 0x03, 0x00, 0x00, 0x01, 0x07, 0x02, 0x94, 0x01, 0x67, 0x00, 0x01,
  0x00, 0x08, 0xb1, 0x01, 0x01, 0xb0, 0x01, 0xb0, 0x35, 0x2b, 0x00, 0x00,
  0xff, 0xff, 0xff, 0xe5, 0xff, 0x4d, 0x00, 0x9e, 0x02, 0xbc, 0x00, 0x22,
  0x01, 0x03, 0x00, 0x00, 0x00, 0x03, 0x02, 0x97, 0x00, 0xa9, 0x00, 0x00,
  0xff, 0xff, 0x00, 0x2b, 0x00, 0x00, 0x00, 0xb8, 0x03, 0x90, 0x00, 0x22,
  0x01, 0x03, 0x0d, 0x00, 0x01, 0x07, 0x02, 0x2b, 0x00, 0x06, 0x02, 0x2b,
  0x00, 0x09, 0xb1, 0x01, 0x01, 0xb8, 0x02, 0x2b, 0xb0, 0x35, 0x2b, 0x00,
  0x00, 0x01, 0x00, 0x11, 0x00, 0x00, 0x01, 0x50, 0x02, 0xbc, 0x00, 0x31,
  0x00, 0x20, 0x40, 0x1d, 0x28, 0x20, 0x1f, 0x15, 0x0f, 0x07, 0x06, 0x07,
  0x00, 0x01, 0x01, 0x4c, 0x00, 0x01, 0x01, 0x3c, 0x4d, 0x00, 0x00, 0x00,
  0x3d, 0x00, 0x4e, 0x24, 0x22, 0x29, 0x02, 0x0a, 0x17, 0x2b, 0x00, 0x15,
  0x14, 0x07, 0x07, 0x06, 0x15, 0x11, 0x14, 0x06, 0x23, 0x23, 0x22, 0x26,
  0x35, 0x35, 0x34, 0x26, 0x07, 0x07, 0x06, 0x23, 0x22, 0x27, 0x27, 0x26,
  0x35, 0x34, 0x37, 0x37, 0x36, 0x35, 0x11, 0x34, 0x36, 0x33, 0x33, 0x32,
  0x16, 0x15, 0x11, 0x14, 0x16, 0x37, 0x37, 0x36, 0x33, 0x32, 0x17, 0x17,
  0x01, 0x50, 0x06, 0x63, 0x03, 0x07, 0x05, 0x5c, 0x05, 0x07, 0x04, 0x02,
  0x2a, 0x04, 0x03, 0x07, 0x03, 0x1d, 0x01, 0x06, 0x56, 0x03, 0x07, 0x05,
  0x5c, 0x05, 0x07, 0x04, 0x02, 0x35, 0x04, 0x02, 0x07, 0x04, 0x1e, 0x01,
  0x88, 0x02, 0x05, 0x05, 0x37, 0x02, 0x04, 0xfe, 0xcd, 0x05, 0x07, 0x07,
  0x05, 0xef, 0x03, 0x03, 0x02, 0x18, 0x02, 0x07, 0x37, 0x02, 0x04, 0x06,
  0x04, 0x30, 0x02, 0x04, 0x01, 0x47, 0x05, 0x07, 0x07, 0x05, 0xfe, 0xfd,
  0x03, 0x02, 0x01, 0x1f, 0x02, 0x07, 0x37, 0x00, 0x00, 0x01, 0x00, 0x2e,
  0x00, 0x00, 0x02, 0x6f, 0x02, 0x07, 0x00, 0x3e, 0x00, 0x5e, 0x40, 0x0e,
  0x39, 0x31, 0x29, 0x03, 0x01, 0x05, 0x21, 0x12, 0x03, 0x03, 0x00, 0x01,
  0x02, 0x4c, 0x4b, 0xb0, 0x1e, 0x50, 0x58, 0x40, 0x16, 0x03, 0x01, 0x01,
  0x01, 0x05, 0x61, 0x08, 0x07, 0x06, 0x03, 0x05, 0x05, 0x3f, 0x4d, 0x04,
  0x02, 0x02, 0x00, 0x00, 0x3d, 0x00, 0x4e, 0x1b, 0x40, 0x1a, 0x00, 0x05,
  0x05, 0x3f, 0x4d, 0x03, 0x01, 0x01, 0x01, 0x06, 0x61, 0x08, 0x07, 0x02,
  0x06, 0x06, 0x45, 0x4d, 0x04, 0x02, 0x02, 0x00, 0x00, 0x3d, 0x00, 0x4e,
  0x59, 0x40, 0x10, 0x00, 0x00, 0x00, 0x3e, 0x00, 0x3d, 0x29, 0x26, 0x25,
  0x26, 0x25, 0x26, 0x25, 0x09, 0x0a, 0x1d, 0x2b, 0x00, 0x16, 0x15, 0x11,
  0x14, 0x06, 0x23, 0x23, 0x22, 0x26, 0x35, 0x11, 0x34, 0x26, 0x23, 0x22,
  0x06, 0x15, 0x11, 0x14, 0x06, 0x23, 0x23, 0x22, 0x26, 0x35, 0x11, 0x34,
  0x26, 0x23, 0x22, 0x06, 0x15, 0x11, 0x14, 0x06, 0x23, 0x23, 0x22, 0x26,
  0x35, 0x11, 0x34, 0x36, 0x33, 0x33, 0x32, 0x16, 0x15, 0x15, 0x14, 0x16,
  0x37, 0x36, 0x36, 0x33, 0x32, 0x17, 0x16, 0x37, 0x36, 0x36, 0x33, 0x02,
  0x2c, 0x43, 0x07, 0x05, 0x5b, 0x05, 0x07, 0x1e, 0x1a, 0x1c, 0x20, 0x07,
  0x05, 0x5b, 0x05, 0x07, 0x1f, 0x19, 0x1c, 0x20, 0x07, 0x05, 0x5b, 0x05,
  0x07, 0x07, 0x05, 0x5b, 0x05, 0x07, 0x04, 0x02, 0x14, 0x32, 0x18, 0x4a,
  0x23, 0x03, 0x06, 0x14, 0x3d, 0x1f, 0x02, 0x07, 0x5b, 0x51, 0xfe, 0xb1,
  0x05, 0x07, 0x07, 0x05, 0x01, 0x47, 0x26, 0x2a, 0x2a, 0x25, 0xfe, 0xb8,
  0x05, 0x07, 0x07, 0x05, 0x01, 0x47, 0x26, 0x2a, 0x2a, 0x25, 0xfe, 0xb8,
  0x05, 0x07, 0x07, 0x05, 0x01, 0xe7, 0x05, 0x07, 0x07, 0x05, 0x10, 0x03,
  0x02, 0x03, 0x14, 0x12, 0x3f, 0x04, 0x07, 0x20, 0x1c, 0x00, 0x00, 0x00,
  0x00, 0x01, 0x00, 0x2e, 0x00, 0x00, 0x01, 0x8d, 0x02, 0x07, 0x00, 0x27,
  0x00, 0x53, 0x40, 0x0c, 0x22, 0x1a, 0x02, 0x01, 0x03, 0x12, 0x03, 0x02,
  0x00, 0x01, 0x02, 0x4c, 0x4b, 0xb0, 0x1e, 0x50, 0x58, 0x40, 0x13, 0x00,
  0x01, 0x01, 0x03, 0x61, 0x05, 0x04, 0x02, 0x03, 0x03, 0x3f, 0x4d, 0x02,
  0x01, 0x00, 0x00, 0x3d, 0x00, 0x4e, 0x1b, 0x40, 0x17, 0x00, 0x03, 0x03,
  0x3f, 0x4d, 0x00, 0x01, 0x01, 0x04, 0x61, 0x05, 0x01, 0x04, 0x04, 0x45,
  0x4d, 0x02, 0x01, 0x00, 0x00, 0x3d, 0x00, 0x4e, 0x59, 0x40, 0x0d, 0x00,
  0x00, 0x00, 0x27, 0x00, 0x26, 0x26, 0x25, 0x26, 0x25, 0x06, 0x0a, 0x1a,
  0x2b, 0x00, 0x16, 0x15, 0x11, 0x14, 0x06, 0x23, 0x23, 0x22, 0x26, 0x35,
  0x11, 0x34, 0x26, 0x23, 0x22, 0x06, 0x15, 0x11, 0x14, 0x06, 0x23, 0x23,
  0x22, 0x26, 0x35, 0x11, 0x34, 0x36, 0x33, 0x33, 0x32, 0x16, 0x15, 0x15,
  0x14, 0x16, 0x37, 0x36, 0x33, 0x01, 0x4a, 0x43, 0x07, 0x05, 0x5c, 0x05,
  0x07, 0x1e, 0x1c, 0x1d, 0x20, 0x07, 0x05, 0x5c, 0x05, 0x07, 0x07, 0x05,
  0x5c, 0x05, 0x07, 0x05, 0x03, 0x22, 0x3d, 0x02, 0x07, 0x57, 0x50, 0xfe,
  0xac, 0x05, 0x07, 0x07, 0x05, 0x01, 0x4b, 0x24, 0x28, 0x2a, 0x25, 0xfe,
  0xb8, 0x05, 0x07, 0x07, 0x05, 0x01, 0xe7, 0x05, 0x07, 0x07, 0x05, 0x14,
  0x03, 0x01, 0x04, 0x28, 0xff, 0xff, 0x00, 0x2e, 0x00, 0x00, 0x01, 0x8d,
  0x02, 0xbc, 0x00, 0x22, 0x01, 0x0a, 0x00, 0x00, 0x00, 0x03, 0x02, 0x8a,
  0x01, 0x52, 0x00, 0x00, 0xff, 0xff, 0x00, 0x2e, 0x00, 0x00, 0x01, 0x8d,
  0x02, 0xbc, 0x00, 0x22, 0x01, 0x0a, 0x00, 0x00, 0x00, 0x02, 0x02, 0xa0,
  0x46, 0x00, 0x00, 0x00, 0x00, 0x01, 0x00, 0x2e, 0xff, 0x4d, 0x01, 0x8d,
  0x02, 0x07, 0x00, 0x2c, 0x00, 0x8b, 0x40, 0x0b, 0x27, 0x1f, 0x02, 0x02,
  0x04, 0x17, 0x01, 0x03, 0x02, 0x02, 0x4c, 0x4b, 0xb0, 0x1e, 0x50, 0x58,
  0x40, 0x1c, 0x00, 0x02, 0x02, 0x04, 0x61, 0x06, 0x05, 0x02, 0x04, 0x04,
  0x3f, 0x4d, 0x00, 0x03, 0x03, 0x3d, 0x4d, 0x00, 0x01, 0x01, 0x00, 0x61,
  0x00, 0x00, 0x00, 0x41, 0x00, 0x4e, 0x1b, 0x4b, 0xb0, 0x2e, 0x50, 0x58,
  0x40, 0x20, 0x00, 0x04, 0x04, 0x3f, 0x4d, 0x00, 0x02, 0x02, 0x05, 0x61,
  0x06, 0x01, 0x05, 0x05, 0x45, 0x4d, 0x00, 0x03, 0x03, 0x3d, 0x4d, 0x00,
  0x01, 0x01, 0x00, 0x61, 0x00, 0x00, 0x00, 0x41, 0x00, 0x4e, 0x1b, 0x40,
  0x1d, 0x00, 0x01, 0x00, 0x00, 0x01, 0x00, 0x65, 0x00, 0x04, 0x04, 0x3f,
  0x4d, 0x00, 0x02, 0x02, 0x05, 0x61, 0x06, 0x01, 0x05, 0x05, 0x45, 0x4d,
  0x00, 0x03, 0x03, 0x3d, 0x03, 0x4e, 0x59, 0x59, 0x40, 0x0e, 0x00, 0x00,
  0x00, 0x2c, 0x00, 0x2b, 0x26, 0x25, 0x25, 0x23, 0x26, 0x07, 0x0a, 0x1b,
  0x2b, 0x00, 0x16, 0x15, 0x11, 0x14, 0x06, 0x06, 0x23, 0x22, 0x35, 0x35,
  0x34, 0x33, 0x36, 0x36, 0x35, 0x11, 0x34, 0x26, 0x23, 0x22, 0x06, 0x15,
  0x11, 0x14, 0x06, 0x23, 0x23, 0x22, 0x26, 0x35, 0x11, 0x34, 0x36, 0x33,
  0x33, 0x32, 0x16, 0x15, 0x15, 0x14, 0x16, 0x37, 0x36, 0x33, 0x01, 0x4a,
  0x43, 0x15, 0x4d, 0x50, 0x0f, 0x0c, 0x29, 0x18, 0x1e, 0x1c, 0x1d, 0x20,
  0x07, 0x05, 0x5c, 0x05, 0x07, 0x07, 0x05, 0x5c, 0x05, 0x07, 0x05, 0x03,
  0x22, 0x3d, 0x02, 0x07, 0x57, 0x50, 0xfe, 0xa0, 0x3d, 0x49, 0x2d, 0x0c,
  0x4a, 0x0c, 0x01, 0x2a, 0x2c, 0x01, 0x51, 0x24, 0x28, 0x2a, 0x25, 0xfe,
  0xb8, 0x05, 0x07, 0x07, 0x05, 0x01, 0xe7, 0x05, 0x07, 0x07, 0x05, 0x14,
  0x03, 0x01, 0x04, 0x28, 0x00, 0x02, 0x00, 0x2e, 0x00, 0x00, 0x01, 0x8d,
  0x02, 0xc3, 0x00, 0x21, 0x00, 0x49, 0x00, 0x86, 0x40, 0x0c, 0x44, 0x3c,
  0x02, 0x05, 0x07, 0x34, 0x25, 0x02, 0x04, 0x05, 0x02, 0x4c, 0x4b, 0xb0,
  0x1e, 0x50, 0x58, 0x40, 0x26, 0x00, 0x01, 0x00, 0x02, 0x07, 0x01, 0x02,
  0x69, 0x09, 0x01, 0x03, 0x03, 0x00, 0x61, 0x00, 0x00, 0x00, 0x42, 0x4d,
  0x00, 0x05, 0x05, 0x07, 0x61, 0x0a, 0x08, 0x02, 0x07, 0x07, 0x3f, 0x4d,
  0x06, 0x01, 0x04, 0x04, 0x3d, 0x04, 0x4e, 0x1b, 0x40, 0x2a, 0x00, 0x01,
  0x00, 0x02, 0x08, 0x01, 0x02, 0x69, 0x09, 0x01, 0x03, 0x03, 0x00, 0x61,
  0x00, 0x00, 0x00, 0x42, 0x4d, 0x00, 0x07, 0x07, 0x3f, 0x4d, 0x00, 0x05,
  0x05, 0x08, 0x61, 0x0a, 0x01, 0x08, 0x08, 0x45, 0x4d, 0x06, 0x01, 0x04,
  0x04, 0x3d, 0x04, 0x4e, 0x59, 0x40, 0x1a, 0x22, 0x22, 0x00, 0x00, 0x22,
  0x49, 0x22, 0x48, 0x40, 0x3e, 0x38, 0x36, 0x31, 0x2f, 0x29, 0x27, 0x00,
  0x21, 0x00, 0x20, 0x29, 0x24, 0x28, 0x0b, 0x0a, 0x19, 0x2b, 0x12, 0x07,
  0x06, 0x27, 0x27, 0x26, 0x37, 0x36, 0x36, 0x33, 0x32, 0x17, 0x1e, 0x02,
  0x33, 0x32, 0x37, 0x36, 0x36, 0x17, 0x17, 0x16, 0x07, 0x06, 0x06, 0x23,
  0x22, 0x26, 0x27, 0x2e, 0x02, 0x23, 0x16, 0x16, 0x15, 0x11, 0x14, 0x06,
  0x23, 0x23, 0x22, 0x26, 0x35, 0x11, 0x34, 0x26, 0x23, 0x22, 0x06, 0x15,
  0x11, 0x14, 0x06, 0x23, 0x23, 0x22, 0x26, 0x35, 0x11, 0x34, 0x36, 0x33,
  0x33, 0x32, 0x16, 0x15, 0x15, 0x14, 0x16, 0x37, 0x36, 0x33, 0xab, 0x0e,
  0x07, 0x0a, 0x1d, 0x08, 0x03, 0x0c, 0x29, 0x19, 0x19, 0x1f, 0x05, 0x0f,
  0x0d, 0x07, 0x16, 0x0d, 0x03, 0x0a, 0x04, 0x1c, 0x08, 0x04, 0x0e, 0x2e,
  0x17, 0x0c, 0x16, 0x10, 0x06, 0x0f, 0x0b, 0x07, 0x8a, 0x43, 0x07, 0x05,
  0x5c, 0x05, 0x07, 0x1e, 0x1c, 0x1d, 0x20, 0x07, 0x05, 0x5c, 0x05, 0x07,
  0x07, 0x05, 0x5c, 0x05, 0x07, 0x05, 0x03, 0x22, 0x3d, 0x02, 0x78, 0x16,
  0x0c, 0x08, 0x16, 0x06, 0x0a, 0x20, 0x1f, 0x17, 0x03, 0x0a, 0x06, 0x16,
  0x05, 0x03, 0x04, 0x15, 0x07, 0x09, 0x20, 0x1c, 0x09, 0x0a, 0x04, 0x0a,
  0x05, 0x71, 0x57, 0x50, 0xfe, 0xac, 0x05, 0x07, 0x07, 0x05, 0x01, 0x4b,
  0x24, 0x28, 0x2a, 0x25, 0xfe, 0xb8, 0x05, 0x07, 0x07, 0x05, 0x01, 0xe7,
  0x05, 0x07, 0x07, 0x05, 0x14, 0x03, 0x01, 0x04, 0x28, 0x00, 0x00, 0x00,
  0x00, 0x02, 0x00, 0x26, 0xff, 0xf8, 0x01, 0x8b, 0x02, 0x07, 0x00, 0x0d,
  0x00, 0x1b, 0x00, 0x2c, 0x40, 0x29, 0x00, 0x02, 0x02, 0x00, 0x61, 0x00,
  0x00, 0x00, 0x45, 0x4d, 0x05, 0x01, 0x03, 0x03, 0x01, 0x61, 0x04, 0x01,
  0x01, 0x01, 0x43, 0x01, 0x4e, 0x0e, 0x0e, 0x00, 0x00, 0x0e, 0x1b, 0x0e,
  0x1a, 0x15, 0x13, 0x00, 0x0d, 0x00, 0x0c, 0x25, 0x06, 0x0a, 0x17, 0x2b,
  0x16, 0x26, 0x35, 0x35, 0x34, 0x36, 0x33, 0x32, 0x16, 0x15, 0x15, 0x14,
  0x06, 0x23, 0x36, 0x36, 0x35, 0x35, 0x34, 0x26, 0x23, 0x22, 0x06, 0x15,
  0x15, 0x14, 0x16, 0x33, 0x85, 0x5f, 0x60, 0x52, 0x53, 0x60, 0x5f, 0x54,
  0x1c, 0x23, 0x23, 0x1c, 0x1c, 0x22, 0x22, 0x1c, 0x08, 0x58, 0x4b, 0xc9,
  0x4a, 0x59, 0x59, 0x4a, 0xc9, 0x4b, 0x58, 0x65, 0x27, 0x20, 0xb8, 0x1f,
  0x28, 0x27, 0x20, 0xb8, 0x20, 0x27, 0x00, 0x00, 0xff, 0xff, 0x00, 0x26,
  0xff, 0xf8, 0x01, 0x8b, 0x02, 0xbc, 0x00, 0x22, 0x01, 0x0f, 0x00, 0x00,
  0x00, 0x03, 0x02, 0x8a, 0x01, 0x4b, 0x00, 0x00, 0xff, 0xff, 0x00, 0x26,
  0xff, 0xf8, 0x01, 0x8b, 0x02, 0xac, 0x00, 0x22, 0x01, 0x0f, 0x00, 0x00,
  0x00, 0x03, 0x02, 0x8e, 0x01, 0x5c, 0x00, 0x00, 0xff, 0xff, 0x00, 0x26,
  0xff, 0xf8, 0x01, 0x8b, 0x02, 0xbc, 0x00, 0x22, 0x01, 0x0f, 0x00, 0x00,
  0x00, 0x03, 0x02, 0x8c, 0x01, 0x73, 0x00, 0x00, 0xff, 0xff, 0x00, 0x26,
  0xff, 0xf8, 0x01, 0xf6, 0x03, 0x0c, 0x00, 0x22, 0x01, 0x0f, 0x00, 0x00,
  0x00, 0x03, 0x02, 0xb1, 0x02, 0x80, 0x00, 0x00, 0xff, 0xff, 0x00, 0x26,
  0xff, 0x21, 0x01, 0x8b, 0x02, 0xbc, 0x00, 0x22, 0x01, 0x0f, 0x00, 0x00,
  0x00, 0x23, 0x02, 0x96, 0x01, 0x26, 0x00, 0x00, 0x00, 0x03, 0x02, 0x8c,
  0x01, 0x73, 0x00, 0x00, 0xff, 0xff, 0x00, 0x26, 0xff, 0xf8, 0x01, 0x9a,
  0x03, 0x34, 0x00, 0x22, 0x01, 0x0f, 0x00, 0x00, 0x00, 0x03, 0x02, 0xb2,
  0x02, 0x93, 0x00, 0x00, 0xff, 0xff, 0x00, 0x26, 0xff, 0xf8, 0x01, 0xc2,
  0x03, 0x5a, 0x00, 0x22, 0x01, 0x0f, 0x00, 0x00, 0x00, 0x03, 0x02, 0xb3,
  0x02, 0x93, 0x00, 0x00, 0xff, 0xff, 0x00, 0x26, 0xff, 0xf8, 0x01, 0x8b,
  0x03, 0x4f, 0x00, 0x22, 0x01, 0x0f, 0x00, 0x00, 0x00, 0x03, 0x02, 0xb4,
  0x02, 0x93, 0x00, 0x00, 0xff, 0xff, 0x00, 0x26, 0xff, 0xf8, 0x01, 0x8b,
  0x02, 0xd3, 0x00, 0x22, 0x01, 0x0f, 0x00, 0x00, 0x00, 0x03, 0x02, 0x87,
  0x01, 0x74, 0x00, 0x00, 0xff, 0xff, 0x00, 0x26, 0xff, 0x21, 0x01, 0x8b,
  0x02, 0x07, 0x00, 0x22, 0x01, 0x0f, 0x00, 0x00, 0x00, 0x03, 0x02, 0x96,
  0x01, 0x26, 0x00, 0x00, 0xff, 0xff, 0x00, 0x26, 0xff, 0xf8, 0x01, 0x8b,
  0x02, 0xbc, 0x00, 0x22, 0x01, 0x0f, 0x00, 0x00, 0x00, 0x03, 0x02, 0x89,
  0x01, 0x09, 0x00, 0x00, 0xff, 0xff, 0x00, 0x26, 0xff, 0xf8, 0x01, 0x8b,
  0x02, 0xea, 0x00, 0x22, 0x01, 0x0f, 0x00, 0x00, 0x00, 0x03, 0x02, 0x92,
  0x02, 0x11, 0x00, 0x00, 0x00, 0x02, 0x00, 0x26, 0xff, 0xf8, 0x01, 0x91,
  0x02, 0x52, 0x00, 0x1d, 0x00, 0x2b, 0x00, 0x2f, 0x40, 0x2c, 0x15, 0x01,
  0x01, 0x02, 0x10, 0x01, 0x03, 0x01, 0x02, 0x4c, 0x00, 0x02, 0x01, 0x02,
  0x85, 0x00, 0x03, 0x03, 0x01, 0x61, 0x00, 0x01, 0x01, 0x45, 0x4d, 0x00,
  0x04, 0x04, 0x00, 0x61, 0x00, 0x00, 0x00, 0x43, 0x00, 0x4e, 0x25, 0x27,
  0x27, 0x25, 0x26, 0x05, 0x0a, 0x1b, 0x2b, 0x00, 0x17, 0x16, 0x15, 0x15,
  0x14, 0x06, 0x23, 0x22, 0x26, 0x35, 0x35, 0x34, 0x36, 0x33, 0x32, 0x17,
  0x16, 0x33, 0x36, 0x36, 0x37, 0x34, 0x33, 0x33, 0x32, 0x16, 0x07, 0x06,
  0x07, 0x06, 0x26, 0x23, 0x22, 0x06, 0x15, 0x15, 0x14, 0x16, 0x33, 0x32,
  0x36, 0x35, 0x35, 0x01, 0x5a, 0x03, 0x2e, 0x5f, 0x54, 0x53, 0x5f, 0x60,
  0x52, 0x1d, 0x1f, 0x02, 0x04, 0x16, 0x1f, 0x03, 0x0c, 0x27, 0x05, 0x07,
  0x01, 0x06, 0x2c, 0x47, 0x23, 0x1c, 0x1c, 0x22, 0x22, 0x1c, 0x1c, 0x23,
  0x01, 0xdc, 0x04, 0x2b, 0x49, 0xc9, 0x4b, 0x58, 0x58, 0x4b, 0xc9, 0x4a,
  0x59, 0x07, 0x01, 0x03, 0x22, 0x22, 0x0c, 0x09, 0x08, 0x43, 0x1f, 0x64,
  0x28, 0x27, 0x20, 0xb8, 0x20, 0x27, 0x27, 0x20, 0xb8, 0x00, 0x00, 0x00,
  0xff, 0xff, 0x00, 0x26, 0xff, 0xf8, 0x01, 0x91, 0x02, 0xbc, 0x00, 0x22,
  0x01, 0x1c, 0x00, 0x00, 0x00, 0x03, 0x02, 0x8a, 0x01, 0x4b, 0x00, 0x00,
  0xff, 0xff, 0x00, 0x26, 0xff, 0x21, 0x01, 0x91, 0x02, 0x52, 0x00, 0x22,
  0x01, 0x1c, 0x00, 0x00, 0x00, 0x03, 0x02, 0x96, 0x01, 0x26, 0x00, 0x00,
  0xff, 0xff, 0x00, 0x26, 0xff, 0xf8, 0x01, 0x91, 0x02, 0xbc, 0x00, 0x22,
  0x01, 0x1c, 0x00, 0x00, 0x00, 0x03, 0x02, 0x89, 0x01, 0x09, 0x00, 0x00,
  0xff, 0xff, 0x00, 0x26, 0xff, 0xf8, 0x01, 0x91, 0x02, 0xea, 0x00, 0x22,
  0x01, 0x1c, 0x00, 0x00, 0x00, 0x03, 0x02, 0x92, 0x02, 0x11, 0x00, 0x00,
  0xff, 0xff, 0x00, 0x26, 0xff, 0xf8, 0x01, 0x91, 0x02, 0xca, 0x00, 0x22,
  0x01, 0x1c, 0x00, 0x00, 0x01, 0x07, 0x02, 0x90, 0x01, 0x61, 0x00, 0x07,
  0x00, 0x08, 0xb1, 0x02, 0x01, 0xb0, 0x07, 0xb0, 0x35, 0x2b, 0x00, 0x00,
  0xff, 0xff, 0x00, 0x26, 0xff, 0xf8, 0x01, 0x93, 0x02, 0xbc, 0x00, 0x22,
  0x01, 0x0f, 0x00, 0x00, 0x00, 0x03, 0x02, 0x8b, 0x01, 0xa8, 0x00, 0x00,
  0xff, 0xff, 0x00, 0x26, 0xff, 0xf8, 0x01, 0x8b, 0x02, 0x9a, 0x00, 0x22,
  0x01, 0x0f, 0x00, 0x00, 0x00, 0x02, 0x02, 0xa7, 0x12, 0x00, 0x00, 0x00,
  0x00, 0x03, 0x00, 0x28, 0xff, 0xcc, 0x01, 0x98, 0x02, 0x32, 0x00, 0x27,
  0x00, 0x33, 0x00, 0x3f, 0x00, 0x35, 0x40, 0x32, 0x20, 0x02, 0x02, 0x02,
  0x01, 0x3f, 0x37, 0x33, 0x2b, 0x04, 0x03, 0x02, 0x16, 0x0c, 0x02, 0x00,
  0x03, 0x03, 0x4c, 0x00, 0x02, 0x02, 0x01, 0x61, 0x00, 0x01, 0x01, 0x45,
  0x4d, 0x00, 0x03, 0x03, 0x00, 0x61, 0x00, 0x00, 0x00, 0x43, 0x00, 0x4e,
  0x3c, 0x3a, 0x30, 0x2e, 0x1f, 0x1d, 0x29, 0x04, 0x0a, 0x17, 0x2b, 0x00,
  0x07, 0x07, 0x06, 0x17, 0x16, 0x15, 0x15, 0x14, 0x06, 0x23, 0x22, 0x27,
  0x26, 0x07, 0x07, 0x06, 0x06, 0x27, 0x27, 0x26, 0x37, 0x37, 0x36, 0x27,
  0x26, 0x35, 0x35, 0x34, 0x36, 0x33, 0x32, 0x17, 0x32, 0x37, 0x37, 0x36,
  0x36, 0x17, 0x17, 0x02, 0x16, 0x37, 0x37, 0x36, 0x27, 0x26, 0x23, 0x22,
  0x06, 0x15, 0x15, 0x36, 0x26, 0x07, 0x07, 0x06, 0x17, 0x16, 0x33, 0x32,
  0x36, 0x35, 0x35, 0x01, 0x98, 0x04, 0x1d, 0x01, 0x01, 0x17, 0x5f, 0x54,
  0x26, 0x1e, 0x04, 0x02, 0x15, 0x02, 0x0a, 0x05, 0x3a, 0x09, 0x04, 0x19,
  0x02, 0x02, 0x1c, 0x60, 0x52, 0x2a, 0x21, 0x05, 0x01, 0x17, 0x02, 0x0a,
  0x05, 0x3b, 0xf2, 0x05, 0x01, 0x55, 0x02, 0x04, 0x0c, 0x0f, 0x1c, 0x22,
  0x7d, 0x05, 0x01, 0x4f, 0x02, 0x05, 0x0c, 0x07, 0x1c, 0x23, 0x02, 0x05,
  0x0a, 0x38, 0x04, 0x03, 0x26, 0x32, 0xc9, 0x4b, 0x58, 0x09, 0x02, 0x05,
  0x2a, 0x05, 0x03, 0x03, 0x24, 0x06, 0x0a, 0x31, 0x04, 0x03, 0x26, 0x3a,
  0xc9, 0x4a, 0x59, 0x0c, 0x03, 0x2d, 0x05, 0x02, 0x03, 0x24, 0xfe, 0xe0,
  0x01, 0x04, 0xa9, 0x05, 0x01, 0x06, 0x27, 0x20, 0x6d, 0x13, 0x01, 0x04,
  0x99, 0x05, 0x02, 0x02, 0x27, 0x20, 0x5a, 0x00, 0xff, 0xff, 0x00, 0x28,
  0xff, 0xcc, 0x01, 0x98, 0x02, 0xbc, 0x00, 0x22, 0x01, 0x24, 0x00, 0x00,
  0x00, 0x03, 0x02, 0x8a, 0x01, 0x4b, 0x00, 0x00, 0xff, 0xff, 0x00, 0x26,
  0xff, 0xf8, 0x01, 0x8b, 0x02, 0xc3, 0x00, 0x22, 0x01, 0x0f, 0x00, 0x00,
  0x00, 0x03, 0x02, 0x90, 0x01, 0x77, 0x00, 0x00, 0x00, 0x03, 0x00, 0x26,
  0xff, 0xf8, 0x02, 0x86, 0x02, 0x07, 0x00, 0x2c, 0x00, 0x3a, 0x00, 0x47,
  0x00, 0x8e, 0x40, 0x17, 0x24, 0x01, 0x07, 0x05, 0x43, 0x3e, 0x02, 0x09,
  0x07, 0x2c, 0x01, 0x00, 0x09, 0x05, 0x01, 0x02, 0x00, 0x17, 0x01, 0x03,
  0x01, 0x05, 0x4c, 0x4b, 0xb0, 0x14, 0x50, 0x58, 0x40, 0x29, 0x00, 0x02,
  0x00, 0x01, 0x01, 0x02, 0x72, 0x00, 0x09, 0x00, 0x00, 0x02, 0x09, 0x00,
  0x67, 0x0b, 0x0a, 0x02, 0x07, 0x07, 0x05, 0x61, 0x06, 0x01, 0x05, 0x05,
  0x45, 0x4d, 0x08, 0x01, 0x01, 0x01, 0x03, 0x62, 0x04, 0x01, 0x03, 0x03,
  0x43, 0x03, 0x4e, 0x1b, 0x40, 0x2a, 0x00, 0x02, 0x00, 0x01, 0x00, 0x02,
  0x01, 0x80, 0x00, 0x09, 0x00, 0x00, 0x02, 0x09, 0x00, 0x67, 0x0b, 0x0a,
  0x02, 0x07, 0x07, 0x05, 0x61, 0x06, 0x01, 0x05, 0x05, 0x45, 0x4d, 0x08,
  0x01, 0x01, 0x01, 0x03, 0x62, 0x04, 0x01, 0x03, 0x03, 0x43, 0x03, 0x4e,
  0x59, 0x40, 0x14, 0x3b, 0x3b, 0x3b, 0x47, 0x3b, 0x46, 0x41, 0x40, 0x25,
  0x25, 0x24, 0x25, 0x24, 0x25, 0x23, 0x25, 0x21, 0x0c, 0x0a, 0x1f, 0x2b,
  0x24, 0x06, 0x23, 0x23, 0x22, 0x15, 0x15, 0x14, 0x16, 0x33, 0x32, 0x36,
  0x37, 0x36, 0x33, 0x17, 0x32, 0x16, 0x07, 0x06, 0x06, 0x23, 0x22, 0x27,
  0x26, 0x07, 0x06, 0x23, 0x22, 0x26, 0x35, 0x35, 0x34, 0x36, 0x33, 0x32,
  0x17, 0x16, 0x37, 0x36, 0x33, 0x32, 0x16, 0x15, 0x15, 0x24, 0x26, 0x23,
  0x22, 0x06, 0x15, 0x15, 0x14, 0x16, 0x33, 0x32, 0x36, 0x35, 0x35, 0x36,
  0x06, 0x15, 0x15, 0x14, 0x33, 0x33, 0x32, 0x35, 0x35, 0x34, 0x26, 0x23,
  0x02, 0x86, 0x07, 0x05, 0xde, 0x05, 0x22, 0x1c, 0x17, 0x1f, 0x06, 0x03,
  0x0a, 0x5a, 0x05, 0x07, 0x01, 0x07, 0x58, 0x4f, 0x4d, 0x2e, 0x03, 0x03,
  0x2e, 0x4e, 0x53, 0x5f, 0x60, 0x52, 0x4e, 0x2e, 0x03, 0x03, 0x2e, 0x4d,
  0x52, 0x5f, 0xfe, 0x91, 0x23, 0x1c, 0x1c, 0x22, 0x22, 0x1c, 0x1c, 0x23,
  0xa2, 0x22, 0x05, 0x72, 0x05, 0x23, 0x1b, 0xe1, 0x07, 0x05, 0x32, 0x20,
  0x27, 0x1e, 0x17, 0x0a, 0x04, 0x07, 0x06, 0x46, 0x4c, 0x39, 0x03, 0x03,
  0x39, 0x58, 0x4b, 0xc9, 0x4a, 0x59, 0x3a, 0x04, 0x04, 0x3a, 0x59, 0x4a,
  0x7e, 0x96, 0x27, 0x27, 0x20, 0xb9, 0x20, 0x27, 0x27, 0x20, 0xb9, 0x47,
  0x27, 0x20, 0x2f, 0x05, 0x05, 0x2f, 0x1f, 0x28, 0x00, 0x02, 0x00, 0x32,
  0xff, 0x43, 0x01, 0x93, 0x02, 0x07, 0x00, 0x22, 0x00, 0x30, 0x00, 0x95,
  0x40, 0x10, 0x1d, 0x15, 0x02, 0x04, 0x02, 0x0c, 0x09, 0x02, 0x00, 0x05,
  0x0d, 0x01, 0x01, 0x00, 0x03, 0x4c, 0x4b, 0xb0, 0x1e, 0x50, 0x58, 0x40,
  0x1c, 0x00, 0x04, 0x04, 0x02, 0x61, 0x06, 0x03, 0x02, 0x02, 0x02, 0x3f,
  0x4d, 0x00, 0x05, 0x05, 0x00, 0x61, 0x00, 0x00, 0x00, 0x43, 0x4d, 0x00,
  0x01, 0x01, 0x41, 0x01, 0x4e, 0x1b, 0x4b, 0xb0, 0x2e, 0x50, 0x58, 0x40,
  0x20, 0x00, 0x02, 0x02, 0x3f, 0x4d, 0x00, 0x04, 0x04, 0x03, 0x61, 0x06,
  0x01, 0x03, 0x03, 0x45, 0x4d, 0x00, 0x05, 0x05, 0x00, 0x61, 0x00, 0x00,
  0x00, 0x43, 0x4d, 0x00, 0x01, 0x01, 0x41, 0x01, 0x4e, 0x1b, 0x40, 0x20,
  0x00, 0x04, 0x04, 0x03, 0x61, 0x06, 0x01, 0x03, 0x03, 0x45, 0x4d, 0x00,
  0x05, 0x05, 0x00, 0x61, 0x00, 0x00, 0x00, 0x43, 0x4d, 0x00, 0x01, 0x01,
  0x02, 0x5f, 0x00, 0x02, 0x02, 0x3f, 0x01, 0x4e, 0x59, 0x59, 0x40, 0x10,
  0x00, 0x00, 0x2d, 0x2b, 0x26, 0x24, 0x00, 0x22, 0x00, 0x21, 0x26, 0x28,
  0x25, 0x07, 0x0a, 0x19, 0x2b, 0x00, 0x16, 0x15, 0x15, 0x14, 0x06, 0x23,
  0x22, 0x26, 0x27, 0x26, 0x06, 0x15, 0x15, 0x14, 0x06, 0x23, 0x23, 0x22,
  0x26, 0x35, 0x11, 0x34, 0x36, 0x33, 0x33, 0x32, 0x16, 0x15, 0x15, 0x14,
  0x16, 0x37, 0x36, 0x33, 0x16, 0x26, 0x23, 0x22, 0x06, 0x15, 0x15, 0x14,
  0x16, 0x33, 0x32, 0x36, 0x35, 0x35, 0x01, 0x49, 0x4a, 0x4a, 0x43, 0x17,
  0x30, 0x13, 0x02, 0x04, 0x07, 0x05, 0x5c, 0x05, 0x07, 0x07, 0x05, 0x5c,
  0x05, 0x07, 0x05, 0x03, 0x23, 0x35, 0x1a, 0x22, 0x1c, 0x1b, 0x21, 0x21,
  0x1b, 0x1c, 0x22, 0x02, 0x07, 0x57, 0x4b, 0xca, 0x4d, 0x56, 0x11, 0x13,
  0x02, 0x02, 0x03, 0xca, 0x05, 0x07, 0x07, 0x05, 0x02, 0xa4, 0x05, 0x07,
  0x07, 0x05, 0x0c, 0x03, 0x01, 0x04, 0x20, 0x8b, 0x28, 0x28, 0x20, 0xb9,
  0x20, 0x27, 0x27, 0x20, 0xb9, 0x00, 0x00, 0x00, 0x00, 0x02, 0x00, 0x2a,
  0xff, 0x38, 0x01, 0x8c, 0x02, 0xbc, 0x00, 0x23, 0x00, 0x31, 0x00, 0x6e,
  0x40, 0x0e, 0x15, 0x01, 0x03, 0x02, 0x1d, 0x01, 0x04, 0x03, 0x0d, 0x01,
  0x01, 0x00, 0x03, 0x4c, 0x4b, 0xb0, 0x2e, 0x50, 0x58, 0x40, 0x20, 0x00,
  0x02, 0x02, 0x3c, 0x4d, 0x00, 0x04, 0x04, 0x03, 0x61, 0x06, 0x01, 0x03,
  0x03, 0x45, 0x4d, 0x00, 0x05, 0x05, 0x00, 0x61, 0x00, 0x00, 0x00, 0x43,
  0x4d, 0x00, 0x01, 0x01, 0x41, 0x01, 0x4e, 0x1b, 0x40, 0x20, 0x00, 0x04,
  0x04, 0x03, 0x61, 0x06, 0x01, 0x03, 0x03, 0x45, 0x4d, 0x00, 0x05, 0x05,
  0x00, 0x61, 0x00, 0x00, 0x00, 0x43, 0x4d, 0x00, 0x01, 0x01, 0x02, 0x5f,
  0x00, 0x02, 0x02, 0x3c, 0x01, 0x4e, 0x59, 0x40, 0x10, 0x00, 0x00, 0x2e,
  0x2c, 0x27, 0x25, 0x00, 0x23, 0x00, 0x22, 0x26, 0x28, 0x25, 0x07, 0x0a,
  0x19, 0x2b, 0x00, 0x16, 0x15, 0x15, 0x14, 0x06, 0x23, 0x22, 0x26, 0x27,
  0x26, 0x22, 0x15, 0x15, 0x14, 0x06, 0x23, 0x23, 0x22, 0x26, 0x35, 0x11,
  0x34, 0x36, 0x33, 0x33, 0x32, 0x16, 0x15, 0x15, 0x14, 0x33, 0x32, 0x37,
  0x36, 0x33, 0x16, 0x26, 0x23, 0x22, 0x06, 0x15, 0x15, 0x14, 0x16, 0x33,
  0x32, 0x36, 0x35, 0x35, 0x01, 0x46, 0x46, 0x45, 0x43, 0x1c, 0x33, 0x11,
  0x02, 0x04, 0x07, 0x05, 0x5c, 0x05, 0x07, 0x07, 0x05, 0x5c, 0x05, 0x07,
  0x02, 0x03, 0x03, 0x20, 0x3e, 0x14, 0x22, 0x1b, 0x1b, 0x22, 0x22, 0x1b,
  0x1b, 0x22, 0x02, 0x07, 0x55, 0x4d, 0xca, 0x4c, 0x57, 0x18, 0x1b, 0x03,
  0x04, 0xe6, 0x05, 0x07, 0x07, 0x05, 0x03, 0x6c, 0x05, 0x07, 0x07, 0x05,
  0xdc, 0x03, 0x05, 0x31, 0x8c, 0x28, 0x28, 0x1f, 0xb9, 0x1f, 0x28, 0x28,
  0x1f, 0xb9, 0x00, 0x00, 0x00, 0x02, 0x00, 0x26, 0xff, 0x43, 0x01, 0x87,
  0x02, 0x07, 0x00, 0x22, 0x00, 0x30, 0x00, 0x97, 0x40, 0x14, 0x22, 0x21,
  0x02, 0x04, 0x00, 0x26, 0x25, 0x02, 0x05, 0x04, 0x0f, 0x01, 0x02, 0x05,
  0x07, 0x01, 0x01, 0x02, 0x04, 0x4c, 0x4b, 0xb0, 0x1e, 0x50, 0x58, 0x40,
  0x1c, 0x00, 0x04, 0x04, 0x00, 0x61, 0x03, 0x01, 0x00, 0x00, 0x3f, 0x4d,
  0x06, 0x01, 0x05, 0x05, 0x02, 0x61, 0x00, 0x02, 0x02, 0x43, 0x4d, 0x00,
  0x01, 0x01, 0x41, 0x01, 0x4e, 0x1b, 0x4b, 0xb0, 0x2e, 0x50, 0x58, 0x40,
  0x20, 0x00, 0x00, 0x00, 0x3f, 0x4d, 0x00, 0x04, 0x04, 0x03, 0x61, 0x00,
  0x03, 0x03, 0x45, 0x4d, 0x06, 0x01, 0x05, 0x05, 0x02, 0x61, 0x00, 0x02,
  0x02, 0x43, 0x4d, 0x00, 0x01, 0x01, 0x41, 0x01, 0x4e, 0x1b, 0x40, 0x20,
  0x00, 0x04, 0x04, 0x03, 0x61, 0x00, 0x03, 0x03, 0x45, 0x4d, 0x06, 0x01,
  0x05, 0x05, 0x02, 0x61, 0x00, 0x02, 0x02, 0x43, 0x4d, 0x00, 0x01, 0x01,
  0x00, 0x5f, 0x00, 0x00, 0x00, 0x3f, 0x01, 0x4e, 0x59, 0x59, 0x40, 0x0e,
  0x23, 0x23, 0x23, 0x30, 0x23, 0x2f, 0x2b, 0x25, 0x29, 0x26, 0x21, 0x07,
  0x0a, 0x1b, 0x2b, 0x00, 0x36, 0x33, 0x33, 0x32, 0x16, 0x15, 0x11, 0x14,
  0x06, 0x23, 0x23, 0x22, 0x26, 0x35, 0x35, 0x34, 0x26, 0x07, 0x06, 0x06,
  0x23, 0x22, 0x26, 0x35, 0x35, 0x34, 0x36, 0x33, 0x32, 0x17, 0x16, 0x36,
  0x35, 0x35, 0x02, 0x36, 0x37, 0x35, 0x26, 0x26, 0x23, 0x22, 0x06, 0x15,
  0x15, 0x14, 0x16, 0x33, 0x01, 0x13, 0x07, 0x05, 0x5c, 0x05, 0x07, 0x07,
  0x05, 0x5c, 0x05, 0x07, 0x04, 0x02, 0x13, 0x30, 0x17, 0x42, 0x4b, 0x4a,
  0x43, 0x36, 0x24, 0x02, 0x04, 0x24, 0x20, 0x04, 0x04, 0x20, 0x18, 0x1c,
  0x22, 0x22, 0x1c, 0x01, 0xf8, 0x07, 0x07, 0x05, 0xfd, 0x5c, 0x05, 0x07,
  0x07, 0x05, 0xca, 0x03, 0x02, 0x02, 0x13, 0x11, 0x57, 0x4c, 0xca, 0x4b,
  0x57, 0x23, 0x02, 0x02, 0x03, 0x0c, 0xfe, 0x69, 0x1f, 0x1a, 0xd5, 0x1a,
  0x20, 0x28, 0x20, 0xb9, 0x20, 0x27, 0x00, 0x00, 0x00, 0x01, 0x00, 0x2e,
  0x00, 0x01, 0x01, 0x31, 0x02, 0x05, 0x00, 0x23, 0x00, 0x4f, 0x40, 0x0b,
  0x1e, 0x16, 0x02, 0x00, 0x02, 0x0e, 0x01, 0x01, 0x00, 0x02, 0x4c, 0x4b,
  0xb0, 0x26, 0x50, 0x58, 0x40, 0x12, 0x00, 0x00, 0x00, 0x02, 0x61, 0x04,
  0x03, 0x02, 0x02, 0x02, 0x3f, 0x4d, 0x00, 0x01, 0x01, 0x3d, 0x01, 0x4e,
  0x1b, 0x40, 0x16, 0x00, 0x02, 0x02, 0x3f, 0x4d, 0x00, 0x00, 0x00, 0x03,
  0x61, 0x04, 0x01, 0x03, 0x03, 0x45, 0x4d, 0x00, 0x01, 0x01, 0x3d, 0x01,
  0x4e, 0x59, 0x40, 0x0c, 0x00, 0x00, 0x00, 0x23, 0x00, 0x22, 0x26, 0x27,
  0x27, 0x05, 0x0a, 0x19, 0x2b, 0x00, 0x17, 0x16, 0x07, 0x07, 0x06, 0x27,
  0x26, 0x23, 0x22, 0x07, 0x06, 0x06, 0x15, 0x11, 0x14, 0x06, 0x23, 0x23,
  0x22, 0x26, 0x35, 0x11, 0x34, 0x36, 0x33, 0x33, 0x32, 0x16, 0x15, 0x15,
  0x14, 0x16, 0x37, 0x36, 0x33, 0x01, 0x1a, 0x0f, 0x08, 0x02, 0x10, 0x01,
  0x0d, 0x0e, 0x0c, 0x0c, 0x0a, 0x1c, 0x23, 0x07, 0x05, 0x5c, 0x05, 0x07,
  0x07, 0x05, 0x5c, 0x05, 0x07, 0x04, 0x01, 0x1b, 0x3d, 0x02, 0x05, 0x0a,
  0x05, 0x0a, 0x5d, 0x0c, 0x05, 0x04, 0x03, 0x04, 0x37, 0x26, 0xfe, 0xe5,
  0x05, 0x07, 0x07, 0x05, 0x01, 0xe6, 0x05, 0x07, 0x07, 0x05, 0x2e, 0x04,
  0x01, 0x04, 0x41, 0x00, 0xff, 0xff, 0x00, 0x2e, 0x00, 0x01, 0x01, 0x31,
  0x02, 0xbc, 0x00, 0x22, 0x01, 0x2b, 0x00, 0x00, 0x00, 0x03, 0x02, 0x8a,
  0x01, 0x25, 0x00, 0x00, 0xff, 0xff, 0x00, 0x2e, 0x00, 0x01, 0x01, 0x3b,
  0x02, 0xbc, 0x00, 0x22, 0x01, 0x2b, 0x00, 0x00, 0x00, 0x02, 0x02, 0xa0,
  0x19, 0x00, 0x00, 0x00, 0x00, 0x01, 0x00, 0x1e, 0xff, 0xfa, 0x01, 0x79,
  0x02, 0x05, 0x00, 0x37, 0x00, 0x6b, 0xb5, 0x1e, 0x01, 0x03, 0x04, 0x01,
  0x4c, 0x4b, 0xb0, 0x11, 0x50, 0x58, 0x40, 0x23, 0x00, 0x03, 0x04, 0x00,
  0x04, 0x03, 0x72, 0x00, 0x00, 0x01, 0x01, 0x00, 0x70, 0x00, 0x04, 0x04,
  0x02, 0x61, 0x00, 0x02, 0x02, 0x45, 0x4d, 0x00, 0x01, 0x01, 0x05, 0x62,
  0x06, 0x01, 0x05, 0x05, 0x43, 0x05, 0x4e, 0x1b, 0x40, 0x25, 0x00, 0x03,
  0x04, 0x00, 0x04, 0x03, 0x00, 0x80, 0x00, 0x00, 0x01, 0x04, 0x00, 0x01,
  0x7e, 0x00, 0x04, 0x04, 0x02, 0x61, 0x00, 0x02, 0x02, 0x45, 0x4d, 0x00,
  0x01, 0x01, 0x05, 0x62, 0x06, 0x01, 0x05, 0x05, 0x43, 0x05, 0x4e, 0x59,
  0x40, 0x0e, 0x00, 0x00, 0x00, 0x37, 0x00, 0x36, 0x26, 0x24, 0x2b, 0x26,
  0x25, 0x07, 0x0a, 0x1b, 0x2b, 0x16, 0x26, 0x35, 0x35, 0x34, 0x36, 0x33,
  0x33, 0x32, 0x16, 0x15, 0x15, 0x14, 0x16, 0x33, 0x32, 0x36, 0x35, 0x34,
  0x26, 0x26, 0x27, 0x26, 0x26, 0x35, 0x34, 0x36, 0x33, 0x32, 0x16, 0x15,
  0x14, 0x06, 0x23, 0x23, 0x22, 0x26, 0x35, 0x35, 0x34, 0x26, 0x23, 0x22,
  0x06, 0x15, 0x14, 0x16, 0x16, 0x17, 0x1e, 0x02, 0x15, 0x14, 0x06, 0x23,
  0x7c, 0x5e, 0x07, 0x05, 0x56, 0x05, 0x07, 0x25, 0x1b, 0x1a, 0x1e, 0x1a,
  0x1e, 0x27, 0x39, 0x49, 0x59, 0x4c, 0x4e, 0x5b, 0x07, 0x05, 0x54, 0x05,
  0x07, 0x21, 0x19, 0x1a, 0x1f, 0x18, 0x1e, 0x23, 0x2a, 0x39, 0x2b, 0x5e,
  0x50, 0x06, 0x4c, 0x41, 0x07, 0x05, 0x07, 0x07, 0x05, 0x05, 0x18, 0x20,
  0x1e, 0x17, 0x14, 0x1b, 0x0e, 0x10, 0x16, 0x44, 0x43, 0x46, 0x4f, 0x53,
  0x46, 0x05, 0x07, 0x07, 0x05, 0x06, 0x18, 0x20, 0x21, 0x17, 0x13, 0x1a,
  0x0f, 0x0f, 0x11, 0x21, 0x3d, 0x2d, 0x43, 0x4e, 0xff, 0xff, 0x00, 0x1e,
  0xff, 0xfa, 0x01, 0x79, 0x02, 0xbc, 0x00, 0x22, 0x01, 0x2e, 0x00, 0x00,
  0x00, 0x03, 0x02, 0x8a, 0x01, 0x3b, 0x00, 0x00, 0xff, 0xff, 0x00, 0x1e,
  0xff, 0xfa, 0x01, 0x79, 0x02, 0xbc, 0x00, 0x22, 0x01, 0x2e, 0x00, 0x00,
  0x00, 0x02, 0x02, 0xa0, 0x30, 0x00, 0x00, 0x00, 0x00, 0x01, 0x00, 0x1e,
  0xff, 0x49, 0x01, 0x79, 0x02, 0x05, 0x00, 0x4b, 0x00, 0x99, 0x40, 0x0a,
  0x35, 0x01, 0x04, 0x05, 0x02, 0x01, 0x00, 0x02, 0x02, 0x4c, 0x4b, 0xb0,
  0x11, 0x50, 0x58, 0x40, 0x23, 0x00, 0x04, 0x05, 0x01, 0x05, 0x04, 0x72,
  0x00, 0x01, 0x02, 0x05, 0x01, 0x02, 0x7e, 0x00, 0x05, 0x05, 0x03, 0x61,
  0x00, 0x03, 0x03, 0x45, 0x4d, 0x00, 0x02, 0x02, 0x00, 0x61, 0x00, 0x00,
  0x00, 0x41, 0x00, 0x4e, 0x1b, 0x4b, 0xb0, 0x2e, 0x50, 0x58, 0x40, 0x24,
  0x00, 0x04, 0x05, 0x01, 0x05, 0x04, 0x01, 0x80, 0x00, 0x01, 0x02, 0x05,
  0x01, 0x02, 0x7e, 0x00, 0x05, 0x05, 0x03, 0x61, 0x00, 0x03, 0x03, 0x45,
  0x4d, 0x00, 0x02, 0x02, 0x00, 0x61, 0x00, 0x00, 0x00, 0x41, 0x00, 0x4e,
  0x1b, 0x40, 0x21, 0x00, 0x04, 0x05, 0x01, 0x05, 0x04, 0x01, 0x80, 0x00,
  0x01, 0x02, 0x05, 0x01, 0x02, 0x7e, 0x00, 0x02, 0x00, 0x00, 0x02, 0x00,
  0x65, 0x00, 0x05, 0x05, 0x03, 0x61, 0x00, 0x03, 0x03, 0x45, 0x05, 0x4e,
  0x59, 0x59, 0x40, 0x0e, 0x41, 0x3f, 0x39, 0x37, 0x33, 0x31, 0x26, 0x24,
  0x1e, 0x1c, 0x28, 0x06, 0x0a, 0x17, 0x2b, 0x24, 0x06, 0x07, 0x06, 0x17,
  0x16, 0x15, 0x14, 0x06, 0x23, 0x22, 0x27, 0x26, 0x37, 0x37, 0x36, 0x17,
  0x16, 0x36, 0x37, 0x36, 0x27, 0x27, 0x26, 0x26, 0x35, 0x35, 0x34, 0x36,
  0x33, 0x33, 0x32, 0x16, 0x15, 0x15, 0x14, 0x16, 0x33, 0x32, 0x36, 0x35,
  0x34, 0x26, 0x26, 0x27, 0x26, 0x26, 0x35, 0x34, 0x36, 0x33, 0x32, 0x16,
  0x15, 0x14, 0x06, 0x23, 0x23, 0x22, 0x26, 0x35, 0x35, 0x34, 0x26, 0x23,
  0x22, 0x06, 0x15, 0x14, 0x16, 0x16, 0x17, 0x1e, 0x02, 0x15, 0x01, 0x79,
  0x43, 0x3b, 0x06, 0x04, 0x26, 0x32, 0x24, 0x16, 0x12, 0x0a, 0x01, 0x05,
  0x02, 0x0c, 0x0e, 0x15, 0x04, 0x06, 0x2f, 0x05, 0x3f, 0x47, 0x07, 0x05,
  0x56, 0x05, 0x07, 0x25, 0x1b, 0x1a, 0x1e, 0x1a, 0x1e, 0x27, 0x39, 0x49,
  0x59, 0x4c, 0x4e, 0x5b, 0x07, 0x05, 0x54, 0x05, 0x07, 0x21, 0x19, 0x1a,
  0x1f, 0x18, 0x1e, 0x23, 0x2a, 0x39, 0x2b, 0x53, 0x4a, 0x0b, 0x02, 0x04,
  0x2c, 0x2d, 0x2f, 0x27, 0x05, 0x03, 0x0b, 0x24, 0x0c, 0x03, 0x02, 0x0e,
  0x11, 0x25, 0x2f, 0x03, 0x09, 0x49, 0x38, 0x07, 0x05, 0x07, 0x07, 0x05,
  0x05, 0x18, 0x20, 0x1e, 0x17, 0x14, 0x1b, 0x0e, 0x10, 0x16, 0x44, 0x43,
  0x46, 0x4f, 0x53, 0x46, 0x05, 0x07, 0x07, 0x05, 0x06, 0x18, 0x20, 0x21,
  0x17, 0x13, 0x1a, 0x0f, 0x0f, 0x11, 0x21, 0x3d, 0x2d, 0x00, 0x00, 0x00,
  0xff, 0xff, 0x00, 0x1e, 0xff, 0xfa, 0x01, 0x79, 0x02, 0xbc, 0x00, 0x22,
  0x01, 0x2e, 0x00, 0x00, 0x00, 0x03, 0x02, 0x8c, 0x01, 0x63, 0x00, 0x00,
  0x00, 0x01, 0x00, 0x2e, 0x00, 0x00, 0x01, 0x9c, 0x02, 0xc4, 0x00, 0x39,
  0x00, 0x36, 0x40, 0x33, 0x27, 0x01, 0x03, 0x04, 0x35, 0x18, 0x02, 0x01,
  0x02, 0x02, 0x4c, 0x00, 0x04, 0x00, 0x03, 0x02, 0x04, 0x03, 0x69, 0x00,
  0x05, 0x05, 0x00, 0x61, 0x00, 0x00, 0x00, 0x42, 0x4d, 0x00, 0x02, 0x02,
  0x01, 0x61, 0x06, 0x01, 0x01, 0x01, 0x3d, 0x01, 0x4e, 0x25, 0x24, 0x36,
  0x24, 0x36, 0x2b, 0x25, 0x07, 0x0a, 0x1d, 0x2b, 0x36, 0x26, 0x35, 0x11,
  0x34, 0x36, 0x33, 0x32, 0x16, 0x17, 0x14, 0x07, 0x06, 0x17, 0x16, 0x16,
  0x15, 0x14, 0x06, 0x23, 0x23, 0x22, 0x26, 0x35, 0x35, 0x34, 0x36, 0x33,
  0x37, 0x32, 0x36, 0x35, 0x34, 0x26, 0x27, 0x23, 0x22, 0x26, 0x35, 0x35,
  0x34, 0x36, 0x33, 0x33, 0x32, 0x36, 0x35, 0x34, 0x26, 0x23, 0x22, 0x06,
  0x15, 0x11, 0x14, 0x06, 0x23, 0x27, 0x35, 0x07, 0x5c, 0x53, 0x54, 0x60,
  0x02, 0x41, 0x06, 0x06, 0x23, 0x27, 0x65, 0x5c, 0x0c, 0x05, 0x07, 0x07,
  0x05, 0x0c, 0x26, 0x2a, 0x26, 0x21, 0x0e, 0x05, 0x07, 0x07, 0x05, 0x0c,
  0x1d, 0x22, 0x24, 0x1f, 0x1d, 0x1f, 0x07, 0x05, 0x5c, 0x01, 0x07, 0x05,
  0x01, 0xe0, 0x67, 0x70, 0x65, 0x56, 0x65, 0x29, 0x03, 0x03, 0x17, 0x58,
  0x3d, 0x5f, 0x6a, 0x07, 0x05, 0x4b, 0x05, 0x07, 0x01, 0x3b, 0x36, 0x36,
  0x3b, 0x02, 0x07, 0x05, 0x43, 0x05, 0x07, 0x2f, 0x2b, 0x2f, 0x35, 0x33,
  0x2f, 0xfe, 0x0d, 0x05, 0x07, 0x01, 0x00, 0x00, 0x00, 0x01, 0x00, 0x11,
  0x00, 0x00, 0x01, 0x04, 0x02, 0x7e, 0x00, 0x33, 0x00, 0x3f, 0x40, 0x3c,
  0x2c, 0x24, 0x23, 0x03, 0x04, 0x05, 0x33, 0x1d, 0x02, 0x00, 0x04, 0x16,
  0x05, 0x02, 0x01, 0x00, 0x0e, 0x01, 0x02, 0x01, 0x04, 0x4c, 0x00, 0x05,
  0x04, 0x05, 0x85, 0x03, 0x01, 0x00, 0x00, 0x04, 0x61, 0x06, 0x01, 0x04,
  0x04, 0x3f, 0x4d, 0x00, 0x01, 0x01, 0x02, 0x62, 0x00, 0x02, 0x02, 0x3d,
  0x02, 0x4e, 0x16, 0x25, 0x26, 0x15, 0x35, 0x35, 0x21, 0x07, 0x0a, 0x1d,
  0x2b, 0x00, 0x06, 0x23, 0x23, 0x22, 0x15, 0x11, 0x14, 0x16, 0x37, 0x33,
  0x32, 0x16, 0x15, 0x15, 0x14, 0x06, 0x23, 0x23, 0x22, 0x26, 0x35, 0x11,
  0x34, 0x23, 0x23, 0x22, 0x26, 0x35, 0x35, 0x34, 0x36, 0x33, 0x33, 0x32,
  0x35, 0x35, 0x34, 0x36, 0x33, 0x33, 0x32, 0x16, 0x15, 0x15, 0x14, 0x33,
  0x33, 0x32, 0x16, 0x15, 0x15, 0x01, 0x04, 0x07, 0x05, 0x3e, 0x05, 0x1a,
  0x1a, 0x07, 0x05, 0x07, 0x07, 0x05, 0x22, 0x44, 0x45, 0x05, 0x23, 0x05,
  0x07, 0x07, 0x05, 0x23, 0x05, 0x07, 0x05, 0x58, 0x05, 0x07, 0x05, 0x3e,
  0x05, 0x07, 0x01, 0xb4, 0x07, 0x05, 0xfe, 0xfa, 0x23, 0x1b, 0x01, 0x07,
  0x05, 0x4d, 0x05, 0x07, 0x32, 0x45, 0x01, 0x31, 0x05, 0x07, 0x05, 0x3a,
  0x05, 0x07, 0x05, 0x6e, 0x05, 0x07, 0x07, 0x05, 0x6e, 0x05, 0x07, 0x05,
  0x3a, 0x00, 0x00, 0x00, 0x00, 0x01, 0x00, 0x11, 0x00, 0x00, 0x01, 0x05,
  0x02, 0x7e, 0x00, 0x4f, 0x00, 0x5b, 0x40, 0x58, 0x3a, 0x32, 0x31, 0x03,
  0x06, 0x07, 0x41, 0x2b, 0x02, 0x05, 0x06, 0x48, 0x47, 0x24, 0x23, 0x04,
  0x04, 0x05, 0x4f, 0x1d, 0x02, 0x00, 0x04, 0x16, 0x05, 0x02, 0x01, 0x00,
  0x0e, 0x01, 0x02, 0x01, 0x06, 0x4c, 0x00, 0x07, 0x06, 0x07, 0x85, 0x0a,
  0x01, 0x04, 0x03, 0x01, 0x00, 0x01, 0x04, 0x00, 0x69, 0x09, 0x01, 0x05,
  0x05, 0x06, 0x61, 0x08, 0x01, 0x06, 0x06, 0x3f, 0x4d, 0x00, 0x01, 0x01,
  0x02, 0x62, 0x00, 0x02, 0x02, 0x3d, 0x02, 0x4e, 0x4b, 0x4a, 0x45, 0x43,
  0x16, 0x25, 0x26, 0x15, 0x26, 0x15, 0x35, 0x35, 0x21, 0x0b, 0x0a, 0x1f,
  0x2b, 0x00, 0x06, 0x23, 0x23, 0x22, 0x15, 0x15, 0x14, 0x16, 0x37, 0x33,
  0x32, 0x16, 0x15, 0x15, 0x14, 0x06, 0x23, 0x23, 0x22, 0x26, 0x35, 0x35,
  0x34, 0x23, 0x23, 0x22, 0x26, 0x35, 0x35, 0x34, 0x36, 0x33, 0x33, 0x32,
  0x35, 0x35, 0x34, 0x23, 0x23, 0x22, 0x26, 0x35, 0x35, 0x34, 0x36, 0x33,
  0x33, 0x32, 0x35, 0x35, 0x34, 0x36, 0x33, 0x33, 0x32, 0x16, 0x15, 0x15,
  0x14, 0x33, 0x33, 0x32, 0x16, 0x15, 0x15, 0x14, 0x06, 0x23, 0x23, 0x22,
  0x15, 0x15, 0x14, 0x33, 0x33, 0x32, 0x16, 0x15, 0x15, 0x01, 0x05, 0x07,
  0x05, 0x3f, 0x05, 0x1a, 0x1a, 0x07, 0x05, 0x07, 0x07, 0x05, 0x22, 0x44,
  0x45, 0x05, 0x21, 0x05, 0x07, 0x07, 0x05, 0x21, 0x05, 0x05, 0x23, 0x05,
  0x07, 0x07, 0x05, 0x23, 0x05, 0x07, 0x05, 0x58, 0x05, 0x07, 0x05, 0x3e,
  0x05, 0x07, 0x07, 0x05, 0x3e, 0x05, 0x05, 0x3f, 0x05, 0x07, 0x01, 0x1f,
  0x07, 0x05, 0x71, 0x23, 0x1b, 0x01, 0x07, 0x05, 0x4d, 0x05, 0x07, 0x32,
  0x45, 0x9c, 0x05, 0x07, 0x05, 0x30, 0x05, 0x07, 0x05, 0x43, 0x05, 0x07,
  0x05, 0x3a, 0x05, 0x07, 0x05, 0x6e, 0x05, 0x07, 0x07, 0x05, 0x6e, 0x05,
  0x07, 0x05, 0x3a, 0x05, 0x07, 0x05, 0x43, 0x05, 0x07, 0x05, 0x30, 0x00,
  0xff, 0xff, 0x00, 0x11, 0x00, 0x00, 0x01, 0x6a, 0x02, 0xbd, 0x00, 0x22,
  0x01, 0x34, 0x00, 0x00, 0x01, 0x07, 0x02, 0x94, 0x01, 0x76, 0x00, 0x01,
  0x00, 0x08, 0xb1, 0x01, 0x01, 0xb0, 0x01, 0xb0, 0x35, 0x2b, 0x00, 0x00,
  0x00, 0x01, 0x00, 0x2a, 0xff, 0xf9, 0x01, 0x89, 0x01, 0xff, 0x00, 0x26,
  0x00, 0x4b, 0x40, 0x0c, 0x26, 0x18, 0x02, 0x04, 0x00, 0x0f, 0x07, 0x02,
  0x01, 0x04, 0x02, 0x4c, 0x4b, 0xb0, 0x22, 0x50, 0x58, 0x40, 0x12, 0x03,
  0x01, 0x00, 0x00, 0x3f, 0x4d, 0x00, 0x04, 0x04, 0x01, 0x62, 0x02, 0x01,
  0x01, 0x01, 0x3d, 0x01, 0x4e, 0x1b, 0x40, 0x16, 0x03, 0x01, 0x00, 0x00,
  0x3f, 0x4d, 0x00, 0x01, 0x01, 0x3d, 0x4d, 0x00, 0x04, 0x04, 0x02, 0x62,
  0x00, 0x02, 0x02, 0x43, 0x02, 0x4e, 0x59, 0xb7, 0x25, 0x25, 0x28, 0x26,
  0x21, 0x05, 0x0a, 0x1b, 0x2b, 0x00, 0x36, 0x33, 0x33, 0x32, 0x16, 0x15,
  0x11, 0x14, 0x06, 0x23, 0x23, 0x22, 0x26, 0x35, 0x35, 0x34, 0x26, 0x07,
  0x06, 0x23, 0x22, 0x26, 0x35, 0x11, 0x34, 0x36, 0x33, 0x33, 0x32, 0x16,
  0x15, 0x11, 0x14, 0x33, 0x32, 0x36, 0x35, 0x11, 0x01, 0x15, 0x07, 0x05,
  0x5c, 0x05, 0x07, 0x07, 0x05, 0x5c, 0x05, 0x07, 0x04, 0x02, 0x1d, 0x40,
  0x3d, 0x4b, 0x07, 0x05, 0x5c, 0x05, 0x07, 0x3a, 0x1d, 0x20, 0x01, 0xf8,
  0x07, 0x07, 0x05, 0xfe, 0x19, 0x05, 0x07, 0x07, 0x05, 0x16, 0x03, 0x02,
  0x03, 0x2b, 0x49, 0x4c, 0x01, 0x65, 0x05, 0x07, 0x07, 0x05, 0xfe, 0xb4,
  0x4b, 0x2b, 0x25, 0x01, 0x47, 0x00, 0x00, 0x00, 0xff, 0xff, 0x00, 0x2a,
  0xff, 0xf9, 0x01, 0x89, 0x02, 0xbc, 0x00, 0x22, 0x01, 0x37, 0x00, 0x00,
  0x00, 0x03, 0x02, 0x8a, 0x01, 0x4b, 0x00, 0x00, 0xff, 0xff, 0x00, 0x2a,
  0xff, 0xf9, 0x01, 0x89, 0x02, 0xac, 0x00, 0x22, 0x01, 0x37, 0x00, 0x00,
  0x00, 0x03, 0x02, 0x8e, 0x01, 0x5c, 0x00, 0x00, 0xff, 0xff, 0x00, 0x2a,
  0xff, 0xf9, 0x01, 0x89, 0x02, 0xbb, 0x00, 0x22, 0x01, 0x37, 0x00, 0x00,
  0x01, 0x07, 0x02, 0x8d, 0x01, 0x76, 0xff, 0xff, 0x00, 0x09, 0xb1, 0x01,
  0x01, 0xb8, 0xff, 0xff, 0xb0, 0x35, 0x2b, 0x00, 0xff, 0xff, 0x00, 0x2a,
  0xff, 0xf9, 0x01, 0x89, 0x02, 0xbc, 0x00, 0x22, 0x01, 0x37, 0x00, 0x00,
  0x00, 0x03, 0x02, 0x8c, 0x01, 0x73, 0x00, 0x00, 0xff, 0xff, 0x00, 0x2a,
  0xff, 0xf9, 0x01, 0x89, 0x02, 0xd3, 0x00, 0x22, 0x01, 0x37, 0x00, 0x00,
  0x00, 0x03, 0x02, 0x87, 0x01, 0x75, 0x00, 0x00, 0xff, 0xff, 0x00, 0x2a,
  0xff, 0x21, 0x01, 0x89, 0x01, 0xff, 0x00, 0x22, 0x01, 0x37, 0x00, 0x00,
  0x00, 0x03, 0x02, 0x96, 0x01, 0x25, 0x00, 0x00, 0xff, 0xff, 0x00, 0x2a,
  0xff, 0xf9, 0x01, 0x89, 0x02, 0xbc, 0x00, 0x22, 0x01, 0x37, 0x00, 0x00,
  0x00, 0x03, 0x02, 0x89, 0x01, 0x09, 0x00, 0x00, 0xff, 0xff, 0x00, 0x2a,
  0xff, 0xf9, 0x01, 0x89, 0x02, 0xea, 0x00, 0x22, 0x01, 0x37, 0x00, 0x00,
  0x00, 0x03, 0x02, 0x92, 0x02, 0x11, 0x00, 0x00, 0x00, 0x01, 0x00, 0x2a,
  0xff, 0xf9, 0x01, 0xd5, 0x02, 0x52, 0x00, 0x30, 0x00, 0x63, 0x40, 0x11,
  0x2d, 0x01, 0x02, 0x05, 0x26, 0x18, 0x06, 0x03, 0x03, 0x02, 0x0f, 0x07,
  0x02, 0x00, 0x03, 0x03, 0x4c, 0x4b, 0xb0, 0x22, 0x50, 0x58, 0x40, 0x18,
  0x06, 0x01, 0x05, 0x02, 0x05, 0x85, 0x04, 0x01, 0x02, 0x02, 0x3f, 0x4d,
  0x00, 0x03, 0x03, 0x00, 0x62, 0x01, 0x01, 0x00, 0x00, 0x3d, 0x00, 0x4e,
  0x1b, 0x40, 0x1c, 0x06, 0x01, 0x05, 0x02, 0x05, 0x85, 0x04, 0x01, 0x02,
  0x02, 0x3f, 0x4d, 0x00, 0x00, 0x00, 0x3d, 0x4d, 0x00, 0x03, 0x03, 0x01,
  0x62, 0x00, 0x01, 0x01, 0x43, 0x01, 0x4e, 0x59, 0x40, 0x0e, 0x00, 0x00,
  0x00, 0x30, 0x00, 0x2e, 0x35, 0x25, 0x25, 0x28, 0x29, 0x07, 0x0a, 0x1b,
  0x2b, 0x00, 0x15, 0x06, 0x06, 0x07, 0x06, 0x15, 0x11, 0x14, 0x06, 0x23,
  0x23, 0x22, 0x26, 0x35, 0x35, 0x34, 0x26, 0x07, 0x06, 0x23, 0x22, 0x26,
  0x35, 0x11, 0x34, 0x36, 0x33, 0x33, 0x32, 0x16, 0x15, 0x11, 0x14, 0x33,
  0x32, 0x36, 0x35, 0x11, 0x34, 0x36, 0x33, 0x33, 0x32, 0x36, 0x37, 0x34,
  0x33, 0x33, 0x01, 0xd5, 0x03, 0x26, 0x1f, 0x04, 0x07, 0x05, 0x5c, 0x05,
  0x07, 0x04, 0x02, 0x1d, 0x40, 0x3d, 0x4b, 0x07, 0x05, 0x5c, 0x05, 0x07,
  0x3a, 0x1d, 0x20, 0x07, 0x05, 0x36, 0x17, 0x25, 0x03, 0x0c, 0x27, 0x02,
  0x52, 0x0c, 0x2c, 0x39, 0x0c, 0x03, 0x03, 0xfe, 0x3d, 0x05, 0x07, 0x07,
  0x05, 0x16, 0x03, 0x02, 0x03, 0x2b, 0x49, 0x4c, 0x01, 0x65, 0x05, 0x07,
  0x07, 0x05, 0xfe, 0xb4, 0x4b, 0x2b, 0x25, 0x01, 0x47, 0x05, 0x07, 0x22,
  0x25, 0x0c, 0x00, 0x00, 0xff, 0xff, 0x00, 0x2a, 0xff, 0xf9, 0x01, 0xd5,
  0x02, 0xbc, 0x00, 0x22, 0x01, 0x40, 0x00, 0x00, 0x00, 0x03, 0x02, 0x8a,
  0x01, 0x4b, 0x00, 0x00, 0xff, 0xff, 0x00, 0x2a, 0xff, 0x21, 0x01, 0xd5,
  0x02, 0x52, 0x00, 0x22, 0x01, 0x40, 0x00, 0x00, 0x00, 0x03, 0x02, 0x96,
  0x01, 0x25, 0x00, 0x00, 0xff, 0xff, 0x00, 0x2a, 0xff, 0xf9, 0x01, 0xd5,
  0x02, 0xbc, 0x00, 0x22, 0x01, 0x40, 0x00, 0x00, 0x00, 0x03, 0x02, 0x89,
  0x01, 0x09, 0x00, 0x00, 0xff, 0xff, 0x00, 0x2a, 0xff, 0xf9, 0x01, 0xd5,
  0x02, 0xea, 0x00, 0x22, 0x01, 0x40, 0x00, 0x00, 0x00, 0x03, 0x02, 0x92,
  0x02, 0x11, 0x00, 0x00, 0xff, 0xff, 0x00, 0x2a, 0xff, 0xf9, 0x01, 0xd5,
  0x02, 0xc3, 0x00, 0x22, 0x01, 0x40, 0x00, 0x00, 0x00, 0x03, 0x02, 0x90,
  0x01, 0x77, 0x00, 0x00, 0xff, 0xff, 0x00, 0x2a, 0xff, 0xf9, 0x01, 0x93,
  0x02, 0xbc, 0x00, 0x22, 0x01, 0x37, 0x00, 0x00, 0x00, 0x03, 0x02, 0x8b,
  0x01, 0xa8, 0x00, 0x00, 0xff, 0xff, 0x00, 0x2a, 0xff, 0xf9, 0x01, 0x89,
  0x02, 0x9a, 0x00, 0x22, 0x01, 0x37, 0x00, 0x00, 0x00, 0x02, 0x02, 0xa7,
  0x13, 0x00, 0x00, 0x00, 0x00, 0x03, 0x00, 0x26, 0xff, 0x32, 0x01, 0x87,
  0x02, 0xb3, 0x00, 0x0d, 0x00, 0x36, 0x00, 0x44, 0x00, 0xba, 0x40, 0x0a,
  0x32, 0x01, 0x07, 0x02, 0x24, 0x01, 0x05, 0x08, 0x02, 0x4c, 0x4b, 0xb0,
  0x1e, 0x50, 0x58, 0x40, 0x2b, 0x00, 0x00, 0x00, 0x01, 0x61, 0x00, 0x01,
  0x01, 0x3c, 0x4d, 0x00, 0x07, 0x07, 0x02, 0x61, 0x06, 0x01, 0x02, 0x02,
  0x3f, 0x4d, 0x09, 0x01, 0x08, 0x08, 0x05, 0x61, 0x00, 0x05, 0x05, 0x3d,
  0x4d, 0x00, 0x04, 0x04, 0x03, 0x62, 0x00, 0x03, 0x03, 0x47, 0x03, 0x4e,
  0x1b, 0x4b, 0xb0, 0x2e, 0x50, 0x58, 0x40, 0x2f, 0x00, 0x00, 0x00, 0x01,
  0x61, 0x00, 0x01, 0x01, 0x3c, 0x4d, 0x00, 0x02, 0x02, 0x3f, 0x4d, 0x00,
  0x07, 0x07, 0x06, 0x61, 0x00, 0x06, 0x06, 0x45, 0x4d, 0x09, 0x01, 0x08,
  0x08, 0x05, 0x61, 0x00, 0x05, 0x05, 0x3d, 0x4d, 0x00, 0x04, 0x04, 0x03,
  0x62, 0x00, 0x03, 0x03, 0x47, 0x03, 0x4e, 0x1b, 0x40, 0x2c, 0x00, 0x04,
  0x00, 0x03, 0x04, 0x03, 0x66, 0x00, 0x00, 0x00, 0x01, 0x61, 0x00, 0x01,
  0x01, 0x3c, 0x4d, 0x00, 0x02, 0x02, 0x3f, 0x4d, 0x00, 0x07, 0x07, 0x06,
  0x61, 0x00, 0x06, 0x06, 0x45, 0x4d, 0x09, 0x01, 0x08, 0x08, 0x05, 0x61,
  0x00, 0x05, 0x05, 0x3d, 0x05, 0x4e, 0x59, 0x59, 0x40, 0x11, 0x37, 0x37,
  0x37, 0x44, 0x37, 0x43, 0x2b, 0x25, 0x28, 0x16, 0x26, 0x22, 0x25, 0x24,
  0x0a, 0x0a, 0x1e, 0x2b, 0x00, 0x16, 0x07, 0x07, 0x06, 0x23, 0x23, 0x22,
  0x26, 0x37, 0x37, 0x36, 0x33, 0x33, 0x06, 0x36, 0x33, 0x33, 0x32, 0x16,
  0x15, 0x11, 0x14, 0x06, 0x23, 0x22, 0x27, 0x26, 0x35, 0x35, 0x34, 0x17,
  0x16, 0x36, 0x36, 0x35, 0x35, 0x34, 0x26, 0x07, 0x06, 0x23, 0x22, 0x26,
  0x35, 0x35, 0x34, 0x36, 0x33, 0x32, 0x17, 0x16, 0x36, 0x35, 0x35, 0x02,
  0x36, 0x35, 0x35, 0x34, 0x26, 0x23, 0x22, 0x06, 0x15, 0x15, 0x14, 0x16,
  0x33, 0x01, 0x20, 0x06, 0x04, 0x3b, 0x05, 0x0a, 0x48, 0x08, 0x04, 0x04,
  0x4a, 0x05, 0x09, 0x39, 0x06, 0x07, 0x05, 0x5c, 0x05, 0x07, 0x62, 0x7e,
  0x16, 0x0b, 0x0c, 0x0d, 0x39, 0x3d, 0x16, 0x04, 0x02, 0x21, 0x3d, 0x43,
  0x46, 0x47, 0x42, 0x3d, 0x21, 0x02, 0x04, 0x21, 0x21, 0x21, 0x1b, 0x1b,
  0x22, 0x22, 0x1b, 0x02, 0xb3, 0x08, 0x06, 0x68, 0x08, 0x09, 0x06, 0x68,
  0x07, 0xbb, 0x07, 0x07, 0x05, 0xfe, 0x20, 0x6c, 0x75, 0x01, 0x01, 0x0c,
  0x4d, 0x0d, 0x02, 0x01, 0x1e, 0x3a, 0x2f, 0x0b, 0x03, 0x01, 0x03, 0x2b,
  0x57, 0x4b, 0xc4, 0x4d, 0x55, 0x2b, 0x03, 0x01, 0x03, 0x16, 0xfe, 0x70,
  0x27, 0x1f, 0xb3, 0x20, 0x27, 0x28, 0x1f, 0xb3, 0x1f, 0x27, 0x00, 0x00,
  0xff, 0xff, 0x00, 0x2e, 0xff, 0x4d, 0x01, 0x9a, 0x02, 0xbc, 0x00, 0x22,
  0x01, 0x01, 0x00, 0x00, 0x00, 0x03, 0x02, 0x97, 0x01, 0x57, 0x00, 0x00,
  0xff, 0xff, 0x00, 0x2e, 0xff, 0x4d, 0x01, 0x8d, 0x02, 0x07, 0x00, 0x22,
  0x01, 0x0a, 0x00, 0x00, 0x00, 0x03, 0x02, 0x97, 0x01, 0x57, 0x00, 0x00,
  0xff, 0xff, 0xff, 0xe8, 0xff, 0x4d, 0x01, 0x31, 0x02, 0x05, 0x00, 0x22,
  0x01, 0x2b, 0x00, 0x00, 0x00, 0x03, 0x02, 0x97, 0x00, 0xac, 0x00, 0x00,
  0x00, 0x01, 0x00, 0x11, 0xff, 0x56, 0x01, 0x04, 0x02, 0x7e, 0x00, 0x4a,
  0x00, 0x77, 0x40, 0x16, 0x43, 0x3b, 0x3a, 0x03, 0x05, 0x06, 0x4a, 0x34,
  0x02, 0x00, 0x05, 0x2d, 0x05, 0x02, 0x01, 0x00, 0x0e, 0x01, 0x02, 0x01,
  0x04, 0x4c, 0x4b, 0xb0, 0x1a, 0x50, 0x58, 0x40, 0x21, 0x00, 0x06, 0x05,
  0x06, 0x85, 0x04, 0x01, 0x00, 0x00, 0x05, 0x61, 0x07, 0x01, 0x05, 0x05,
  0x3f, 0x4d, 0x00, 0x01, 0x01, 0x02, 0x61, 0x00, 0x02, 0x02, 0x3d, 0x4d,
  0x00, 0x03, 0x03, 0x41, 0x03, 0x4e, 0x1b, 0x40, 0x21, 0x00, 0x06, 0x05,
  0x06, 0x85, 0x00, 0x03, 0x02, 0x03, 0x86, 0x04, 0x01, 0x00, 0x00, 0x05,
  0x61, 0x07, 0x01, 0x05, 0x05, 0x3f, 0x4d, 0x00, 0x01, 0x01, 0x02, 0x61,
  0x00, 0x02, 0x02, 0x3d, 0x02, 0x4e, 0x59, 0x40, 0x0f, 0x46, 0x45, 0x3f,
  0x3d, 0x38, 0x36, 0x30, 0x2f, 0x29, 0x25, 0x35, 0x21, 0x08, 0x0a, 0x1a,
  0x2b, 0x00, 0x06, 0x23, 0x23, 0x22, 0x15, 0x11, 0x14, 0x16, 0x37, 0x33,
  0x32, 0x16, 0x15, 0x15, 0x14, 0x06, 0x23, 0x23, 0x22, 0x06, 0x17, 0x16,
  0x15, 0x14, 0x07, 0x06, 0x06, 0x23, 0x22, 0x27, 0x26, 0x37, 0x37, 0x36,
  0x17, 0x16, 0x36, 0x35, 0x34, 0x27, 0x27, 0x26, 0x26, 0x35, 0x11, 0x34,
  0x23, 0x23, 0x22, 0x26, 0x35, 0x35, 0x34, 0x36, 0x33, 0x33, 0x32, 0x35,
  0x35, 0x34, 0x36, 0x33, 0x33, 0x32, 0x16, 0x15, 0x15, 0x14, 0x33, 0x33,
  0x32, 0x16, 0x15, 0x15, 0x01, 0x04, 0x07, 0x05, 0x3e, 0x05, 0x1a, 0x1a,
  0x07, 0x05, 0x07, 0x07, 0x05, 0x10, 0x03, 0x02, 0x02, 0x1d, 0x03, 0x07,
  0x2e, 0x1e, 0x13, 0x16, 0x0a, 0x01, 0x05, 0x02, 0x0c, 0x11, 0x17, 0x2b,
  0x05, 0x1b, 0x1d, 0x05, 0x23, 0x05, 0x07, 0x07, 0x05, 0x23, 0x05, 0x07,
  0x05, 0x58, 0x05, 0x07, 0x05, 0x3e, 0x05, 0x07, 0x01, 0xb4, 0x07, 0x05,
  0xfe, 0xfa, 0x23, 0x1b, 0x01, 0x07, 0x05, 0x4d, 0x05, 0x07, 0x04, 0x02,
  0x26, 0x29, 0x0c, 0x0c, 0x21, 0x1c, 0x06, 0x03, 0x0b, 0x24, 0x0c, 0x03,
  0x03, 0x13, 0x16, 0x24, 0x28, 0x03, 0x0d, 0x33, 0x2b, 0x01, 0x31, 0x05,
  0x07, 0x05, 0x3a, 0x05, 0x07, 0x05, 0x6e, 0x05, 0x07, 0x07, 0x05, 0x6e,
  0x05, 0x07, 0x05, 0x3a, 0xff, 0xff, 0x00, 0x1e, 0xff, 0x47, 0x01, 0x79,
  0x02, 0x05, 0x00, 0x22, 0x01, 0x2e, 0x00, 0x00, 0x01, 0x07, 0x02, 0x97,
  0x01, 0x45, 0xff, 0xfa, 0x00, 0x09, 0xb1, 0x01, 0x01, 0xb8, 0xff, 0xfa,
  0xb0, 0x35, 0x2b, 0x00, 0xff, 0xff, 0x00, 0x11, 0xff, 0x54, 0x01, 0x04,
  0x02, 0x7e, 0x00, 0x22, 0x01, 0x34, 0x00, 0x00, 0x01, 0x07, 0x02, 0x97,
  0x01, 0x1f, 0x00, 0x07, 0x00, 0x08, 0xb1, 0x01, 0x01, 0xb0, 0x07, 0xb0,
  0x35, 0x2b, 0x00, 0x00, 0x00, 0x01, 0x00, 0x2a, 0xff, 0x43, 0x01, 0x8e,
  0x01, 0xff, 0x00, 0x3d, 0x00, 0x75, 0x40, 0x14, 0x2c, 0x1e, 0x02, 0x04,
  0x03, 0x15, 0x0d, 0x02, 0x02, 0x04, 0x38, 0x01, 0x00, 0x02, 0x03, 0x01,
  0x01, 0x00, 0x04, 0x4c, 0x4b, 0xb0, 0x2e, 0x50, 0x58, 0x40, 0x1f, 0x06,
  0x01, 0x00, 0x02, 0x01, 0x02, 0x00, 0x01, 0x80, 0x05, 0x01, 0x03, 0x03,
  0x3f, 0x4d, 0x00, 0x04, 0x04, 0x02, 0x62, 0x00, 0x02, 0x02, 0x43, 0x4d,
  0x00, 0x01, 0x01, 0x41, 0x01, 0x4e, 0x1b, 0x40, 0x1f, 0x06, 0x01, 0x00,
  0x02, 0x01, 0x02, 0x00, 0x01, 0x80, 0x00, 0x04, 0x04, 0x02, 0x62, 0x00,
  0x02, 0x02, 0x43, 0x4d, 0x00, 0x01, 0x01, 0x03, 0x5f, 0x05, 0x01, 0x03,
  0x03, 0x3f, 0x01, 0x4e, 0x59, 0x40, 0x13, 0x01, 0x00, 0x30, 0x2e, 0x29,
  0x27, 0x22, 0x20, 0x1b, 0x19, 0x09, 0x07, 0x00, 0x3d, 0x01, 0x3d, 0x07,
  0x0a, 0x16, 0x2b, 0x05, 0x32, 0x17, 0x17, 0x15, 0x14, 0x07, 0x06, 0x23,
  0x22, 0x26, 0x35, 0x34, 0x37, 0x36, 0x26, 0x23, 0x23, 0x22, 0x26, 0x35,
  0x35, 0x34, 0x26, 0x07, 0x06, 0x23, 0x22, 0x26, 0x35, 0x11, 0x34, 0x36,
  0x33, 0x33, 0x32, 0x16, 0x15, 0x11, 0x14, 0x33, 0x32, 0x36, 0x35, 0x11,
  0x34, 0x36, 0x33, 0x33, 0x32, 0x16, 0x15, 0x11, 0x14, 0x07, 0x06, 0x15,
  0x14, 0x17, 0x16, 0x16, 0x37, 0x01, 0x7e, 0x0a, 0x01, 0x05, 0x09, 0x16,
  0x13, 0x23, 0x32, 0x2c, 0x03, 0x02, 0x03, 0x10, 0x05, 0x07, 0x04, 0x02,
  0x1d, 0x40, 0x3d, 0x4b, 0x07, 0x05, 0x5c, 0x05, 0x07, 0x3a, 0x1d, 0x20,
  0x07, 0x05, 0x5c, 0x05, 0x07, 0x07, 0x2f, 0x01, 0x03, 0x15, 0x0f, 0x7c,
  0x0a, 0x23, 0x03, 0x08, 0x03, 0x06, 0x27, 0x2e, 0x35, 0x2d, 0x02, 0x04,
  0x07, 0x05, 0x16, 0x03, 0x02, 0x03, 0x2b, 0x49, 0x4c, 0x01, 0x65, 0x05,
  0x07, 0x07, 0x05, 0xfe, 0xb4, 0x4b, 0x2b, 0x25, 0x01, 0x47, 0x05, 0x07,
  0x07, 0x05, 0xfe, 0x16, 0x09, 0x06, 0x2c, 0x24, 0x07, 0x03, 0x11, 0x0d,
  0x02, 0x00, 0x00, 0x00, 0xff, 0xff, 0x00, 0x2a, 0xff, 0xf9, 0x01, 0x89,
  0x03, 0x25, 0x00, 0x22, 0x01, 0x37, 0x00, 0x00, 0x00, 0x03, 0x02, 0x8f,
  0x01, 0x40, 0x00, 0x00, 0xff, 0xff, 0x00, 0x2a, 0xff, 0xf9, 0x01, 0x89,
  0x02, 0xc3, 0x00, 0x22, 0x01, 0x37, 0x00, 0x00, 0x00, 0x03, 0x02, 0x90,
  0x01, 0x77, 0x00, 0x00, 0x00, 0x01, 0x00, 0x13, 0x00, 0x00, 0x01, 0x8f,
  0x02, 0x00, 0x00, 0x16, 0x00, 0x22, 0x40, 0x1f, 0x09, 0x02, 0x02, 0x02,
  0x00, 0x01, 0x4c, 0x01, 0x01, 0x00, 0x00, 0x3f, 0x4d, 0x03, 0x01, 0x02,
  0x02, 0x3d, 0x02, 0x4e, 0x00, 0x00, 0x00, 0x16, 0x00, 0x14, 0x37, 0x34,
  0x04, 0x0a, 0x18, 0x2b, 0x32, 0x27, 0x03, 0x35, 0x34, 0x33, 0x33, 0x32,
  0x17, 0x13, 0x16, 0x32, 0x37, 0x13, 0x36, 0x33, 0x17, 0x32, 0x07, 0x03,
  0x06, 0x23, 0x23, 0x90, 0x03, 0x7a, 0x0b, 0x66, 0x0c, 0x01, 0x3c, 0x01,
  0x04, 0x01, 0x3b, 0x01, 0x0c, 0x66, 0x0e, 0x03, 0x79, 0x03, 0x0b, 0x6a,
  0x0a, 0x01, 0xe9, 0x04, 0x09, 0x0b, 0xfe, 0xc9, 0x03, 0x03, 0x01, 0x37,
  0x0b, 0x02, 0x0d, 0xfe, 0x19, 0x0a, 0x00, 0x00, 0x00, 0x01, 0x00, 0x13,
  0x00, 0x00, 0x02, 0x40, 0x02, 0x00, 0x00, 0x2a, 0x00, 0x28, 0x40, 0x25,
  0x23, 0x13, 0x09, 0x02, 0x04, 0x03, 0x00, 0x01, 0x4c, 0x02, 0x01, 0x02,
  0x00, 0x00, 0x3f, 0x4d, 0x05, 0x04, 0x02, 0x03, 0x03, 0x3d, 0x03, 0x4e,
  0x00, 0x00, 0x00, 0x2a, 0x00, 0x28, 0x33, 0x37, 0x37, 0x34, 0x06, 0x0a,
  0x1a, 0x2b, 0x32, 0x27, 0x03, 0x35, 0x34, 0x33, 0x33, 0x32, 0x17, 0x13,
  0x16, 0x32, 0x37, 0x13, 0x36, 0x33, 0x33, 0x32, 0x17, 0x13, 0x16, 0x32,
  0x37, 0x13, 0x36, 0x33, 0x17, 0x32, 0x07, 0x03, 0x06, 0x23, 0x23, 0x22,
  0x27, 0x03, 0x26, 0x22, 0x07, 0x03, 0x06, 0x23, 0x23, 0x80, 0x02, 0x6b,
  0x0b, 0x58, 0x0c, 0x01, 0x34, 0x01, 0x04, 0x01, 0x37, 0x01, 0x0c, 0x4e,
  0x0c, 0x01, 0x38, 0x01, 0x04, 0x01, 0x35, 0x01, 0x0c, 0x57, 0x0d, 0x03,
  0x6b, 0x02, 0x0b, 0x5a, 0x0c, 0x01, 0x35, 0x01, 0x04, 0x01, 0x34, 0x01,
  0x0c, 0x57, 0x0b, 0x01, 0xe8, 0x04, 0x09, 0x0b, 0xfe, 0xc9, 0x03, 0x03,
  0x01, 0x37, 0x0b, 0x0b, 0xfe, 0xc8, 0x03, 0x03, 0x01, 0x38, 0x0b, 0x02,
  0x0d, 0xfe, 0x1a, 0x0b, 0x0b, 0x01, 0x24, 0x03, 0x03, 0xfe, 0xdc, 0x0b,
  0xff, 0xff, 0x00, 0x13, 0x00, 0x00, 0x02, 0x40, 0x02, 0xbc, 0x00, 0x22,
  0x01, 0x53, 0x00, 0x00, 0x00, 0x03, 0x02, 0x8a, 0x01, 0x9a, 0x00, 0x00,
  0xff, 0xff, 0x00, 0x13, 0x00, 0x00, 0x02, 0x40, 0x02, 0xbc, 0x00, 0x22,
  0x01, 0x53, 0x00, 0x00, 0x00, 0x03, 0x02, 0x8c, 0x01, 0xc2, 0x00, 0x00,
  0xff, 0xff, 0x00, 0x13, 0x00, 0x00, 0x02, 0x40, 0x02, 0xd3, 0x00, 0x22,
  0x01, 0x53, 0x00, 0x00, 0x00, 0x03, 0x02, 0x87, 0x01, 0xc3, 0x00, 0x00,
  0xff, 0xff, 0x00, 0x13, 0x00, 0x00, 0x02, 0x40, 0x02, 0xbc, 0x00, 0x22,
  0x01, 0x53, 0x00, 0x00, 0x00, 0x03, 0x02, 0x89, 0x01, 0x58, 0x00, 0x00,
  0x00, 0x01, 0x00, 0x11, 0x00, 0x00, 0x01, 0x90, 0x01, 0xff, 0x00, 0x29,
  0x00, 0x1e, 0x40, 0x1b, 0x18, 0x03, 0x02, 0x02, 0x00, 0x01, 0x4c, 0x01,
  0x01, 0x00, 0x00, 0x3f, 0x4d, 0x03, 0x01, 0x02, 0x02, 0x3d, 0x02, 0x4e,
  0x26, 0x3a, 0x26, 0x39, 0x04, 0x0a, 0x1a, 0x2b, 0x32, 0x26, 0x37, 0x37,
  0x36, 0x27, 0x27, 0x26, 0x35, 0x34, 0x33, 0x33, 0x32, 0x17, 0x17, 0x16,
  0x37, 0x37, 0x36, 0x33, 0x33, 0x32, 0x16, 0x07, 0x07, 0x06, 0x17, 0x17,
  0x16, 0x15, 0x14, 0x23, 0x23, 0x22, 0x27, 0x27, 0x26, 0x07, 0x07, 0x06,
  0x23, 0x23, 0x16, 0x05, 0x03, 0x74, 0x01, 0x01, 0x74, 0x02, 0x0b, 0x64,
  0x0a, 0x04, 0x3e, 0x03, 0x03, 0x3f, 0x04, 0x0a, 0x64, 0x07, 0x05, 0x03,
  0x74, 0x01, 0x01, 0x74, 0x02, 0x0b, 0x64, 0x0a, 0x04, 0x3f, 0x03, 0x03,
  0x3e, 0x04, 0x0a, 0x64, 0x07, 0x07, 0xef, 0x03, 0x03, 0xee, 0x04, 0x02,
  0x08, 0x09, 0x88, 0x06, 0x06, 0x88, 0x09, 0x07, 0x07, 0xee, 0x03, 0x03,
  0xef, 0x04, 0x02, 0x08, 0x09, 0x8b, 0x06, 0x07, 0x8a, 0x09, 0x00, 0x00,
  0x00, 0x01, 0x00, 0x10, 0xff, 0x39, 0x01, 0x86, 0x02, 0x00, 0x00, 0x22,
  0x00, 0x41, 0x40, 0x0c, 0x13, 0x0c, 0x0a, 0x03, 0x00, 0x01, 0x03, 0x01,
  0x03, 0x00, 0x02, 0x4c, 0x4b, 0xb0, 0x2e, 0x50, 0x58, 0x40, 0x11, 0x02,
  0x01, 0x01, 0x01, 0x3f, 0x4d, 0x00, 0x00, 0x00, 0x03, 0x62, 0x00, 0x03,
  0x03, 0x47, 0x03, 0x4e, 0x1b, 0x40, 0x0e, 0x00, 0x00, 0x00, 0x03, 0x00,
  0x03, 0x66, 0x02, 0x01, 0x01, 0x01, 0x3f, 0x01, 0x4e, 0x59, 0xb6, 0x15,
  0x37, 0x37, 0x25, 0x04, 0x0a, 0x1a, 0x2b, 0x16, 0x26, 0x35, 0x35, 0x34,
  0x36, 0x33, 0x3e, 0x02, 0x37, 0x27, 0x03, 0x35, 0x34, 0x33, 0x33, 0x32,
  0x17, 0x13, 0x16, 0x32, 0x37, 0x13, 0x36, 0x33, 0x17, 0x32, 0x07, 0x03,
  0x0e, 0x02, 0x23, 0x23, 0x26, 0x04, 0x06, 0x04, 0x21, 0x26, 0x17, 0x05,
  0x01, 0x7e, 0x0b, 0x62, 0x0c, 0x01, 0x3d, 0x01, 0x04, 0x01, 0x3b, 0x01,
  0x0c, 0x63, 0x0e, 0x03, 0x86, 0x13, 0x2a, 0x4c, 0x47, 0x05, 0xc7, 0x07,
  0x05, 0x48, 0x05, 0x07, 0x01, 0x0f, 0x2b, 0x29, 0x06, 0x01, 0xf0, 0x04,
  0x09, 0x0b, 0xfe, 0xb5, 0x03, 0x03, 0x01, 0x4b, 0x0b, 0x02, 0x0d, 0xfd,
  0xf3, 0x47, 0x46, 0x1e, 0xff, 0xff, 0x00, 0x10, 0xff, 0x39, 0x01, 0x86,
  0x02, 0xbc, 0x00, 0x22, 0x01, 0x59, 0x00, 0x00, 0x00, 0x03, 0x02, 0x8a,
  0x01, 0x3c, 0x00, 0x00, 0xff, 0xff, 0x00, 0x10, 0xff, 0x39, 0x01, 0x86,
  0x02, 0xbc, 0x00, 0x22, 0x01, 0x59, 0x00, 0x00, 0x00, 0x03, 0x02, 0x8c,
  0x01, 0x64, 0x00, 0x00, 0xff, 0xff, 0x00, 0x10, 0xff, 0x39, 0x01, 0x86,
  0x02, 0xd3, 0x00, 0x22, 0x01, 0x59, 0x00, 0x00, 0x00, 0x03, 0x02, 0x87,
  0x01, 0x65, 0x00, 0x00, 0xff, 0xff, 0x00, 0x10, 0xff, 0x21, 0x01, 0x99,
  0x02, 0x00, 0x00, 0x22, 0x01, 0x59, 0x00, 0x00, 0x00, 0x03, 0x02, 0x96,
  0x01, 0xa3, 0x00, 0x00, 0xff, 0xff, 0x00, 0x10, 0xff, 0x39, 0x01, 0x86,
  0x02, 0xbc, 0x00, 0x22, 0x01, 0x59, 0x00, 0x00, 0x00, 0x03, 0x02, 0x89,
  0x00, 0xfa, 0x00, 0x00, 0xff, 0xff, 0x00, 0x10, 0xff, 0x39, 0x01, 0x86,
  0x02, 0xea, 0x00, 0x22, 0x01, 0x59, 0x00, 0x00, 0x00, 0x03, 0x02, 0x92,
  0x02, 0x02, 0x00, 0x00, 0xff, 0xff, 0x00, 0x10, 0xff, 0x39, 0x01, 0x86,
  0x02, 0xc3, 0x00, 0x22, 0x01, 0x59, 0x00, 0x00, 0x00, 0x03, 0x02, 0x90,
  0x01, 0x68, 0x00, 0x00, 0x00, 0x01, 0x00, 0x18, 0x00, 0x00, 0x01, 0x5a,
  0x01, 0xff, 0x00, 0x23, 0x00, 0x2b, 0x40, 0x28, 0x15, 0x0d, 0x02, 0x00,
  0x01, 0x1f, 0x03, 0x02, 0x03, 0x02, 0x02, 0x4c, 0x00, 0x00, 0x00, 0x01,
  0x5f, 0x00, 0x01, 0x01, 0x3f, 0x4d, 0x00, 0x02, 0x02, 0x03, 0x5f, 0x00,
  0x03, 0x03, 0x3d, 0x03, 0x4e, 0x26, 0x28, 0x26, 0x27, 0x04, 0x0a, 0x1a,
  0x2b, 0x32, 0x26, 0x35, 0x35, 0x34, 0x37, 0x13, 0x36, 0x23, 0x23, 0x22,
  0x26, 0x35, 0x35, 0x34, 0x36, 0x33, 0x21, 0x32, 0x16, 0x15, 0x15, 0x14,
  0x07, 0x03, 0x06, 0x33, 0x33, 0x32, 0x16, 0x15, 0x15, 0x14, 0x06, 0x23,
  0x21, 0x1f, 0x07, 0x04, 0xac, 0x03, 0x06, 0x9d, 0x05, 0x07, 0x07, 0x05,
  0x01, 0x21, 0x05, 0x07, 0x04, 0xb1, 0x03, 0x06, 0xab, 0x05, 0x07, 0x07,
  0x05, 0xfe, 0xd6, 0x07, 0x05, 0x55, 0x08, 0x07, 0x01, 0x20, 0x06, 0x07,
  0x05, 0x51, 0x05, 0x07, 0x07, 0x05, 0x55, 0x08, 0x07, 0xfe, 0xe0, 0x06,
  0x07, 0x05, 0x51, 0x05, 0x07, 0x00, 0x00, 0x00, 0xff, 0xff, 0x00, 0x18,
  0x00, 0x00, 0x01, 0x5a, 0x02, 0xbc, 0x00, 0x22, 0x01, 0x61, 0x00, 0x00,
  0x00, 0x03, 0x02, 0x8a, 0x01, 0x2c, 0x00, 0x00, 0xff, 0xff, 0x00, 0x18,
  0x00, 0x00, 0x01, 0x5a, 0x02, 0xbc, 0x00, 0x22, 0x01, 0x61, 0x00, 0x00,
  0x00, 0x02, 0x02, 0xa0, 0x21, 0x00, 0x00, 0x00, 0xff, 0xff, 0x00, 0x18,
  0x00, 0x00, 0x01, 0x5a, 0x02, 0xd3, 0x00, 0x22, 0x01, 0x61, 0x00, 0x00,
  0x00, 0x03, 0x02, 0x88, 0x01, 0x07, 0x00, 0x00, 0xff, 0xff, 0x00, 0x26,
  0xff, 0xf8, 0x01, 0x88, 0x02, 0xc3, 0x00, 0x22, 0x00, 0xd0, 0x00, 0x00,
  0x00, 0x03, 0x02, 0x90, 0x01, 0x74, 0x00, 0x00, 0xff, 0xff, 0x00, 0x2e,
  0x00, 0x00, 0x01, 0x8d, 0x03, 0x77, 0x00, 0x22, 0x00, 0xec, 0x00, 0x00,
  0x01, 0x07, 0x02, 0x8d, 0x01, 0x7e, 0x00, 0xbb, 0x00, 0x08, 0xb1, 0x01,
  0x01, 0xb0, 0xbb, 0xb0, 0x35, 0x2b, 0x00, 0x00, 0x00, 0x02, 0x00, 0x26,
  0xff, 0xf8, 0x01, 0x87, 0x02, 0x07, 0x00, 0x23, 0x00, 0x31, 0x00, 0x46,
  0x40, 0x43, 0x23, 0x01, 0x04, 0x00, 0x0f, 0x07, 0x02, 0x01, 0x05, 0x02,
  0x4c, 0x00, 0x00, 0x03, 0x04, 0x03, 0x00, 0x04, 0x80, 0x00, 0x01, 0x05,
  0x02, 0x05, 0x01, 0x02, 0x80, 0x00, 0x03, 0x00, 0x04, 0x05, 0x03, 0x04,
  0x69, 0x06, 0x01, 0x05, 0x01, 0x02, 0x05, 0x59, 0x06, 0x01, 0x05, 0x05,
  0x02, 0x61, 0x00, 0x02, 0x05, 0x02, 0x51, 0x24, 0x24, 0x24, 0x31, 0x24,
  0x30, 0x2c, 0x25, 0x29, 0x26, 0x21, 0x07, 0x06, 0x1b, 0x2b, 0x00, 0x36,
  0x33, 0x33, 0x32, 0x16, 0x15, 0x11, 0x14, 0x06, 0x23, 0x23, 0x22, 0x26,
  0x35, 0x35, 0x34, 0x22, 0x07, 0x06, 0x06, 0x23, 0x22, 0x26, 0x35, 0x35,
  0x34, 0x36, 0x33, 0x32, 0x16, 0x17, 0x16, 0x32, 0x35, 0x35, 0x02, 0x36,
  0x35, 0x35, 0x34, 0x26, 0x23, 0x22, 0x06, 0x15, 0x15, 0x14, 0x16, 0x33,
  0x01, 0x13, 0x07, 0x05, 0x5c, 0x05, 0x07, 0x07, 0x05, 0x5c, 0x05, 0x07,
  0x04, 0x02, 0x11, 0x33, 0x1c, 0x42, 0x45, 0x45, 0x42, 0x1c, 0x33, 0x11,
  0x02, 0x04, 0x21, 0x21, 0x21, 0x1b, 0x1c, 0x21, 0x21, 0x1c, 0x01, 0xf8,
  0x07, 0x07, 0x05, 0xfe, 0x19, 0x05, 0x07, 0x07, 0x05, 0x1e, 0x04, 0x03,
  0x1b, 0x18, 0x57, 0x4c, 0xca, 0x4d, 0x55, 0x18, 0x1b, 0x03, 0x04, 0x1e,
  0xfe, 0x69, 0x27, 0x20, 0xb9, 0x20, 0x27, 0x27, 0x20, 0xb9, 0x20, 0x27,
  0x00, 0x02, 0x00, 0x2e, 0xff, 0x43, 0x01, 0x94, 0x02, 0x07, 0x00, 0x3a,
  0x00, 0x48, 0x00, 0x5e, 0x40, 0x5b, 0x25, 0x01, 0x05, 0x04, 0x15, 0x0d,
  0x02, 0x02, 0x06, 0x35, 0x01, 0x00, 0x02, 0x03, 0x01, 0x01, 0x00, 0x04,
  0x4c, 0x00, 0x04, 0x03, 0x05, 0x03, 0x04, 0x05, 0x80, 0x07, 0x01, 0x00,
  0x02, 0x01, 0x02, 0x00, 0x01, 0x80, 0x00, 0x01, 0x01, 0x84, 0x00, 0x03,
  0x00, 0x05, 0x06, 0x03, 0x05, 0x69, 0x08, 0x01, 0x06, 0x02, 0x02, 0x06,
  0x59, 0x08, 0x01, 0x06, 0x06, 0x02, 0x61, 0x00, 0x02, 0x06, 0x02, 0x51,
  0x3b, 0x3b, 0x01, 0x00, 0x3b, 0x48, 0x3b, 0x47, 0x42, 0x40, 0x2d, 0x2b,
  0x23, 0x21, 0x1c, 0x1a, 0x09, 0x07, 0x00, 0x3a, 0x01, 0x3a, 0x09, 0x06,
  0x16, 0x2b, 0x05, 0x32, 0x17, 0x17, 0x15, 0x14, 0x07, 0x06, 0x23, 0x22,
  0x26, 0x35, 0x34, 0x37, 0x36, 0x26, 0x23, 0x23, 0x22, 0x26, 0x35, 0x35,
  0x34, 0x26, 0x07, 0x06, 0x06, 0x23, 0x22, 0x26, 0x35, 0x35, 0x34, 0x36,
  0x33, 0x32, 0x16, 0x17, 0x16, 0x36, 0x35, 0x35, 0x34, 0x36, 0x33, 0x33,
  0x32, 0x16, 0x15, 0x11, 0x14, 0x07, 0x06, 0x15, 0x14, 0x17, 0x16, 0x16,
  0x37, 0x26, 0x36, 0x35, 0x35, 0x34, 0x26, 0x23, 0x22, 0x06, 0x15, 0x15,
  0x14, 0x16, 0x33, 0x01, 0x84, 0x0a, 0x01, 0x05, 0x09, 0x16, 0x13, 0x23,
  0x32, 0x2d, 0x03, 0x02, 0x03, 0x11, 0x05, 0x07, 0x04, 0x02, 0x11, 0x32,
  0x1c, 0x43, 0x45, 0x45, 0x43, 0x1c, 0x32, 0x11, 0x02, 0x04, 0x07, 0x05,
  0x5c, 0x05, 0x07, 0x07, 0x2f, 0x01, 0x03, 0x15, 0x0f, 0x87, 0x21, 0x21,
  0x1b, 0x1b, 0x22, 0x22, 0x1b, 0x7c, 0x0a, 0x23, 0x03, 0x08, 0x03, 0x06,
  0x27, 0x2f, 0x33, 0x2e, 0x02, 0x04, 0x07, 0x05, 0x1d, 0x04, 0x01, 0x03,
  0x1b, 0x18, 0x57, 0x4c, 0xca, 0x4d, 0x55, 0x18, 0x1b, 0x03, 0x01, 0x04,
  0x1d, 0x05, 0x07, 0x07, 0x05, 0xfe, 0x16, 0x09, 0x06, 0x2c, 0x24, 0x07,
  0x03, 0x11, 0x0d, 0x02, 0xd8, 0x27, 0x20, 0xb9, 0x20, 0x27, 0x28, 0x1f,
  0xb9, 0x1f, 0x28, 0x00, 0xff, 0xff, 0x00, 0x16, 0x00, 0x00, 0x01, 0xd3,
  0x02, 0xd3, 0x00, 0x22, 0x00, 0xe5, 0x00, 0x00, 0x00, 0x03, 0x00, 0xf0,
  0x01, 0x22, 0x00, 0x00, 0xff, 0xff, 0x00, 0x16, 0x00, 0x00, 0x01, 0xc0,
  0x02, 0xc1, 0x00, 0x22, 0x00, 0xe5, 0x00, 0x00, 0x00, 0x03, 0x01, 0x03,
  0x01, 0x22, 0x00, 0x00, 0xff, 0xff, 0x00, 0x36, 0xff, 0xf8, 0x02, 0x64,
  0x02, 0xbc, 0x00, 0x22, 0x00, 0x41, 0x00, 0x00, 0x00, 0x03, 0x00, 0x4c,
  0x00, 0xe0, 0x00, 0x00, 0x00, 0x03, 0x00, 0x16, 0x00, 0x00, 0x02, 0xdd,
  0x02, 0xd3, 0x00, 0x0b, 0x00, 0x63, 0x00, 0x73, 0x01, 0x0f, 0x4b, 0xb0,
  0x0e, 0x50, 0x58, 0x40, 0x1e, 0x5c, 0x46, 0x02, 0x0a, 0x00, 0x53, 0x4e,
  0x3d, 0x0c, 0x04, 0x02, 0x01, 0x67, 0x37, 0x13, 0x03, 0x03, 0x02, 0x6f,
  0x30, 0x28, 0x27, 0x22, 0x1a, 0x19, 0x07, 0x04, 0x03, 0x04, 0x4c, 0x1b,
  0x40, 0x1e, 0x5c, 0x46, 0x02, 0x0a, 0x09, 0x53, 0x4e, 0x3d, 0x0c, 0x04,
  0x02, 0x01, 0x67, 0x37, 0x13, 0x03, 0x03, 0x02, 0x6f, 0x30, 0x28, 0x27,
  0x22, 0x1a, 0x19, 0x07, 0x04, 0x03, 0x04, 0x4c, 0x59, 0x4b, 0xb0, 0x0e,
  0x50, 0x58, 0x40, 0x31, 0x0d, 0x01, 0x0a, 0x0a, 0x00, 0x61, 0x0c, 0x09,
  0x02, 0x00, 0x00, 0x44, 0x4d, 0x10, 0x01, 0x01, 0x01, 0x00, 0x61, 0x0c,
  0x09, 0x02, 0x00, 0x00, 0x44, 0x4d, 0x07, 0x05, 0x02, 0x03, 0x03, 0x02,
  0x5f, 0x0e, 0x0b, 0x08, 0x03, 0x02, 0x02, 0x3f, 0x4d, 0x0f, 0x06, 0x02,
  0x04, 0x04, 0x3d, 0x04, 0x4e, 0x1b, 0x4b, 0xb0, 0x22, 0x50, 0x58, 0x40,
  0x2e, 0x0d, 0x01, 0x0a, 0x0a, 0x09, 0x61, 0x0c, 0x01, 0x09, 0x09, 0x42,
  0x4d, 0x10, 0x01, 0x01, 0x01, 0x00, 0x61, 0x00, 0x00, 0x00, 0x44, 0x4d,
  0x07, 0x05, 0x02, 0x03, 0x03, 0x02, 0x5f, 0x0e, 0x0b, 0x08, 0x03, 0x02,
  0x02, 0x3f, 0x4d, 0x0f, 0x06, 0x02, 0x04, 0x04, 0x3d, 0x04, 0x4e, 0x1b,
  0x40, 0x2c, 0x00, 0x00, 0x10, 0x01, 0x01, 0x02, 0x00, 0x01, 0x69, 0x0d,
  0x01, 0x0a, 0x0a, 0x09, 0x61, 0x0c, 0x01, 0x09, 0x09, 0x42, 0x4d, 0x07,
  0x05, 0x02, 0x03, 0x03, 0x02, 0x5f, 0x0e, 0x0b, 0x08, 0x03, 0x02, 0x02,
  0x3f, 0x4d, 0x0f, 0x06, 0x02, 0x04, 0x04, 0x3d, 0x04, 0x4e, 0x59, 0x59,
  0x40, 0x26, 0x00, 0x00, 0x73, 0x71, 0x6b, 0x69, 0x61, 0x5e, 0x57, 0x56,
  0x51, 0x50, 0x4b, 0x48, 0x43, 0x40, 0x3b, 0x39, 0x33, 0x32, 0x2c, 0x2a,
  0x25, 0x24, 0x1e, 0x1c, 0x17, 0x15, 0x0f, 0x0e, 0x00, 0x0b, 0x00, 0x0a,
  0x24, 0x11, 0x0a, 0x17, 0x2b, 0x00, 0x26, 0x35, 0x34, 0x36, 0x33, 0x32,
  0x16, 0x15, 0x14, 0x06, 0x23, 0x07, 0x14, 0x33, 0x33, 0x32, 0x16, 0x15,
  0x15, 0x14, 0x06, 0x23, 0x23, 0x22, 0x15, 0x11, 0x14, 0x06, 0x23, 0x23,
  0x22, 0x26, 0x35, 0x11, 0x34, 0x23, 0x23, 0x22, 0x15, 0x11, 0x14, 0x06,
  0x23, 0x23, 0x22, 0x26, 0x35, 0x11, 0x34, 0x23, 0x23, 0x22, 0x26, 0x35,
  0x35, 0x34, 0x36, 0x33, 0x33, 0x32, 0x35, 0x35, 0x34, 0x36, 0x17, 0x33,
  0x32, 0x16, 0x15, 0x15, 0x14, 0x06, 0x23, 0x23, 0x06, 0x06, 0x15, 0x15,
  0x14, 0x33, 0x33, 0x32, 0x35, 0x35, 0x34, 0x36, 0x17, 0x33, 0x32, 0x16,
  0x15, 0x15, 0x14, 0x06, 0x23, 0x23, 0x06, 0x06, 0x15, 0x12, 0x26, 0x35,
  0x11, 0x34, 0x36, 0x33, 0x33, 0x32, 0x16, 0x15, 0x11, 0x14, 0x06, 0x23,
  0x23, 0x02, 0x77, 0x27, 0x27, 0x1f, 0x1f, 0x28, 0x28, 0x1f, 0xd3, 0x05,
  0x3d, 0x05, 0x07, 0x07, 0x05, 0x3d, 0x05, 0x07, 0x05, 0x5c, 0x05, 0x07,
  0x05, 0x8a, 0x05, 0x07, 0x05, 0x5c, 0x05, 0x07, 0x05, 0x20, 0x05, 0x07,
  0x07, 0x05, 0x20, 0x05, 0x53, 0x59, 0x04, 0x05, 0x07, 0x07, 0x05, 0x03,
  0x1f, 0x1a, 0x05, 0x8a, 0x05, 0x54, 0x59, 0x03, 0x05, 0x07, 0x07, 0x05,
  0x03, 0x1f, 0x1a, 0xa1, 0x07, 0x07, 0x05, 0x5c, 0x05, 0x07, 0x07, 0x05,
  0x5c, 0x02, 0x45, 0x28, 0x1f, 0x1f, 0x28, 0x28, 0x1f, 0x1f, 0x28, 0x41,
  0x05, 0x07, 0x05, 0x3a, 0x05, 0x07, 0x05, 0xfe, 0x64, 0x05, 0x07, 0x07,
  0x05, 0x01, 0x9c, 0x05, 0x05, 0xfe, 0x64, 0x05, 0x07, 0x07, 0x05, 0x01,
  0x9c, 0x05, 0x07, 0x05, 0x3a, 0x05, 0x07, 0x05, 0x25, 0x55, 0x45, 0x03,
  0x07, 0x05, 0x38, 0x05, 0x07, 0x01, 0x28, 0x27, 0x1c, 0x05, 0x05, 0x25,
  0x55, 0x45, 0x03, 0x07, 0x05, 0x38, 0x05, 0x07, 0x01, 0x28, 0x27, 0xfd,
  0xe0, 0x07, 0x05, 0x01, 0xe7, 0x05, 0x07, 0x07, 0x05, 0xfe, 0x19, 0x05,
  0x07, 0x00, 0x00, 0x00, 0x00, 0x02, 0x00, 0x16, 0x00, 0x00, 0x02, 0xcc,
  0x02, 0xc3, 0x00, 0x57, 0x00, 0x67, 0x00, 0xb5, 0x4b, 0xb0, 0x2e, 0x50,
  0x58, 0x40, 0x1e, 0x67, 0x50, 0x3a, 0x03, 0x08, 0x07, 0x47, 0x42, 0x31,
  0x00, 0x04, 0x00, 0x08, 0x2b, 0x07, 0x02, 0x01, 0x00, 0x5f, 0x24, 0x1c,
  0x1b, 0x16, 0x0e, 0x0d, 0x07, 0x02, 0x01, 0x04, 0x4c, 0x1b, 0x40, 0x1e,
  0x67, 0x50, 0x3a, 0x03, 0x08, 0x0c, 0x47, 0x42, 0x31, 0x00, 0x04, 0x00,
  0x08, 0x2b, 0x07, 0x02, 0x01, 0x00, 0x5f, 0x24, 0x1c, 0x1b, 0x16, 0x0e,
  0x0d, 0x07, 0x02, 0x01, 0x04, 0x4c, 0x59, 0x4b, 0xb0, 0x2e, 0x50, 0x58,
  0x40, 0x23, 0x0b, 0x01, 0x08, 0x08, 0x07, 0x61, 0x0c, 0x0a, 0x02, 0x07,
  0x07, 0x42, 0x4d, 0x05, 0x03, 0x02, 0x01, 0x01, 0x00, 0x5f, 0x09, 0x06,
  0x02, 0x00, 0x00, 0x3f, 0x4d, 0x0d, 0x04, 0x02, 0x02, 0x02, 0x3d, 0x02,
  0x4e, 0x1b, 0x40, 0x27, 0x00, 0x0c, 0x0c, 0x3c, 0x4d, 0x0b, 0x01, 0x08,
  0x08, 0x07, 0x61, 0x0a, 0x01, 0x07, 0x07, 0x42, 0x4d, 0x05, 0x03, 0x02,
  0x01, 0x01, 0x00, 0x5f, 0x09, 0x06, 0x02, 0x00, 0x00, 0x3f, 0x4d, 0x0d,
  0x04, 0x02, 0x02, 0x02, 0x3d, 0x02, 0x4e, 0x59, 0x40, 0x16, 0x63, 0x61,
  0x5b, 0x59, 0x55, 0x52, 0x4b, 0x4a, 0x45, 0x44, 0x35, 0x35, 0x26, 0x16,
  0x25, 0x16, 0x25, 0x26, 0x12, 0x0e, 0x0a, 0x1f, 0x2b, 0x01, 0x14, 0x33,
  0x33, 0x32, 0x16, 0x15, 0x15, 0x14, 0x06, 0x23, 0x23, 0x22, 0x15, 0x11,
  0x14, 0x06, 0x23, 0x23, 0x22, 0x26, 0x35, 0x11, 0x34, 0x23, 0x23, 0x22,
  0x15, 0x11, 0x14, 0x06, 0x23, 0x23, 0x22, 0x26, 0x35, 0x11, 0x34, 0x23,
  0x23, 0x22, 0x26, 0x35, 0x35, 0x34, 0x36, 0x33, 0x33, 0x32, 0x35, 0x35,
  0x34, 0x36, 0x17, 0x33, 0x32, 0x16, 0x15, 0x15, 0x14, 0x06, 0x23, 0x23,
  0x06, 0x06, 0x15, 0x15, 0x14, 0x33, 0x33, 0x32, 0x35, 0x35, 0x34, 0x36,
  0x17, 0x33, 0x32, 0x16, 0x15, 0x15, 0x14, 0x06, 0x23, 0x23, 0x06, 0x06,
  0x15, 0x36, 0x36, 0x33, 0x33, 0x32, 0x16, 0x15, 0x11, 0x14, 0x06, 0x23,
  0x23, 0x22, 0x26, 0x35, 0x11, 0x01, 0xc7, 0x05, 0x3d, 0x05, 0x07, 0x07,
  0x05, 0x3d, 0x05, 0x07, 0x05, 0x5c, 0x05, 0x07, 0x05, 0x8e, 0x05, 0x07,
  0x05, 0x5c, 0x05, 0x07, 0x05, 0x20, 0x05, 0x07, 0x07, 0x05, 0x20, 0x05,
  0x53, 0x59, 0x04, 0x05, 0x07, 0x07, 0x05, 0x03, 0x1f, 0x1a, 0x05, 0x8e,
  0x05, 0x54, 0x59, 0x03, 0x05, 0x07, 0x07, 0x05, 0x03, 0x1f, 0x1a, 0x91,
  0x07, 0x05, 0x5c, 0x05, 0x07, 0x07, 0x05, 0x5c, 0x05, 0x07, 0x02, 0x04,
  0x05, 0x07, 0x05, 0x3a, 0x05, 0x07, 0x05, 0xfe, 0x64, 0x05, 0x07, 0x07,
  0x05, 0x01, 0x9c, 0x05, 0x05, 0xfe, 0x64, 0x05, 0x07, 0x07, 0x05, 0x01,
  0x9c, 0x05, 0x07, 0x05, 0x3a, 0x05, 0x07, 0x05, 0x25, 0x55, 0x45, 0x03,
  0x07, 0x05, 0x38, 0x05, 0x07, 0x01, 0x28, 0x27, 0x1c, 0x05, 0x05, 0x25,
  0x55, 0x45, 0x03, 0x07, 0x05, 0x38, 0x05, 0x07, 0x01, 0x28, 0x27, 0x95,
  0x07, 0x07, 0x05, 0xfd, 0x5c, 0x05, 0x07, 0x07, 0x05, 0x02, 0xa4, 0x00,
  0x00, 0x04, 0x00, 0x26, 0xff, 0x32, 0x02, 0x5d, 0x02, 0xd3, 0x00, 0x0b,
  0x00, 0x34, 0x00, 0x48, 0x00, 0x56, 0x01, 0x0f, 0x40, 0x0a, 0x35, 0x01,
  0x0a, 0x02, 0x26, 0x01, 0x05, 0x0b, 0x02, 0x4c, 0x4b, 0xb0, 0x1e, 0x50,
  0x58, 0x40, 0x2f, 0x0c, 0x01, 0x01, 0x01, 0x00, 0x61, 0x00, 0x00, 0x00,
  0x44, 0x4d, 0x00, 0x0a, 0x0a, 0x02, 0x5f, 0x07, 0x06, 0x02, 0x02, 0x02,
  0x3f, 0x4d, 0x0d, 0x01, 0x0b, 0x0b, 0x05, 0x61, 0x00, 0x05, 0x05, 0x3d,
  0x4d, 0x09, 0x01, 0x04, 0x04, 0x03, 0x62, 0x08, 0x01, 0x03, 0x03, 0x47,
  0x03, 0x4e, 0x1b, 0x4b, 0xb0, 0x22, 0x50, 0x58, 0x40, 0x33, 0x0c, 0x01,
  0x01, 0x01, 0x00, 0x61, 0x00, 0x00, 0x00, 0x44, 0x4d, 0x07, 0x01, 0x02,
  0x02, 0x3f, 0x4d, 0x00, 0x0a, 0x0a, 0x06, 0x61, 0x00, 0x06, 0x06, 0x45,
  0x4d, 0x0d, 0x01, 0x0b, 0x0b, 0x05, 0x61, 0x00, 0x05, 0x05, 0x3d, 0x4d,
  0x09, 0x01, 0x04, 0x04, 0x03, 0x62, 0x08, 0x01, 0x03, 0x03, 0x47, 0x03,
  0x4e, 0x1b, 0x4b, 0xb0, 0x2e, 0x50, 0x58, 0x40, 0x31, 0x00, 0x00, 0x0c,
  0x01, 0x01, 0x06, 0x00, 0x01, 0x69, 0x07, 0x01, 0x02, 0x02, 0x3f, 0x4d,
  0x00, 0x0a, 0x0a, 0x06, 0x61, 0x00, 0x06, 0x06, 0x45, 0x4d, 0x0d, 0x01,
  0x0b, 0x0b, 0x05, 0x61, 0x00, 0x05, 0x05, 0x3d, 0x4d, 0x09, 0x01, 0x04,
  0x04, 0x03, 0x62, 0x08, 0x01, 0x03, 0x03, 0x47, 0x03, 0x4e, 0x1b, 0x40,
  0x2e, 0x00, 0x00, 0x0c, 0x01, 0x01, 0x06, 0x00, 0x01, 0x69, 0x09, 0x01,
  0x04, 0x08, 0x01, 0x03, 0x04, 0x03, 0x66, 0x07, 0x01, 0x02, 0x02, 0x3f,
  0x4d, 0x00, 0x0a, 0x0a, 0x06, 0x61, 0x00, 0x06, 0x06, 0x45, 0x4d, 0x0d,
  0x01, 0x0b, 0x0b, 0x05, 0x61, 0x00, 0x05, 0x05, 0x3d, 0x05, 0x4e, 0x59,
  0x59, 0x59, 0x40, 0x22, 0x49, 0x49, 0x00, 0x00, 0x49, 0x56, 0x49, 0x55,
  0x50, 0x4e, 0x47, 0x45, 0x42, 0x40, 0x39, 0x37, 0x33, 0x31, 0x2c, 0x2a,
  0x22, 0x21, 0x1b, 0x19, 0x13, 0x11, 0x00, 0x0b, 0x00, 0x0a, 0x24, 0x0e,
  0x0a, 0x17, 0x2b, 0x00, 0x26, 0x35, 0x34, 0x36, 0x33, 0x32, 0x16, 0x15,
  0x14, 0x06, 0x23, 0x04, 0x36, 0x35, 0x35, 0x34, 0x36, 0x33, 0x33, 0x32,
  0x16, 0x15, 0x11, 0x14, 0x06, 0x23, 0x22, 0x27, 0x26, 0x35, 0x35, 0x34,
  0x17, 0x16, 0x36, 0x36, 0x35, 0x35, 0x34, 0x26, 0x07, 0x06, 0x23, 0x22,
  0x26, 0x35, 0x35, 0x34, 0x36, 0x33, 0x32, 0x17, 0x37, 0x34, 0x36, 0x33,
  0x33, 0x32, 0x16, 0x15, 0x11, 0x14, 0x06, 0x06, 0x27, 0x22, 0x35, 0x37,
  0x34, 0x33, 0x36, 0x35, 0x26, 0x36, 0x35, 0x35, 0x34, 0x26, 0x23, 0x22,
  0x06, 0x15, 0x15, 0x14, 0x16, 0x33, 0x01, 0xf8, 0x28, 0x28, 0x1f, 0x1f,
  0x27, 0x28, 0x1e, 0xfe, 0xf8, 0x04, 0x07, 0x05, 0x5c, 0x05, 0x07, 0x62,
  0x7e, 0x16, 0x0b, 0x0c, 0x0d, 0x39, 0x3d, 0x16, 0x04, 0x02, 0x21, 0x3d,
  0x43, 0x46, 0x47, 0x42, 0x3d, 0x21, 0xd0, 0x07, 0x05, 0x5b, 0x05, 0x07,
  0x1b, 0x4d, 0x48, 0x0c, 0x03, 0x0b, 0x3b, 0xeb, 0x21, 0x21, 0x1b, 0x1b,
  0x22, 0x22, 0x1b, 0x02, 0x45, 0x28, 0x1f, 0x1f, 0x28, 0x28, 0x1f, 0x1f,
  0x28, 0x6c, 0x01, 0x03, 0x16, 0x05, 0x07, 0x07, 0x05, 0xfe, 0x20, 0x6c,
  0x75, 0x01, 0x01, 0x0c, 0x4d, 0x0d, 0x02, 0x01, 0x1e, 0x3a, 0x2f, 0x0b,
  0x03, 0x01, 0x03, 0x2b, 0x57, 0x4b, 0xc4, 0x4d, 0x55, 0x2b, 0x17, 0x05,
  0x07, 0x07, 0x05, 0xfd, 0xfd, 0x41, 0x51, 0x2c, 0x01, 0x0c, 0x4b, 0x0c,
  0x01, 0x59, 0x73, 0x27, 0x1f, 0xb3, 0x20, 0x27, 0x28, 0x1f, 0xb3, 0x1f,
  0x27, 0x00, 0x00, 0x00, 0x00, 0x04, 0x00, 0x24, 0xff, 0x32, 0x01, 0x80,
  0x02, 0xd3, 0x00, 0x0b, 0x00, 0x17, 0x00, 0x27, 0x00, 0x3c, 0x00, 0xa8,
  0xb7, 0x30, 0x23, 0x1b, 0x03, 0x05, 0x04, 0x01, 0x4c, 0x4b, 0xb0, 0x22,
  0x50, 0x58, 0x40, 0x25, 0x0a, 0x03, 0x09, 0x03, 0x01, 0x01, 0x00, 0x61,
  0x02, 0x01, 0x00, 0x00, 0x44, 0x4d, 0x07, 0x01, 0x04, 0x04, 0x3f, 0x4d,
  0x00, 0x05, 0x05, 0x3d, 0x4d, 0x00, 0x06, 0x06, 0x08, 0x61, 0x0b, 0x01,
  0x08, 0x08, 0x47, 0x08, 0x4e, 0x1b, 0x4b, 0xb0, 0x2e, 0x50, 0x58, 0x40,
  0x23, 0x02, 0x01, 0x00, 0x0a, 0x03, 0x09, 0x03, 0x01, 0x04, 0x00, 0x01,
  0x69, 0x07, 0x01, 0x04, 0x04, 0x3f, 0x4d, 0x00, 0x05, 0x05, 0x3d, 0x4d,
  0x00, 0x06, 0x06, 0x08, 0x61, 0x0b, 0x01, 0x08, 0x08, 0x47, 0x08, 0x4e,
  0x1b, 0x40, 0x20, 0x02, 0x01, 0x00, 0x0a, 0x03, 0x09, 0x03, 0x01, 0x04,
  0x00, 0x01, 0x69, 0x00, 0x06, 0x0b, 0x01, 0x08, 0x06, 0x08, 0x65, 0x07,
  0x01, 0x04, 0x04, 0x3f, 0x4d, 0x00, 0x05, 0x05, 0x3d, 0x05, 0x4e, 0x59,
  0x59, 0x40, 0x20, 0x28, 0x28, 0x0c, 0x0c, 0x00, 0x00, 0x28, 0x3c, 0x28,
  0x3b, 0x34, 0x32, 0x2d, 0x2b, 0x27, 0x25, 0x1f, 0x1d, 0x0c, 0x17, 0x0c,
  0x16, 0x12, 0x10, 0x00, 0x0b, 0x00, 0x0a, 0x24, 0x0c, 0x0a, 0x17, 0x2b,
  0x12, 0x26, 0x35, 0x34, 0x36, 0x33, 0x32, 0x16, 0x15, 0x14, 0x06, 0x23,
  0x32, 0x26, 0x35, 0x34, 0x36, 0x33, 0x32, 0x16, 0x15, 0x14, 0x06, 0x23,
  0x00, 0x26, 0x35, 0x11, 0x34, 0x36, 0x33, 0x33, 0x32, 0x16, 0x15, 0x11,
  0x14, 0x06, 0x23, 0x23, 0x16, 0x35, 0x35, 0x34, 0x33, 0x32, 0x36, 0x35,
  0x11, 0x34, 0x36, 0x33, 0x33, 0x32, 0x16, 0x15, 0x11, 0x14, 0x06, 0x06,
  0x27, 0x4c, 0x28, 0x28, 0x1f, 0x1f, 0x27, 0x28, 0x1e, 0xaf, 0x27, 0x27,
  0x1f, 0x1f, 0x28, 0x28, 0x1f, 0xfe, 0xff, 0x07, 0x07, 0x05, 0x5c, 0x05,
  0x07, 0x07, 0x05, 0x5c, 0x65, 0x0c, 0x2c, 0x25, 0x07, 0x05, 0x5c, 0x05,
  0x07, 0x1a, 0x56, 0x55, 0x02, 0x45, 0x28, 0x1f, 0x1f, 0x28, 0x28, 0x1f,
  0x1f, 0x28, 0x28, 0x1f, 0x1f, 0x28, 0x28, 0x1f, 0x1f, 0x28, 0xfd, 0xbb,
  0x07, 0x05, 0x01, 0xe7, 0x05, 0x07, 0x07, 0x05, 0xfe, 0x19, 0x05, 0x07,
  0xcd, 0x0c, 0x4b, 0x0c, 0x2e, 0x2c, 0x02, 0x03, 0x05, 0x07, 0x07, 0x05,
  0xfd, 0xfd, 0x43, 0x4f, 0x2c, 0x01, 0x00, 0x00, 0x00, 0x02, 0x00, 0x15,
  0x00, 0x00, 0x01, 0xa8, 0x02, 0x41, 0x00, 0x18, 0x00, 0x22, 0x00, 0x30,
  0x40, 0x2d, 0x1e, 0x01, 0x04, 0x02, 0x14, 0x01, 0x01, 0x00, 0x02, 0x4c,
  0x00, 0x04, 0x00, 0x00, 0x01, 0x04, 0x00, 0x68, 0x00, 0x02, 0x02, 0x28,
  0x4d, 0x05, 0x03, 0x02, 0x01, 0x01, 0x29, 0x01, 0x4e, 0x00, 0x00, 0x1b,
  0x1a, 0x00, 0x18, 0x00, 0x16, 0x33, 0x34, 0x14, 0x06, 0x08, 0x19, 0x2b,
  0x20, 0x27, 0x27, 0x26, 0x23, 0x23, 0x22, 0x07, 0x07, 0x06, 0x23, 0x23,
  0x22, 0x37, 0x13, 0x36, 0x33, 0x33, 0x32, 0x17, 0x13, 0x15, 0x14, 0x23,
  0x23, 0x26, 0x33, 0x33, 0x32, 0x27, 0x27, 0x26, 0x22, 0x07, 0x07, 0x01,
  0x33, 0x01, 0x0f, 0x01, 0x05, 0x7c, 0x05, 0x01, 0x10, 0x02, 0x0b, 0x5b,
  0x0e, 0x03, 0x85, 0x03, 0x0a, 0x6b, 0x0b, 0x03, 0x85, 0x0b, 0x5e, 0x90,
  0x06, 0x56, 0x06, 0x01, 0x2b, 0x01, 0x04, 0x01, 0x2f, 0x0b, 0x4d, 0x04,
  0x04, 0x4d, 0x0b, 0x0d, 0x02, 0x2a, 0x0a, 0x0a, 0xfd, 0xd6, 0x04, 0x09,
  0xb7, 0x05, 0xe3, 0x03, 0x03, 0xe3, 0x00, 0x00, 0xff, 0xff, 0x00, 0x15,
  0x00, 0x00, 0x01, 0xa8, 0x02, 0xfe, 0x00, 0x22, 0x01, 0x70, 0x00, 0x00,
  0x01, 0x07, 0x02, 0x8a, 0x01, 0x53, 0x00, 0x42, 0x00, 0x08, 0xb1, 0x02,
  0x01, 0xb0, 0x42, 0xb0, 0x35, 0x2b, 0x00, 0x00, 0xff, 0xff, 0x00, 0x15,
  0x00, 0x00, 0x01, 0xa8, 0x02, 0xee, 0x00, 0x22, 0x01, 0x70, 0x00, 0x00,
  0x01, 0x07, 0x02, 0x8e, 0x01, 0x64, 0x00, 0x42, 0x00, 0x08, 0xb1, 0x02,
  0x01, 0xb0, 0x42, 0xb0, 0x35, 0x2b, 0x00, 0x00, 0xff, 0xff, 0x00, 0x15,
  0x00, 0x00, 0x01, 0xa8, 0x02, 0xfd, 0x00, 0x22, 0x01, 0x70, 0x00, 0x00,
  0x01, 0x07, 0x02, 0x8d, 0x01, 0x7d, 0x00, 0x41, 0x00, 0x08, 0xb1, 0x02,
  0x01, 0xb0, 0x41, 0xb0, 0x35, 0x2b, 0x00, 0x00, 0xff, 0xff, 0x00, 0x15,
  0x00, 0x00, 0x01, 0xa8, 0x02, 0xfe, 0x00, 0x22, 0x01, 0x70, 0x00, 0x00,
  0x01, 0x07, 0x02, 0x8c, 0x01, 0x7b, 0x00, 0x42, 0x00, 0x08, 0xb1, 0x02,
  0x01, 0xb0, 0x42, 0xb0, 0x35, 0x2b, 0x00, 0x00, 0xff, 0xff, 0x00, 0x15,
  0x00, 0x00, 0x01, 0xa8, 0x03, 0x15, 0x00, 0x22, 0x01, 0x70, 0x00, 0x00,
  0x01, 0x07, 0x02, 0x87, 0x01, 0x7c, 0x00, 0x42, 0x00, 0x08, 0xb1, 0x02,
  0x02, 0xb0, 0x42, 0xb0, 0x35, 0x2b, 0x00, 0x00, 0xff, 0xff, 0x00, 0x15,
  0x00, 0x00, 0x01, 0xa8, 0x02, 0xfe, 0x00, 0x22, 0x01, 0x70, 0x00, 0x00,
  0x01, 0x07, 0x02, 0x89, 0x01, 0x11, 0x00, 0x42, 0x00, 0x08, 0xb1, 0x02,
  0x01, 0xb0, 0x42, 0xb0, 0x35, 0x2b, 0x00, 0x00, 0xff, 0xff, 0x00, 0x15,
  0x00, 0x00, 0x01, 0xa8, 0x02, 0xed, 0x00, 0x22, 0x01, 0x70, 0x00, 0x00,
  0x01, 0x07, 0x02, 0x91, 0x01, 0x48, 0x00, 0x42, 0x00, 0x08, 0xb1, 0x02,
  0x01, 0xb0, 0x42, 0xb0, 0x35, 0x2b, 0x00, 0x00, 0xff, 0xff, 0x00, 0x15,
  0xff, 0x43, 0x01, 0xb0, 0x02, 0x41, 0x00, 0x22, 0x01, 0x70, 0x00, 0x00,
  0x00, 0x03, 0x02, 0x99, 0x01, 0xb6, 0x00, 0x00, 0xff, 0xff, 0x00, 0x15,
  0x00, 0x00, 0x01, 0xa8, 0x03, 0x67, 0x00, 0x22, 0x01, 0x70, 0x00, 0x00,
  0x01, 0x07, 0x02, 0x8f, 0x01, 0x48, 0x00, 0x42, 0x00, 0x08, 0xb1, 0x02,
  0x02, 0xb0, 0x42, 0xb0, 0x35, 0x2b, 0x00, 0x00, 0xff, 0xff, 0x00, 0x15,
  0x00, 0x00, 0x01, 0xa8, 0x03, 0x05, 0x00, 0x22, 0x01, 0x70, 0x00, 0x00,
  0x01, 0x07, 0x02, 0x90, 0x01, 0x7f, 0x00, 0x42, 0x00, 0x08, 0xb1, 0x02,
  0x01, 0xb0, 0x42, 0xb0, 0x35, 0x2b, 0x00, 0x00, 0x00, 0x02, 0x00, 0x19,
  0x00, 0x00, 0x02, 0x96, 0x02, 0x41, 0x00, 0x37, 0x00, 0x42, 0x00, 0x53,
  0x40, 0x50, 0x37, 0x01, 0x00, 0x07, 0x3e, 0x06, 0x05, 0x03, 0x01, 0x00,
  0x0d, 0x01, 0x02, 0x01, 0x3d, 0x13, 0x02, 0x08, 0x02, 0x14, 0x01, 0x03,
  0x08, 0x23, 0x1b, 0x02, 0x04, 0x05, 0x06, 0x4c, 0x00, 0x01, 0x00, 0x02,
  0x08, 0x01, 0x02, 0x67, 0x00, 0x08, 0x00, 0x05, 0x04, 0x08, 0x05, 0x67,
  0x00, 0x00, 0x00, 0x07, 0x5f, 0x00, 0x07, 0x07, 0x28, 0x4d, 0x00, 0x03,
  0x03, 0x04, 0x5f, 0x06, 0x01, 0x04, 0x04, 0x29, 0x04, 0x4e, 0x17, 0x25,
  0x24, 0x16, 0x26, 0x15, 0x26, 0x15, 0x21, 0x09, 0x08, 0x1f, 0x2b, 0x00,
  0x06, 0x23, 0x23, 0x22, 0x15, 0x15, 0x14, 0x33, 0x33, 0x32, 0x16, 0x15,
  0x15, 0x14, 0x06, 0x23, 0x23, 0x22, 0x15, 0x15, 0x14, 0x33, 0x33, 0x32,
  0x16, 0x15, 0x15, 0x14, 0x06, 0x23, 0x21, 0x22, 0x26, 0x35, 0x35, 0x34,
  0x23, 0x23, 0x22, 0x07, 0x07, 0x06, 0x23, 0x23, 0x22, 0x26, 0x37, 0x01,
  0x36, 0x33, 0x21, 0x32, 0x16, 0x15, 0x15, 0x00, 0x16, 0x33, 0x33, 0x32,
  0x35, 0x37, 0x34, 0x22, 0x07, 0x07, 0x02, 0x96, 0x07, 0x05, 0xc0, 0x05,
  0x05, 0x6e, 0x05, 0x07, 0x07, 0x05, 0x6e, 0x05, 0x05, 0xc0, 0x05, 0x07,
  0x07, 0x05, 0xfe, 0xd2, 0x05, 0x07, 0x05, 0x8e, 0x04, 0x02, 0x24, 0x04,
  0x0a, 0x60, 0x07, 0x05, 0x03, 0x01, 0x00, 0x04, 0x0a, 0x01, 0x60, 0x05,
  0x07, 0xfe, 0x4e, 0x02, 0x02, 0x63, 0x05, 0x01, 0x04, 0x02, 0x66, 0x01,
  0xe4, 0x07, 0x05, 0x80, 0x05, 0x07, 0x05, 0x4c, 0x05, 0x07, 0x05, 0x81,
  0x05, 0x07, 0x05, 0x4c, 0x05, 0x07, 0x07, 0x05, 0x4b, 0x05, 0x04, 0x4f,
  0x09, 0x07, 0x07, 0x02, 0x2a, 0x09, 0x07, 0x05, 0x4c, 0xfe, 0xd2, 0x04,
  0x05, 0xe4, 0x04, 0x03, 0xe4, 0x00, 0x00, 0x00, 0x00, 0x03, 0x00, 0x2d,
  0x00, 0x00, 0x01, 0x91, 0x02, 0x41, 0x00, 0x15, 0x00, 0x22, 0x00, 0x2f,
  0x00, 0x43, 0x40, 0x40, 0x07, 0x01, 0x03, 0x01, 0x18, 0x17, 0x02, 0x02,
  0x03, 0x11, 0x01, 0x04, 0x02, 0x2c, 0x2b, 0x02, 0x05, 0x04, 0x04, 0x4c,
  0x00, 0x02, 0x00, 0x04, 0x05, 0x02, 0x04, 0x69, 0x00, 0x03, 0x03, 0x01,
  0x5f, 0x00, 0x01, 0x01, 0x28, 0x4d, 0x06, 0x01, 0x05, 0x05, 0x00, 0x5f,
  0x00, 0x00, 0x00, 0x29, 0x00, 0x4e, 0x23, 0x23, 0x23, 0x2f, 0x23, 0x2e,
  0x25, 0x24, 0x2e, 0x36, 0x21, 0x07, 0x08, 0x1b, 0x2b, 0x24, 0x06, 0x23,
  0x23, 0x22, 0x26, 0x35, 0x11, 0x34, 0x36, 0x33, 0x33, 0x32, 0x16, 0x15,
  0x14, 0x06, 0x07, 0x06, 0x17, 0x16, 0x15, 0x02, 0x15, 0x15, 0x14, 0x33,
  0x33, 0x32, 0x36, 0x35, 0x34, 0x26, 0x23, 0x23, 0x12, 0x36, 0x35, 0x34,
  0x26, 0x23, 0x23, 0x22, 0x15, 0x15, 0x14, 0x33, 0x33, 0x01, 0x91, 0x64,
  0x50, 0xa4, 0x05, 0x07, 0x07, 0x05, 0x93, 0x58, 0x65, 0x21, 0x21, 0x05,
  0x04, 0x4b, 0xf0, 0x05, 0x2a, 0x23, 0x26, 0x26, 0x23, 0x2a, 0x50, 0x27,
  0x27, 0x21, 0x2f, 0x05, 0x05, 0x2e, 0x53, 0x53, 0x07, 0x05, 0x02, 0x29,
  0x05, 0x07, 0x50, 0x4e, 0x2a, 0x3a, 0x11, 0x03, 0x03, 0x2a, 0x5e, 0x01,
  0x3d, 0x05, 0x84, 0x05, 0x24, 0x22, 0x23, 0x25, 0xfe, 0x88, 0x27, 0x25,
  0x24, 0x2b, 0x05, 0x91, 0x05, 0x00, 0x00, 0x00, 0x00, 0x01, 0x00, 0x24,
  0xff, 0xf9, 0x01, 0x85, 0x02, 0x48, 0x00, 0x29, 0x00, 0x64, 0x4b, 0xb0,
  0x0e, 0x50, 0x58, 0x40, 0x23, 0x00, 0x01, 0x02, 0x04, 0x02, 0x01, 0x72,
  0x00, 0x04, 0x03, 0x03, 0x04, 0x70, 0x00, 0x02, 0x02, 0x00, 0x61, 0x00,
  0x00, 0x00, 0x2a, 0x4d, 0x00, 0x03, 0x03, 0x05, 0x62, 0x06, 0x01, 0x05,
  0x05, 0x2b, 0x05, 0x4e, 0x1b, 0x40, 0x25, 0x00, 0x01, 0x02, 0x04, 0x02,
  0x01, 0x04, 0x80, 0x00, 0x04, 0x03, 0x02, 0x04, 0x03, 0x7e, 0x00, 0x02,
  0x02, 0x00, 0x61, 0x00, 0x00, 0x00, 0x2a, 0x4d, 0x00, 0x03, 0x03, 0x05,
  0x62, 0x06, 0x01, 0x05, 0x05, 0x2b, 0x05, 0x4e, 0x59, 0x40, 0x0e, 0x00,
  0x00, 0x00, 0x29, 0x00, 0x28, 0x24, 0x25, 0x24, 0x35, 0x25, 0x07, 0x08,
  0x1b, 0x2b, 0x16, 0x26, 0x35, 0x35, 0x34, 0x36, 0x33, 0x32, 0x16, 0x15,
  0x15, 0x14, 0x06, 0x23, 0x07, 0x22, 0x35, 0x35, 0x34, 0x26, 0x23, 0x22,
  0x06, 0x15, 0x11, 0x14, 0x16, 0x33, 0x32, 0x36, 0x35, 0x35, 0x34, 0x33,
  0x17, 0x32, 0x16, 0x15, 0x15, 0x14, 0x06, 0x23, 0x84, 0x60, 0x5f, 0x51,
  0x51, 0x60, 0x07, 0x05, 0x5c, 0x0c, 0x21, 0x1c, 0x1c, 0x20, 0x20, 0x1c,
  0x1c, 0x21, 0x0c, 0x5c, 0x05, 0x07, 0x61, 0x50, 0x07, 0x5c, 0x50, 0xf7,
  0x51, 0x5b, 0x5b, 0x51, 0x06, 0x05, 0x07, 0x04, 0x0c, 0x13, 0x1e, 0x21,
  0x21, 0x1e, 0xfe, 0xf7, 0x1e, 0x21, 0x21, 0x1e, 0x14, 0x0b, 0x04, 0x07,
  0x05, 0x06, 0x50, 0x5c, 0xff, 0xff, 0x00, 0x24, 0xff, 0xf9, 0x01, 0x85,
  0x03, 0x05, 0x00, 0x22, 0x01, 0x7d, 0x00, 0x00, 0x01, 0x07, 0x02, 0x8a,
  0x01, 0x47, 0x00, 0x49, 0x00, 0x08, 0xb1, 0x01, 0x01, 0xb0, 0x49, 0xb0,
  0x35, 0x2b, 0x00, 0x00, 0xff, 0xff, 0x00, 0x24, 0xff, 0xf9, 0x01, 0x85,
  0x03, 0x04, 0x00, 0x22, 0x01, 0x7d, 0x00, 0x00, 0x01, 0x07, 0x02, 0x8d,
  0x01, 0x71, 0x00, 0x48, 0x00, 0x08, 0xb1, 0x01, 0x01, 0xb0, 0x48, 0xb0,
  0x35, 0x2b, 0x00, 0x00, 0x00, 0x01, 0x00, 0x24, 0xff, 0x48, 0x01, 0x85,
  0x02, 0x48, 0x00, 0x3d, 0x00, 0x65, 0x40, 0x0a, 0x3d, 0x01, 0x00, 0x01,
  0x1e, 0x01, 0x04, 0x02, 0x02, 0x4c, 0x4b, 0xb0, 0x0e, 0x50, 0x58, 0x40,
  0x20, 0x00, 0x00, 0x01, 0x03, 0x01, 0x00, 0x72, 0x00, 0x03, 0x02, 0x01,
  0x03, 0x02, 0x7e, 0x00, 0x02, 0x00, 0x04, 0x02, 0x04, 0x65, 0x00, 0x01,
  0x01, 0x05, 0x61, 0x00, 0x05, 0x05, 0x2a, 0x01, 0x4e, 0x1b, 0x40, 0x21,
  0x00, 0x00, 0x01, 0x03, 0x01, 0x00, 0x03, 0x80, 0x00, 0x03, 0x02, 0x01,
  0x03, 0x02, 0x7e, 0x00, 0x02, 0x00, 0x04, 0x02, 0x04, 0x65, 0x00, 0x01,
  0x01, 0x05, 0x61, 0x00, 0x05, 0x05, 0x2a, 0x01, 0x4e, 0x59, 0x40, 0x0a,
  0x3a, 0x38, 0x2d, 0x24, 0x25, 0x24, 0x31, 0x06, 0x08, 0x1b, 0x2b, 0x00,
  0x06, 0x23, 0x07, 0x22, 0x35, 0x35, 0x34, 0x26, 0x23, 0x22, 0x06, 0x15,
  0x11, 0x14, 0x16, 0x33, 0x32, 0x36, 0x35, 0x35, 0x34, 0x33, 0x17, 0x32,
  0x16, 0x15, 0x15, 0x14, 0x06, 0x07, 0x06, 0x17, 0x16, 0x15, 0x14, 0x06,
  0x23, 0x22, 0x27, 0x26, 0x37, 0x37, 0x36, 0x17, 0x16, 0x36, 0x35, 0x34,
  0x27, 0x27, 0x26, 0x26, 0x35, 0x35, 0x34, 0x36, 0x33, 0x32, 0x16, 0x15,
  0x15, 0x01, 0x85, 0x07, 0x05, 0x5c, 0x0c, 0x21, 0x1c, 0x1c, 0x20, 0x20,
  0x1c, 0x1c, 0x21, 0x0c, 0x5c, 0x05, 0x07, 0x47, 0x3e, 0x06, 0x04, 0x26,
  0x31, 0x24, 0x13, 0x16, 0x0a, 0x01, 0x05, 0x01, 0x0d, 0x11, 0x17, 0x2a,
  0x05, 0x3e, 0x47, 0x5f, 0x51, 0x51, 0x60, 0x01, 0x8f, 0x05, 0x04, 0x0c,
  0x13, 0x1e, 0x21, 0x21, 0x1e, 0xfe, 0xf7, 0x1e, 0x21, 0x21, 0x1e, 0x14,
  0x0b, 0x04, 0x07, 0x05, 0x06, 0x44, 0x59, 0x0b, 0x02, 0x04, 0x2c, 0x2d,
  0x2f, 0x27, 0x06, 0x03, 0x0b, 0x23, 0x0c, 0x02, 0x03, 0x13, 0x16, 0x23,
  0x28, 0x03, 0x0c, 0x57, 0x45, 0xf7, 0x51, 0x5b, 0x5b, 0x51, 0x09, 0x00,
  0xff, 0xff, 0x00, 0x24, 0xff, 0xf9, 0x01, 0x85, 0x03, 0x1c, 0x00, 0x22,
  0x01, 0x7d, 0x00, 0x00, 0x01, 0x07, 0x02, 0x88, 0x01, 0x21, 0x00, 0x49,
  0x00, 0x08, 0xb1, 0x01, 0x01, 0xb0, 0x49, 0xb0, 0x35, 0x2b, 0x00, 0x00,
  0x00, 0x02, 0x00, 0x2d, 0x00, 0x00, 0x01, 0x89, 0x02, 0x41, 0x00, 0x0f,
  0x00, 0x1d, 0x00, 0x2a, 0x40, 0x27, 0x03, 0x01, 0x03, 0x00, 0x1d, 0x1c,
  0x02, 0x02, 0x03, 0x02, 0x4c, 0x00, 0x03, 0x03, 0x00, 0x5f, 0x00, 0x00,
  0x00, 0x28, 0x4d, 0x00, 0x02, 0x02, 0x01, 0x5f, 0x00, 0x01, 0x01, 0x29,
  0x01, 0x4e, 0x25, 0x22, 0x25, 0x35, 0x04, 0x08, 0x1a, 0x2b, 0x32, 0x26,
  0x35, 0x11, 0x34, 0x36, 0x33, 0x33, 0x32, 0x16, 0x15, 0x11, 0x14, 0x06,
  0x23, 0x23, 0x36, 0x33, 0x37, 0x32, 0x36, 0x37, 0x35, 0x34, 0x26, 0x23,
  0x23, 0x22, 0x15, 0x11, 0x34, 0x07, 0x07, 0x05, 0x9e, 0x50, 0x62, 0x62,
  0x50, 0x9e, 0x68, 0x05, 0x2f, 0x1c, 0x22, 0x01, 0x23, 0x1d, 0x2e, 0x05,
  0x07, 0x05, 0x02, 0x29, 0x05, 0x07, 0x58, 0x48, 0xfe, 0xff, 0x48, 0x58,
  0x64, 0x01, 0x25, 0x1e, 0xf2, 0x1f, 0x24, 0x05, 0xfe, 0x91, 0x00, 0x00,
  0x00, 0x02, 0x00, 0x2d, 0x00, 0x00, 0x01, 0xa6, 0x02, 0x41, 0x00, 0x1d,
  0x00, 0x39, 0x00, 0x4e, 0x40, 0x4b, 0x19, 0x01, 0x04, 0x03, 0x25, 0x24,
  0x18, 0x03, 0x02, 0x04, 0x2c, 0x12, 0x02, 0x01, 0x02, 0x33, 0x32, 0x0b,
  0x03, 0x07, 0x01, 0x04, 0x4c, 0x05, 0x01, 0x02, 0x06, 0x01, 0x01, 0x07,
  0x02, 0x01, 0x69, 0x00, 0x04, 0x04, 0x03, 0x5f, 0x08, 0x01, 0x03, 0x03,
  0x28, 0x4d, 0x00, 0x07, 0x07, 0x00, 0x5f, 0x00, 0x00, 0x00, 0x29, 0x00,
  0x4e, 0x00, 0x00, 0x37, 0x35, 0x30, 0x2e, 0x28, 0x27, 0x22, 0x20, 0x00,
  0x1d, 0x00, 0x1b, 0x26, 0x16, 0x25, 0x09, 0x08, 0x19, 0x2b, 0x00, 0x16,
  0x15, 0x11, 0x14, 0x06, 0x23, 0x23, 0x22, 0x26, 0x35, 0x35, 0x34, 0x23,
  0x23, 0x22, 0x26, 0x35, 0x35, 0x34, 0x36, 0x33, 0x33, 0x32, 0x35, 0x35,
  0x34, 0x36, 0x33, 0x33, 0x17, 0x34, 0x26, 0x23, 0x23, 0x22, 0x15, 0x15,
  0x14, 0x33, 0x33, 0x32, 0x16, 0x15, 0x15, 0x14, 0x06, 0x23, 0x23, 0x22,
  0x15, 0x15, 0x14, 0x33, 0x37, 0x32, 0x36, 0x37, 0x01, 0x45, 0x61, 0x61,
  0x51, 0x9e, 0x05, 0x07, 0x05, 0x0c, 0x05, 0x07, 0x07, 0x05, 0x0c, 0x05,
  0x07, 0x05, 0x9e, 0x3e, 0x23, 0x1d, 0x2f, 0x05, 0x05, 0x27, 0x05, 0x07,
  0x07, 0x05, 0x27, 0x05, 0x05, 0x2f, 0x1c, 0x23, 0x01, 0x02, 0x41, 0x58,
  0x48, 0xfe, 0xff, 0x48, 0x58, 0x07, 0x05, 0xfa, 0x05, 0x07, 0x05, 0x2b,
  0x05, 0x07, 0x05, 0xe2, 0x05, 0x07, 0xa7, 0x1f, 0x24, 0x05, 0x85, 0x05,
  0x07, 0x05, 0x2b, 0x05, 0x07, 0x05, 0x9d, 0x05, 0x01, 0x25, 0x1e, 0x00,
  0xff, 0xff, 0x00, 0x2d, 0x00, 0x00, 0x01, 0x89, 0x03, 0x01, 0x00, 0x22,
  0x01, 0x82, 0x00, 0x00, 0x01, 0x07, 0x02, 0x8d, 0x01, 0x6e, 0x00, 0x45,
  0x00, 0x08, 0xb1, 0x02, 0x01, 0xb0, 0x45, 0xb0, 0x35, 0x2b, 0x00, 0x00,
  0xff, 0xff, 0x00, 0x2d, 0x00, 0x00, 0x01, 0xa6, 0x02, 0x41, 0x00, 0x02,
  0x01, 0x83, 0x00, 0x00, 0x00, 0x01, 0x00, 0x2d, 0x00, 0x00, 0x01, 0x72,
  0x02, 0x41, 0x00, 0x2b, 0x00, 0x42, 0x40, 0x3f, 0x2b, 0x23, 0x02, 0x00,
  0x05, 0x06, 0x05, 0x02, 0x01, 0x00, 0x0d, 0x01, 0x02, 0x01, 0x14, 0x13,
  0x02, 0x03, 0x02, 0x1b, 0x01, 0x04, 0x03, 0x05, 0x4c, 0x00, 0x01, 0x00,
  0x02, 0x03, 0x01, 0x02, 0x67, 0x00, 0x00, 0x00, 0x05, 0x5f, 0x00, 0x05,
  0x05, 0x28, 0x4d, 0x00, 0x03, 0x03, 0x04, 0x5f, 0x00, 0x04, 0x04, 0x29,
  0x04, 0x4e, 0x26, 0x26, 0x15, 0x26, 0x15, 0x21, 0x06, 0x08, 0x1c, 0x2b,
  0x00, 0x06, 0x23, 0x23, 0x22, 0x15, 0x15, 0x14, 0x33, 0x33, 0x32, 0x16,
  0x15, 0x15, 0x14, 0x06, 0x23, 0x23, 0x22, 0x15, 0x15, 0x14, 0x33, 0x33,
  0x32, 0x16, 0x15, 0x15, 0x14, 0x06, 0x23, 0x21, 0x22, 0x26, 0x35, 0x11,
  0x34, 0x36, 0x33, 0x21, 0x32, 0x16, 0x15, 0x15, 0x01, 0x72, 0x07, 0x05,
  0xc0, 0x05, 0x05, 0x6e, 0x05, 0x07, 0x07, 0x05, 0x6e, 0x05, 0x05, 0xc0,
  0x05, 0x07, 0x07, 0x05, 0xfe, 0xd3, 0x05, 0x07, 0x07, 0x05, 0x01, 0x2d,
  0x05, 0x07, 0x01, 0xe3, 0x07, 0x05, 0x7f, 0x05, 0x07, 0x05, 0x4c, 0x05,
  0x07, 0x05, 0x81, 0x05, 0x07, 0x05, 0x4c, 0x05, 0x07, 0x07, 0x05, 0x02,
  0x29, 0x05, 0x07, 0x07, 0x05, 0x4d, 0x00, 0x00, 0xff, 0xff, 0x00, 0x2d,
  0x00, 0x00, 0x01, 0x72, 0x03, 0x08, 0x00, 0x22, 0x01, 0x86, 0x00, 0x00,
  0x01, 0x07, 0x02, 0x8a, 0x01, 0x42, 0x00, 0x4c, 0x00, 0x08, 0xb1, 0x01,
  0x01, 0xb0, 0x4c, 0xb0, 0x35, 0x2b, 0x00, 0x00, 0xff, 0xff, 0x00, 0x2d,
  0x00, 0x00, 0x01, 0x72, 0x03, 0x07, 0x00, 0x22, 0x01, 0x86, 0x00, 0x00,
  0x01, 0x07, 0x02, 0x8d, 0x01, 0x6c, 0x00, 0x4b, 0x00, 0x08, 0xb1, 0x01,
  0x01, 0xb0, 0x4b, 0xb0, 0x35, 0x2b, 0x00, 0x00, 0x00, 0x01, 0x00, 0x2d,
  0xff, 0x4f, 0x01, 0x72, 0x02, 0x41, 0x00, 0x42, 0x00, 0x4a, 0x40, 0x47,
  0x42, 0x3a, 0x02, 0x00, 0x07, 0x06, 0x05, 0x02, 0x01, 0x00, 0x0d, 0x01,
  0x02, 0x01, 0x14, 0x13, 0x02, 0x03, 0x02, 0x1b, 0x01, 0x04, 0x03, 0x05,
  0x4c, 0x00, 0x05, 0x04, 0x05, 0x86, 0x00, 0x01, 0x00, 0x02, 0x03, 0x01,
  0x02, 0x67, 0x00, 0x00, 0x00, 0x07, 0x5f, 0x00, 0x07, 0x07, 0x28, 0x4d,
  0x00, 0x03, 0x03, 0x04, 0x5f, 0x06, 0x01, 0x04, 0x04, 0x29, 0x04, 0x4e,
  0x26, 0x1d, 0x27, 0x26, 0x15, 0x26, 0x15, 0x21, 0x08, 0x08, 0x1e, 0x2b,
  0x00, 0x06, 0x23, 0x23, 0x22, 0x15, 0x15, 0x14, 0x33, 0x33, 0x32, 0x16,
  0x15, 0x15, 0x14, 0x06, 0x23, 0x23, 0x22, 0x15, 0x15, 0x14, 0x33, 0x33,
  0x32, 0x16, 0x15, 0x15, 0x14, 0x06, 0x23, 0x23, 0x22, 0x06, 0x17, 0x16,
  0x15, 0x14, 0x06, 0x23, 0x22, 0x27, 0x26, 0x37, 0x37, 0x36, 0x17, 0x16,
  0x36, 0x35, 0x34, 0x27, 0x26, 0x23, 0x23, 0x22, 0x26, 0x35, 0x11, 0x34,
  0x36, 0x33, 0x21, 0x32, 0x16, 0x15, 0x15, 0x01, 0x72, 0x07, 0x05, 0xc0,
  0x05, 0x05, 0x6e, 0x05, 0x07, 0x07, 0x05, 0x6e, 0x05, 0x05, 0xc0, 0x05,
  0x07, 0x07, 0x05, 0x6c, 0x03, 0x02, 0x02, 0x23, 0x31, 0x24, 0x13, 0x16,
  0x0a, 0x01, 0x05, 0x01, 0x0d, 0x11, 0x17, 0x26, 0x03, 0x04, 0x68, 0x05,
  0x07, 0x07, 0x05, 0x01, 0x2d, 0x05, 0x07, 0x01, 0xe3, 0x07, 0x05, 0x7f,
  0x05, 0x07, 0x05, 0x4c, 0x05, 0x07, 0x05, 0x81, 0x05, 0x07, 0x05, 0x4c,
  0x05, 0x07, 0x04, 0x02, 0x29, 0x2c, 0x2f, 0x27, 0x06, 0x03, 0x0b, 0x23,
  0x0c, 0x02, 0x03, 0x13, 0x16, 0x1f, 0x28, 0x03, 0x07, 0x05, 0x02, 0x29,
  0x05, 0x07, 0x07, 0x05, 0x4d, 0x00, 0x00, 0x00, 0xff, 0xff, 0x00, 0x2d,
  0x00, 0x00, 0x01, 0x72, 0x03, 0x08, 0x00, 0x22, 0x01, 0x86, 0x00, 0x00,
  0x01, 0x07, 0x02, 0x8c, 0x01, 0x69, 0x00, 0x4c, 0x00, 0x08, 0xb1, 0x01,
  0x01, 0xb0, 0x4c, 0xb0, 0x35, 0x2b, 0x00, 0x00, 0xff, 0xff, 0x00, 0x2d,
  0x00, 0x00, 0x01, 0x72, 0x03, 0x1f, 0x00, 0x22, 0x01, 0x86, 0x00, 0x00,
  0x01, 0x07, 0x02, 0x87, 0x01, 0x6b, 0x00, 0x4c, 0x00, 0x08, 0xb1, 0x01,
  0x02, 0xb0, 0x4c, 0xb0, 0x35, 0x2b, 0x00, 0x00, 0xff, 0xff, 0x00, 0x2d,
  0x00, 0x00, 0x01, 0x72, 0x03, 0x1f, 0x00, 0x22, 0x01, 0x86, 0x00, 0x00,
  0x01, 0x07, 0x02, 0x88, 0x01, 0x1c, 0x00, 0x4c, 0x00, 0x08, 0xb1, 0x01,
  0x01, 0xb0, 0x4c, 0xb0, 0x35, 0x2b, 0x00, 0x00, 0xff, 0xff, 0x00, 0x2d,
  0x00, 0x00, 0x01, 0x72, 0x03, 0x08, 0x00, 0x22, 0x01, 0x86, 0x00, 0x00,
  0x01, 0x07, 0x02, 0x89, 0x00, 0xff, 0x00, 0x4c, 0x00, 0x08, 0xb1, 0x01,
  0x01, 0xb0, 0x4c, 0xb0, 0x35, 0x2b, 0x00, 0x00, 0xff, 0xff, 0x00, 0x2d,
  0x00, 0x00, 0x01, 0x72, 0x02, 0xf7, 0x00, 0x22, 0x01, 0x86, 0x00, 0x00,
  0x01, 0x07, 0x02, 0x91, 0x01, 0x37, 0x00, 0x4c, 0x00, 0x08, 0xb1, 0x01,
  0x01, 0xb0, 0x4c, 0xb0, 0x35, 0x2b, 0x00, 0x00, 0x00, 0x01, 0x00, 0x2d,
  0xff, 0x4b, 0x01, 0x72, 0x02, 0x41, 0x00, 0x44, 0x00, 0x56, 0x40, 0x53,
  0x44, 0x3c, 0x02, 0x00, 0x08, 0x06, 0x05, 0x02, 0x01, 0x00, 0x0d, 0x01,
  0x02, 0x01, 0x14, 0x13, 0x02, 0x03, 0x02, 0x1b, 0x01, 0x04, 0x03, 0x2a,
  0x01, 0x06, 0x05, 0x06, 0x4c, 0x00, 0x05, 0x04, 0x06, 0x04, 0x05, 0x06,
  0x80, 0x00, 0x06, 0x06, 0x84, 0x00, 0x01, 0x00, 0x02, 0x03, 0x01, 0x02,
  0x67, 0x00, 0x00, 0x00, 0x08, 0x5f, 0x00, 0x08, 0x08, 0x28, 0x4d, 0x00,
  0x03, 0x03, 0x04, 0x5f, 0x07, 0x01, 0x04, 0x04, 0x29, 0x04, 0x4e, 0x26,
  0x44, 0x26, 0x27, 0x26, 0x15, 0x26, 0x15, 0x21, 0x09, 0x08, 0x1f, 0x2b,
  0x00, 0x06, 0x23, 0x23, 0x22, 0x15, 0x15, 0x14, 0x33, 0x33, 0x32, 0x16,
  0x15, 0x15, 0x14, 0x06, 0x23, 0x23, 0x22, 0x15, 0x15, 0x14, 0x33, 0x33,
  0x32, 0x16, 0x15, 0x15, 0x14, 0x06, 0x23, 0x23, 0x22, 0x07, 0x06, 0x15,
  0x14, 0x16, 0x37, 0x33, 0x32, 0x17, 0x17, 0x15, 0x14, 0x07, 0x06, 0x23,
  0x22, 0x26, 0x35, 0x34, 0x37, 0x36, 0x26, 0x23, 0x23, 0x22, 0x26, 0x35,
  0x11, 0x34, 0x36, 0x33, 0x21, 0x32, 0x16, 0x15, 0x15, 0x01, 0x72, 0x07,
  0x05, 0xc0, 0x05, 0x05, 0x6e, 0x05, 0x07, 0x07, 0x05, 0x6e, 0x05, 0x05,
  0xc0, 0x05, 0x07, 0x07, 0x05, 0x70, 0x04, 0x03, 0x2a, 0x17, 0x11, 0x03,
  0x0a, 0x01, 0x05, 0x09, 0x16, 0x13, 0x24, 0x32, 0x26, 0x02, 0x01, 0x03,
  0x63, 0x05, 0x07, 0x07, 0x05, 0x01, 0x2d, 0x05, 0x07, 0x01, 0xe3, 0x07,
  0x05, 0x7f, 0x05, 0x07, 0x05, 0x4c, 0x05, 0x07, 0x05, 0x81, 0x05, 0x07,
  0x05, 0x4c, 0x05, 0x07, 0x03, 0x28, 0x23, 0x16, 0x13, 0x03, 0x0a, 0x23,
  0x03, 0x08, 0x03, 0x06, 0x27, 0x2f, 0x2f, 0x2a, 0x02, 0x04, 0x07, 0x05,
  0x02, 0x29, 0x05, 0x07, 0x07, 0x05, 0x4d, 0x00, 0x00, 0x01, 0x00, 0x2d,
  0x00, 0x00, 0x01, 0x71, 0x02, 0x41, 0x00, 0x24, 0x00, 0x38, 0x40, 0x35,
  0x24, 0x1c, 0x02, 0x00, 0x04, 0x06, 0x05, 0x02, 0x01, 0x00, 0x0d, 0x01,
  0x02, 0x01, 0x14, 0x13, 0x02, 0x03, 0x02, 0x04, 0x4c, 0x00, 0x01, 0x00,
  0x02, 0x03, 0x01, 0x02, 0x67, 0x00, 0x00, 0x00, 0x04, 0x5f, 0x00, 0x04,
  0x04, 0x28, 0x4d, 0x00, 0x03, 0x03, 0x29, 0x03, 0x4e, 0x26, 0x25, 0x26,
  0x15, 0x21, 0x05, 0x08, 0x1b, 0x2b, 0x00, 0x06, 0x23, 0x23, 0x22, 0x15,
  0x15, 0x14, 0x33, 0x33, 0x32, 0x16, 0x15, 0x15, 0x14, 0x06, 0x23, 0x23,
  0x22, 0x15, 0x15, 0x14, 0x06, 0x23, 0x23, 0x22, 0x26, 0x35, 0x11, 0x34,
  0x36, 0x33, 0x21, 0x32, 0x16, 0x15, 0x15, 0x01, 0x71, 0x07, 0x05, 0xbf,
  0x05, 0x05, 0x6f, 0x05, 0x07, 0x07, 0x05, 0x6f, 0x05, 0x07, 0x05, 0x5c,
  0x05, 0x07, 0x07, 0x05, 0x01, 0x2c, 0x05, 0x07, 0x01, 0xe4, 0x07, 0x05,
  0x80, 0x05, 0x07, 0x05, 0x4c, 0x05, 0x07, 0x05, 0xde, 0x05, 0x07, 0x07,
  0x05, 0x02, 0x29, 0x05, 0x07, 0x07, 0x05, 0x4c, 0x00, 0x01, 0x00, 0x24,
  0xff, 0xf9, 0x01, 0x85, 0x02, 0x48, 0x00, 0x32, 0x00, 0x78, 0x40, 0x0e,
  0x0a, 0x01, 0x01, 0x02, 0x27, 0x01, 0x04, 0x05, 0x20, 0x01, 0x03, 0x04,
  0x03, 0x4c, 0x4b, 0xb0, 0x0d, 0x50, 0x58, 0x40, 0x25, 0x00, 0x01, 0x02,
  0x05, 0x02, 0x01, 0x72, 0x00, 0x05, 0x00, 0x04, 0x03, 0x05, 0x04, 0x67,
  0x00, 0x02, 0x02, 0x00, 0x61, 0x00, 0x00, 0x00, 0x2a, 0x4d, 0x00, 0x03,
  0x03, 0x06, 0x61, 0x07, 0x01, 0x06, 0x06, 0x2b, 0x06, 0x4e, 0x1b, 0x40,
  0x26, 0x00, 0x01, 0x02, 0x05, 0x02, 0x01, 0x05, 0x80, 0x00, 0x05, 0x00,
  0x04, 0x03, 0x05, 0x04, 0x67, 0x00, 0x02, 0x02, 0x00, 0x61, 0x00, 0x00,
  0x00, 0x2a, 0x4d, 0x00, 0x03, 0x03, 0x06, 0x61, 0x07, 0x01, 0x06, 0x06,
  0x2b, 0x06, 0x4e, 0x59, 0x40, 0x0f, 0x00, 0x00, 0x00, 0x32, 0x00, 0x31,
  0x26, 0x15, 0x25, 0x26, 0x25, 0x25, 0x08, 0x08, 0x1c, 0x2b, 0x16, 0x26,
  0x35, 0x11, 0x34, 0x36, 0x33, 0x32, 0x16, 0x15, 0x15, 0x14, 0x06, 0x23,
  0x23, 0x22, 0x26, 0x35, 0x35, 0x34, 0x26, 0x23, 0x22, 0x06, 0x15, 0x11,
  0x14, 0x16, 0x33, 0x32, 0x36, 0x35, 0x35, 0x34, 0x23, 0x23, 0x22, 0x26,
  0x35, 0x35, 0x34, 0x36, 0x33, 0x33, 0x32, 0x16, 0x15, 0x15, 0x14, 0x06,
  0x23, 0x84, 0x60, 0x60, 0x50, 0x50, 0x61, 0x07, 0x05, 0x5c, 0x05, 0x07,
  0x21, 0x1c, 0x1c, 0x20, 0x20, 0x1c, 0x1c, 0x21, 0x05, 0x29, 0x05, 0x07,
  0x07, 0x05, 0x96, 0x05, 0x07, 0x61, 0x50, 0x07, 0x58, 0x4c, 0x01, 0x08,
  0x4c, 0x57, 0x58, 0x4c, 0x16, 0x05, 0x07, 0x07, 0x05, 0x18, 0x1d, 0x21,
  0x20, 0x1e, 0xfe, 0xf6, 0x1e, 0x21, 0x21, 0x1e, 0x40, 0x05, 0x07, 0x05,
  0x3a, 0x05, 0x07, 0x07, 0x05, 0x8a, 0x4c, 0x58, 0xff, 0xff, 0x00, 0x24,
  0xff, 0xf9, 0x01, 0x85, 0x02, 0xf5, 0x00, 0x22, 0x01, 0x91, 0x00, 0x00,
  0x01, 0x07, 0x02, 0x8e, 0x01, 0x57, 0x00, 0x49, 0x00, 0x08, 0xb1, 0x01,
  0x01, 0xb0, 0x49, 0xb0, 0x35, 0x2b, 0x00, 0x00, 0xff, 0xff, 0x00, 0x24,
  0xff, 0x46, 0x01, 0x85, 0x02, 0x48, 0x00, 0x22, 0x01, 0x91, 0x00, 0x00,
  0x01, 0x07, 0x02, 0x97, 0x01, 0x48, 0xff, 0xf9, 0x00, 0x09, 0xb1, 0x01,
  0x01, 0xb8, 0xff, 0xf9, 0xb0, 0x35, 0x2b, 0x00, 0xff, 0xff, 0x00, 0x24,
  0xff, 0xf9, 0x01, 0x85, 0x03, 0x1c, 0x00, 0x22, 0x01, 0x91, 0x00, 0x00,
  0x01, 0x07, 0x02, 0x88, 0x01, 0x21, 0x00, 0x49, 0x00, 0x08, 0xb1, 0x01,
  0x01, 0xb0, 0x49, 0xb0, 0x35, 0x2b, 0x00, 0x00, 0x00, 0x01, 0x00, 0x2d,
  0x00, 0x00, 0x01, 0x86, 0x02, 0x41, 0x00, 0x2b, 0x00, 0x31, 0x40, 0x2e,
  0x2b, 0x2a, 0x25, 0x1d, 0x04, 0x05, 0x00, 0x15, 0x14, 0x0f, 0x07, 0x04,
  0x01, 0x02, 0x02, 0x4c, 0x00, 0x05, 0x00, 0x02, 0x01, 0x05, 0x02, 0x67,
  0x04, 0x01, 0x00, 0x00, 0x28, 0x4d, 0x03, 0x01, 0x01, 0x01, 0x29, 0x01,
  0x4e, 0x16, 0x26, 0x25, 0x16, 0x26, 0x21, 0x06, 0x08, 0x1c, 0x2b, 0x00,
  0x36, 0x33, 0x33, 0x32, 0x16, 0x15, 0x11, 0x14, 0x06, 0x23, 0x23, 0x22,
  0x26, 0x35, 0x35, 0x34, 0x23, 0x23, 0x22, 0x15, 0x15, 0x14, 0x06, 0x23,
  0x23, 0x22, 0x26, 0x35, 0x11, 0x34, 0x36, 0x33, 0x33, 0x32, 0x16, 0x15,
  0x15, 0x14, 0x33, 0x33, 0x32, 0x35, 0x35, 0x01, 0x12, 0x07, 0x05, 0x5c,
  0x05, 0x07, 0x07, 0x05, 0x5c, 0x05, 0x07, 0x05, 0x67, 0x05, 0x07, 0x05,
  0x5c, 0x05, 0x07, 0x07, 0x05, 0x5c, 0x05, 0x07, 0x05, 0x67, 0x05, 0x02,
  0x3a, 0x07, 0x07, 0x05, 0xfd, 0xd7, 0x05, 0x07, 0x07, 0x05, 0xde, 0x05,
  0x05, 0xde, 0x05, 0x07, 0x07, 0x05, 0x02, 0x29, 0x05, 0x07, 0x07, 0x05,
  0xdd, 0x05, 0x05, 0xdd, 0x00, 0x02, 0xff, 0xf1, 0x00, 0x00, 0x01, 0xc2,
  0x02, 0x41, 0x00, 0x47, 0x00, 0x53, 0x00, 0x56, 0x40, 0x53, 0x44, 0x3c,
  0x3b, 0x36, 0x2e, 0x2d, 0x06, 0x05, 0x06, 0x27, 0x03, 0x02, 0x00, 0x05,
  0x50, 0x4f, 0x4a, 0x49, 0x20, 0x09, 0x06, 0x0b, 0x00, 0x18, 0x17, 0x12,
  0x0a, 0x04, 0x01, 0x02, 0x04, 0x4c, 0x09, 0x07, 0x02, 0x05, 0x0a, 0x04,
  0x02, 0x00, 0x0b, 0x05, 0x00, 0x67, 0x00, 0x0b, 0x00, 0x02, 0x01, 0x0b,
  0x02, 0x67, 0x08, 0x01, 0x06, 0x06, 0x28, 0x4d, 0x03, 0x01, 0x01, 0x01,
  0x29, 0x01, 0x4e, 0x53, 0x52, 0x4d, 0x4c, 0x47, 0x46, 0x25, 0x16, 0x25,
  0x26, 0x16, 0x25, 0x16, 0x25, 0x25, 0x0c, 0x08, 0x1f, 0x2b, 0x00, 0x16,
  0x15, 0x15, 0x14, 0x06, 0x23, 0x23, 0x22, 0x15, 0x11, 0x14, 0x06, 0x23,
  0x23, 0x22, 0x26, 0x35, 0x35, 0x34, 0x23, 0x23, 0x22, 0x15, 0x15, 0x14,
  0x06, 0x23, 0x23, 0x22, 0x26, 0x35, 0x11, 0x34, 0x23, 0x23, 0x22, 0x26,
  0x35, 0x35, 0x34, 0x36, 0x33, 0x33, 0x32, 0x35, 0x35, 0x34, 0x36, 0x33,
  0x33, 0x32, 0x16, 0x15, 0x15, 0x14, 0x33, 0x33, 0x32, 0x35, 0x35, 0x34,
  0x36, 0x33, 0x33, 0x32, 0x16, 0x15, 0x15, 0x14, 0x33, 0x33, 0x06, 0x35,
  0x35, 0x34, 0x23, 0x23, 0x22, 0x15, 0x15, 0x14, 0x33, 0x33, 0x01, 0xbb,
  0x07, 0x07, 0x05, 0x2b, 0x05, 0x07, 0x05, 0x5c, 0x05, 0x07, 0x05, 0x67,
  0x05, 0x07, 0x05, 0x5c, 0x05, 0x07, 0x05, 0x2b, 0x05, 0x07, 0x07, 0x05,
  0x2b, 0x05, 0x07, 0x05, 0x5c, 0x05, 0x07, 0x05, 0x67, 0x05, 0x07, 0x05,
  0x5c, 0x05, 0x07, 0x05, 0x2b, 0xa4, 0x05, 0x67, 0x05, 0x05, 0x67, 0x01,
  0xf3, 0x07, 0x05, 0x38, 0x05, 0x07, 0x05, 0xfe, 0x6e, 0x05, 0x07, 0x07,
  0x05, 0xde, 0x05, 0x05, 0xde, 0x05, 0x07, 0x07, 0x05, 0x01, 0x92, 0x05,
  0x07, 0x05, 0x38, 0x05, 0x07, 0x05, 0x3d, 0x05, 0x07, 0x07, 0x05, 0x3d,
  0x05, 0x05, 0x3d, 0x05, 0x07, 0x07, 0x05, 0x3d, 0x05, 0xa0, 0x05, 0x46,
  0x05, 0x05, 0x46, 0x05, 0x00, 0x01, 0x00, 0x2d, 0x00, 0x00, 0x00, 0xa1,
  0x02, 0x41, 0x00, 0x0f, 0x00, 0x1a, 0x40, 0x17, 0x0b, 0x03, 0x02, 0x01,
  0x00, 0x01, 0x4c, 0x00, 0x00, 0x00, 0x28, 0x4d, 0x00, 0x01, 0x01, 0x29,
  0x01, 0x4e, 0x26, 0x25, 0x02, 0x08, 0x18, 0x2b, 0x32, 0x26, 0x35, 0x11,
  0x34, 0x36, 0x33, 0x33, 0x32, 0x16, 0x15, 0x11, 0x14, 0x06, 0x23, 0x23,
  0x34, 0x07, 0x07, 0x05, 0x5c, 0x05, 0x07, 0x07, 0x05, 0x5c, 0x07, 0x05,
  0x02, 0x29, 0x05, 0x07, 0x07, 0x05, 0xfd, 0xd7, 0x05, 0x07, 0x00, 0x00,
  0xff, 0xff, 0x00, 0x2c, 0x00, 0x00, 0x00, 0xce, 0x03, 0x04, 0x00, 0x22,
  0x01, 0x97, 0x00, 0x00, 0x01, 0x07, 0x02, 0x8a, 0x00, 0xda, 0x00, 0x48,
  0x00, 0x08, 0xb1, 0x01, 0x01, 0xb0, 0x48, 0xb0, 0x35, 0x2b, 0x00, 0x00,
  0xff, 0xff, 0xff, 0xe0, 0x00, 0x00, 0x00, 0xea, 0x03, 0x04, 0x00, 0x22,
  0x01, 0x97, 0x00, 0x00, 0x01, 0x07, 0x02, 0x8c, 0x01, 0x02, 0x00, 0x48,
  0x00, 0x08, 0xb1, 0x01, 0x01, 0xb0, 0x48, 0xb0, 0x35, 0x2b, 0x00, 0x00,
  0xff, 0xff, 0xff, 0xca, 0x00, 0x00, 0x01, 0x03, 0x03, 0x1b, 0x00, 0x22,
  0x01, 0x97, 0x00, 0x00, 0x01, 0x07, 0x02, 0x87, 0x01, 0x03, 0x00, 0x48,
  0x00, 0x08, 0xb1, 0x01, 0x02, 0xb0, 0x48, 0xb0, 0x35, 0x2b, 0x00, 0x00,
  0xff, 0xff, 0x00, 0x21, 0x00, 0x00, 0x00, 0xae, 0x03, 0x1b, 0x00, 0x22,
  0x01, 0x97, 0x00, 0x00, 0x01, 0x07, 0x02, 0x88, 0x00, 0xb5, 0x00, 0x48,
  0x00, 0x08, 0xb1, 0x01, 0x01, 0xb0, 0x48, 0xb0, 0x35, 0x2b, 0x00, 0x00,
  0xff, 0xff, 0xff, 0xed, 0x00, 0x00, 0x00, 0xa1, 0x03, 0x04, 0x00, 0x22,
  0x01, 0x97, 0x00, 0x00, 0x01, 0x07, 0x02, 0x89, 0x00, 0x98, 0x00, 0x48,
  0x00, 0x08, 0xb1, 0x01, 0x01, 0xb0, 0x48, 0xb0, 0x35, 0x2b, 0x00, 0x00,
  0xff, 0xff, 0x00, 0x2d, 0xff, 0xf9, 0x02, 0x37, 0x02, 0x41, 0x00, 0x22,
  0x01, 0x97, 0x00, 0x00, 0x00, 0x03, 0x01, 0xa0, 0x00, 0xce, 0x00, 0x00,
  0xff, 0xff, 0xff, 0xf9, 0x00, 0x00, 0x00, 0xcf, 0x02, 0xf3, 0x00, 0x22,
  0x01, 0x97, 0x00, 0x00, 0x01, 0x07, 0x02, 0x91, 0x00, 0xcf, 0x00, 0x48,
  0x00, 0x08, 0xb1, 0x01, 0x01, 0xb0, 0x48, 0xb0, 0x35, 0x2b, 0x00, 0x00,
  0xff, 0xff, 0x00, 0x1f, 0xff, 0x43, 0x00, 0xae, 0x03, 0x1b, 0x00, 0x22,
  0x01, 0x97, 0x00, 0x00, 0x00, 0x23, 0x02, 0x99, 0x00, 0xac, 0x00, 0x00,
  0x01, 0x07, 0x02, 0x88, 0x00, 0xb5, 0x00, 0x48, 0x00, 0x08, 0xb1, 0x02,
  0x01, 0xb0, 0x48, 0xb0, 0x35, 0x2b, 0x00, 0x00, 0x00, 0x01, 0x00, 0x0d,
  0xff, 0xf9, 0x01, 0x69, 0x02, 0x41, 0x00, 0x1d, 0x00, 0x57, 0x40, 0x0a,
  0x12, 0x01, 0x00, 0x02, 0x03, 0x01, 0x01, 0x00, 0x02, 0x4c, 0x4b, 0xb0,
  0x0b, 0x50, 0x58, 0x40, 0x18, 0x00, 0x00, 0x02, 0x01, 0x01, 0x00, 0x72,
  0x00, 0x02, 0x02, 0x28, 0x4d, 0x00, 0x01, 0x01, 0x03, 0x62, 0x04, 0x01,
  0x03, 0x03, 0x2b, 0x03, 0x4e, 0x1b, 0x40, 0x19, 0x00, 0x00, 0x02, 0x01,
  0x02, 0x00, 0x01, 0x80, 0x00, 0x02, 0x02, 0x28, 0x4d, 0x00, 0x01, 0x01,
  0x03, 0x62, 0x04, 0x01, 0x03, 0x03, 0x2b, 0x03, 0x4e, 0x59, 0x40, 0x0c,
  0x00, 0x00, 0x00, 0x1d, 0x00, 0x1c, 0x25, 0x26, 0x25, 0x05, 0x08, 0x19,
  0x2b, 0x16, 0x26, 0x35, 0x35, 0x34, 0x36, 0x33, 0x33, 0x32, 0x16, 0x15,
  0x15, 0x14, 0x16, 0x33, 0x32, 0x36, 0x35, 0x11, 0x34, 0x36, 0x33, 0x33,
  0x32, 0x16, 0x15, 0x11, 0x14, 0x06, 0x23, 0x6c, 0x5f, 0x07, 0x05, 0x5c,
  0x05, 0x07, 0x1f, 0x1a, 0x1b, 0x20, 0x07, 0x05, 0x5c, 0x05, 0x07, 0x5f,
  0x50, 0x07, 0x57, 0x48, 0x32, 0x05, 0x07, 0x07, 0x05, 0x33, 0x1b, 0x1f,
  0x1f, 0x1b, 0x01, 0x9e, 0x05, 0x07, 0x07, 0x05, 0xfe, 0x63, 0x49, 0x56,
  0x00, 0x01, 0x00, 0x2d, 0x00, 0x00, 0x01, 0xa8, 0x02, 0x41, 0x00, 0x2c,
  0x00, 0x21, 0x40, 0x1e, 0x28, 0x25, 0x16, 0x0b, 0x03, 0x05, 0x02, 0x00,
  0x01, 0x4c, 0x01, 0x01, 0x00, 0x00, 0x28, 0x4d, 0x03, 0x01, 0x02, 0x02,
  0x29, 0x02, 0x4e, 0x2b, 0x3a, 0x29, 0x25, 0x04, 0x08, 0x1a, 0x2b, 0x32,
  0x26, 0x35, 0x11, 0x34, 0x36, 0x33, 0x33, 0x32, 0x16, 0x15, 0x15, 0x14,
  0x16, 0x37, 0x37, 0x36, 0x33, 0x33, 0x32, 0x16, 0x07, 0x07, 0x06, 0x17,
  0x13, 0x16, 0x15, 0x14, 0x23, 0x23, 0x22, 0x27, 0x27, 0x26, 0x26, 0x07,
  0x07, 0x06, 0x15, 0x15, 0x14, 0x06, 0x23, 0x23, 0x34, 0x07, 0x07, 0x05,
  0x5c, 0x05, 0x07, 0x04, 0x02, 0x7e, 0x04, 0x0a, 0x62, 0x07, 0x06, 0x04,
  0x80, 0x01, 0x01, 0x89, 0x01, 0x0a, 0x63, 0x0a, 0x04, 0x5f, 0x01, 0x05,
  0x01, 0x24, 0x02, 0x07, 0x05, 0x5c, 0x07, 0x05, 0x02, 0x29, 0x05, 0x07,
  0x07, 0x05, 0xcf, 0x04, 0x01, 0x03, 0xd5, 0x08, 0x08, 0x06, 0xdf, 0x02,
  0x04, 0xfe, 0xc0, 0x02, 0x04, 0x08, 0x09, 0xdf, 0x02, 0x01, 0x02, 0x3a,
  0x04, 0x02, 0x9d, 0x05, 0x07, 0x00, 0x00, 0x00, 0xff, 0xff, 0x00, 0x2d,
  0xff, 0x4d, 0x01, 0xa8, 0x02, 0x41, 0x00, 0x22, 0x01, 0xa1, 0x00, 0x00,
  0x00, 0x03, 0x02, 0x97, 0x01, 0x50, 0x00, 0x00, 0x00, 0x01, 0x00, 0x2d,
  0x00, 0x00, 0x01, 0x72, 0x02, 0x41, 0x00, 0x16, 0x00, 0x24, 0x40, 0x21,
  0x0b, 0x03, 0x02, 0x01, 0x00, 0x12, 0x01, 0x02, 0x01, 0x02, 0x4c, 0x00,
  0x00, 0x00, 0x28, 0x4d, 0x00, 0x01, 0x01, 0x02, 0x60, 0x00, 0x02, 0x02,
  0x29, 0x02, 0x4e, 0x26, 0x16, 0x25, 0x03, 0x08, 0x19, 0x2b, 0x32, 0x26,
  0x35, 0x11, 0x34, 0x36, 0x33, 0x33, 0x32, 0x16, 0x15, 0x11, 0x14, 0x33,
  0x33, 0x32, 0x16, 0x15, 0x15, 0x14, 0x06, 0x23, 0x21, 0x34, 0x07, 0x07,
  0x05, 0x5c, 0x05, 0x07, 0x05, 0xc0, 0x05, 0x07, 0x07, 0x05, 0xfe, 0xd3,
  0x07, 0x05, 0x02, 0x29, 0x05, 0x07, 0x07, 0x05, 0xfe, 0x34, 0x05, 0x07,
  0x05, 0x4c, 0x05, 0x07, 0xff, 0xff, 0x00, 0x2d, 0x00, 0x00, 0x01, 0x72,
  0x02, 0xfe, 0x00, 0x22, 0x01, 0xa3, 0x00, 0x00, 0x01, 0x07, 0x02, 0x8a,
  0x00, 0xdb, 0x00, 0x42, 0x00, 0x08, 0xb1, 0x01, 0x01, 0xb0, 0x42, 0xb0,
  0x35, 0x2b, 0x00, 0x00, 0x00, 0x02, 0x00, 0x2d, 0x00, 0x00, 0x01, 0x72,
  0x02, 0x41, 0x00, 0x16, 0x00, 0x25, 0x00, 0x2f, 0x40, 0x2c, 0x03, 0x01,
  0x04, 0x00, 0x0b, 0x01, 0x01, 0x04, 0x12, 0x01, 0x02, 0x01, 0x03, 0x4c,
  0x00, 0x04, 0x04, 0x00, 0x5f, 0x03, 0x01, 0x00, 0x00, 0x28, 0x4d, 0x00,
  0x01, 0x01, 0x02, 0x60, 0x00, 0x02, 0x02, 0x29, 0x02, 0x4e, 0x25, 0x35,
  0x26, 0x16, 0x25, 0x05, 0x08, 0x1b, 0x2b, 0x32, 0x26, 0x35, 0x11, 0x34,
  0x36, 0x33, 0x33, 0x32, 0x16, 0x15, 0x11, 0x14, 0x33, 0x33, 0x32, 0x16,
  0x15, 0x15, 0x14, 0x06, 0x23, 0x21, 0x12, 0x26, 0x37, 0x37, 0x36, 0x33,
  0x33, 0x32, 0x15, 0x14, 0x07, 0x07, 0x06, 0x23, 0x23, 0x34, 0x07, 0x07,
  0x05, 0x5c, 0x05, 0x07, 0x05, 0xc0, 0x05, 0x07, 0x07, 0x05, 0xfe, 0xd3,
  0x87, 0x04, 0x04, 0x39, 0x05, 0x09, 0x48, 0x0a, 0x04, 0x45, 0x07, 0x08,
  0x39, 0x07, 0x05, 0x02, 0x29, 0x05, 0x07, 0x07, 0x05, 0xfe, 0x34, 0x05,
  0x07, 0x05, 0x4c, 0x05, 0x07, 0x01, 0xdb, 0x09, 0x06, 0x50, 0x07, 0x07,
  0x04, 0x04, 0x50, 0x07, 0xff, 0xff, 0x00, 0x2d, 0xff, 0x4d, 0x01, 0x72,
  0x02, 0x41, 0x00, 0x22, 0x01, 0xa3, 0x00, 0x00, 0x00, 0x03, 0x02, 0x97,
  0x01, 0x2e, 0x00, 0x00, 0x00, 0x01, 0x00, 0x01, 0x00, 0x00, 0x01, 0xa6,
  0x02, 0x41, 0x00, 0x38, 0x00, 0x2c, 0x40, 0x29, 0x38, 0x37, 0x2d, 0x27,
  0x1f, 0x1e, 0x19, 0x14, 0x0e, 0x09, 0x00, 0x02, 0x06, 0x01, 0x01, 0x00,
  0x02, 0x4c, 0x00, 0x02, 0x02, 0x28, 0x4d, 0x00, 0x00, 0x00, 0x01, 0x60,
  0x00, 0x01, 0x01, 0x29, 0x01, 0x4e, 0x23, 0x21, 0x26, 0x11, 0x03, 0x08,
  0x18, 0x2b, 0x36, 0x33, 0x33, 0x32, 0x16, 0x15, 0x15, 0x14, 0x06, 0x23,
  0x21, 0x22, 0x26, 0x35, 0x35, 0x34, 0x26, 0x07, 0x07, 0x06, 0x23, 0x22,
  0x27, 0x27, 0x26, 0x35, 0x34, 0x37, 0x37, 0x36, 0x35, 0x11, 0x34, 0x36,
  0x33, 0x33, 0x32, 0x16, 0x15, 0x15, 0x14, 0x16, 0x37, 0x37, 0x36, 0x33,
  0x32, 0x17, 0x17, 0x16, 0x15, 0x14, 0x07, 0x07, 0x06, 0x15, 0x15, 0xd5,
  0x05, 0xc0, 0x05, 0x07, 0x07, 0x05, 0xfe, 0xd3, 0x05, 0x07, 0x04, 0x02,
  0x23, 0x05, 0x03, 0x04, 0x05, 0x23, 0x03, 0x05, 0x58, 0x03, 0x07, 0x05,
  0x5c, 0x05, 0x07, 0x04, 0x02, 0x6d, 0x05, 0x03, 0x04, 0x05, 0x22, 0x04,
  0x05, 0xa2, 0x03, 0x64, 0x07, 0x05, 0x4c, 0x05, 0x07, 0x07, 0x05, 0x9f,
  0x03, 0x02, 0x02, 0x1c, 0x03, 0x05, 0x2a, 0x05, 0x03, 0x04, 0x05, 0x46,
  0x02, 0x04, 0x01, 0x1a, 0x05, 0x07, 0x07, 0x05, 0xba, 0x03, 0x02, 0x02,
  0x57, 0x03, 0x05, 0x2b, 0x06, 0x02, 0x03, 0x05, 0x81, 0x01, 0x05, 0xa2,
  0x00, 0x01, 0x00, 0x2d, 0x00, 0x00, 0x01, 0xb5, 0x02, 0x41, 0x00, 0x2d,
  0x00, 0x2d, 0x40, 0x2a, 0x23, 0x17, 0x0e, 0x03, 0x02, 0x00, 0x1b, 0x06,
  0x02, 0x01, 0x02, 0x02, 0x4c, 0x00, 0x02, 0x00, 0x01, 0x00, 0x02, 0x01,
  0x80, 0x04, 0x01, 0x00, 0x00, 0x28, 0x4d, 0x03, 0x01, 0x01, 0x01, 0x29,
  0x01, 0x4e, 0x36, 0x28, 0x29, 0x26, 0x20, 0x05, 0x08, 0x1b, 0x2b, 0x00,
  0x33, 0x33, 0x32, 0x16, 0x15, 0x11, 0x14, 0x06, 0x23, 0x23, 0x22, 0x26,
  0x35, 0x11, 0x34, 0x26, 0x07, 0x07, 0x06, 0x23, 0x22, 0x27, 0x27, 0x26,
  0x06, 0x15, 0x11, 0x14, 0x06, 0x23, 0x23, 0x22, 0x26, 0x35, 0x11, 0x34,
  0x36, 0x33, 0x33, 0x32, 0x17, 0x17, 0x16, 0x37, 0x37, 0x01, 0x42, 0x0a,
  0x5d, 0x05, 0x07, 0x07, 0x05, 0x5c, 0x05, 0x07, 0x05, 0x01, 0x40, 0x05,
  0x04, 0x05, 0x05, 0x41, 0x01, 0x05, 0x07, 0x05, 0x5c, 0x05, 0x07, 0x07,
  0x05, 0x5d, 0x0a, 0x04, 0x4a, 0x03, 0x03, 0x4a, 0x02, 0x41, 0x07, 0x05,
  0xfd, 0xd7, 0x05, 0x07, 0x07, 0x05, 0x01, 0x5f, 0x03, 0x02, 0x03, 0x61,
  0x08, 0x08, 0x62, 0x03, 0x02, 0x03, 0xfe, 0xa0, 0x05, 0x07, 0x07, 0x05,
  0x02, 0x29, 0x05, 0x07, 0x08, 0x7c, 0x06, 0x06, 0x7c, 0x00, 0x00, 0x00,
  0x00, 0x01, 0x00, 0x2d, 0x00, 0x00, 0x01, 0xa3, 0x02, 0x40, 0x00, 0x25,
  0x00, 0x22, 0x40, 0x1f, 0x25, 0x21, 0x1a, 0x12, 0x0e, 0x07, 0x06, 0x01,
  0x00, 0x01, 0x4c, 0x03, 0x01, 0x00, 0x00, 0x28, 0x4d, 0x02, 0x01, 0x01,
  0x01, 0x29, 0x01, 0x4e, 0x36, 0x28, 0x36, 0x21, 0x04, 0x08, 0x1a, 0x2b,
  0x00, 0x36, 0x33, 0x33, 0x32, 0x16, 0x15, 0x11, 0x14, 0x06, 0x23, 0x23,
  0x22, 0x27, 0x03, 0x26, 0x06, 0x15, 0x13, 0x14, 0x06, 0x23, 0x23, 0x22,
  0x26, 0x35, 0x11, 0x34, 0x36, 0x33, 0x33, 0x32, 0x17, 0x13, 0x16, 0x36,
  0x35, 0x03, 0x01, 0x30, 0x07, 0x05, 0x5b, 0x05, 0x07, 0x07, 0x05, 0x5d,
  0x0a, 0x04, 0x88, 0x02, 0x04, 0x02, 0x07, 0x05, 0x5b, 0x05, 0x07, 0x07,
  0x05, 0x5b, 0x0a, 0x04, 0x89, 0x02, 0x04, 0x01, 0x02, 0x39, 0x07, 0x07,
  0x05, 0xfd, 0xd8, 0x05, 0x07, 0x09, 0x01, 0x36, 0x03, 0x01, 0x04, 0xfe,
  0xcf, 0x05, 0x07, 0x07, 0x05, 0x02, 0x28, 0x05, 0x07, 0x09, 0xfe, 0xc8,
  0x03, 0x01, 0x04, 0x01, 0x33, 0x00, 0x00, 0x00, 0xff, 0xff, 0x00, 0x2d,
  0x00, 0x00, 0x01, 0xa3, 0x03, 0x08, 0x00, 0x22, 0x01, 0xa9, 0x00, 0x00,
  0x01, 0x07, 0x02, 0x8a, 0x01, 0x59, 0x00, 0x4c, 0x00, 0x08, 0xb1, 0x01,
  0x01, 0xb0, 0x4c, 0xb0, 0x35, 0x2b, 0x00, 0x00, 0xff, 0xff, 0x00, 0x2d,
  0x00, 0x00, 0x01, 0xa3, 0x03, 0x07, 0x00, 0x22, 0x01, 0xa9, 0x00, 0x00,
  0x01, 0x07, 0x02, 0x8d, 0x01, 0x84, 0x00, 0x4b, 0x00, 0x08, 0xb1, 0x01,
  0x01, 0xb0, 0x4b, 0xb0, 0x35, 0x2b, 0x00, 0x00, 0xff, 0xff, 0x00, 0x2d,
  0xff, 0x4d, 0x01, 0xa3, 0x02, 0x40, 0x00, 0x22, 0x01, 0xa9, 0x00, 0x00,
  0x00, 0x03, 0x02, 0x97, 0x01, 0x63, 0x00, 0x00, 0x00, 0x01, 0x00, 0x2d,
  0xff, 0x63, 0x01, 0xa3, 0x02, 0x40, 0x00, 0x2f, 0x00, 0x29, 0x40, 0x26,
  0x2f, 0x2e, 0x23, 0x1b, 0x17, 0x15, 0x06, 0x03, 0x00, 0x01, 0x4c, 0x00,
  0x02, 0x00, 0x01, 0x02, 0x01, 0x66, 0x04, 0x01, 0x00, 0x00, 0x28, 0x4d,
  0x00, 0x03, 0x03, 0x29, 0x03, 0x4e, 0x36, 0x2c, 0x23, 0x27, 0x21, 0x05,
  0x08, 0x1b, 0x2b, 0x00, 0x36, 0x33, 0x33, 0x32, 0x16, 0x15, 0x11, 0x14,
  0x06, 0x06, 0x27, 0x22, 0x35, 0x35, 0x34, 0x33, 0x32, 0x36, 0x36, 0x35,
  0x35, 0x27, 0x03, 0x26, 0x06, 0x15, 0x13, 0x14, 0x06, 0x23, 0x23, 0x22,
  0x26, 0x35, 0x11, 0x34, 0x36, 0x33, 0x33, 0x32, 0x17, 0x13, 0x16, 0x33,
  0x32, 0x35, 0x03, 0x01, 0x30, 0x07, 0x05, 0x5b, 0x05, 0x07, 0x14, 0x4b,
  0x4f, 0x0d, 0x0d, 0x19, 0x14, 0x03, 0x01, 0x80, 0x02, 0x04, 0x02, 0x07,
  0x05, 0x5b, 0x05, 0x07, 0x07, 0x05, 0x5b, 0x0a, 0x04, 0x85, 0x02, 0x04,
  0x04, 0x01, 0x02, 0x39, 0x07, 0x07, 0x05, 0xfd, 0xcc, 0x3b, 0x3f, 0x23,
  0x01, 0x0c, 0x4c, 0x0b, 0x10, 0x17, 0x1e, 0x0a, 0x06, 0x01, 0x23, 0x03,
  0x01, 0x04, 0xfe, 0xcf, 0x05, 0x07, 0x07, 0x05, 0x02, 0x28, 0x05, 0x07,
  0x09, 0xfe, 0xd0, 0x04, 0x05, 0x01, 0x2c, 0x00, 0xff, 0xff, 0x00, 0x2d,
  0x00, 0x00, 0x01, 0xa3, 0x03, 0x0f, 0x00, 0x22, 0x01, 0xa9, 0x00, 0x00,
  0x01, 0x07, 0x02, 0x90, 0x01, 0x85, 0x00, 0x4c, 0x00, 0x08, 0xb1, 0x01,
  0x01, 0xb0, 0x4c, 0xb0, 0x35, 0x2b, 0x00, 0x00, 0x00, 0x02, 0x00, 0x24,
  0xff, 0xf9, 0x01, 0x88, 0x02, 0x48, 0x00, 0x0d, 0x00, 0x1b, 0x00, 0x2c,
  0x40, 0x29, 0x00, 0x02, 0x02, 0x00, 0x61, 0x00, 0x00, 0x00, 0x2a, 0x4d,
  0x05, 0x01, 0x03, 0x03, 0x01, 0x61, 0x04, 0x01, 0x01, 0x01, 0x2b, 0x01,
  0x4e, 0x0e, 0x0e, 0x00, 0x00, 0x0e, 0x1b, 0x0e, 0x1a, 0x15, 0x13, 0x00,
  0x0d, 0x00, 0x0c, 0x25, 0x06, 0x08, 0x17, 0x2b, 0x16, 0x26, 0x35, 0x35,
  0x34, 0x36, 0x33, 0x32, 0x16, 0x15, 0x15, 0x14, 0x06, 0x23, 0x36, 0x36,
  0x35, 0x35, 0x34, 0x26, 0x23, 0x22, 0x06, 0x15, 0x15, 0x14, 0x16, 0x33,
  0x84, 0x60, 0x60, 0x52, 0x52, 0x60, 0x60, 0x52, 0x1e, 0x20, 0x20, 0x1e,
  0x1d, 0x21, 0x21, 0x1d, 0x07, 0x5d, 0x51, 0xf3, 0x52, 0x5c, 0x5c, 0x52,
  0xf3, 0x51, 0x5d, 0x64, 0x24, 0x21, 0xfd, 0x21, 0x24, 0x24, 0x21, 0xfd,
  0x21, 0x24, 0x00, 0x00, 0xff, 0xff, 0x00, 0x24, 0xff, 0xf9, 0x01, 0x88,
  0x03, 0x02, 0x00, 0x22, 0x01, 0xaf, 0x00, 0x00, 0x01, 0x07, 0x02, 0x8a,
  0x01, 0x49, 0x00, 0x46, 0x00, 0x08, 0xb1, 0x02, 0x01, 0xb0, 0x46, 0xb0,
  0x35, 0x2b, 0x00, 0x00, 0xff, 0xff, 0x00, 0x24, 0xff, 0xf9, 0x01, 0x88,
  0x03, 0x02, 0x00, 0x22, 0x01, 0xaf, 0x00, 0x00, 0x01, 0x07, 0x02, 0x8c,
  0x01, 0x71, 0x00, 0x46, 0x00, 0x08, 0xb1, 0x02, 0x01, 0xb0, 0x46, 0xb0,
  0x35, 0x2b, 0x00, 0x00, 0xff, 0xff, 0x00, 0x24, 0xff, 0xf9, 0x01, 0x88,
  0x03, 0x19, 0x00, 0x22, 0x01, 0xaf, 0x00, 0x00, 0x01, 0x07, 0x02, 0x87,
  0x01, 0x72, 0x00, 0x46, 0x00, 0x08, 0xb1, 0x02, 0x02, 0xb0, 0x46, 0xb0,
  0x35, 0x2b, 0x00, 0x00, 0xff, 0xff, 0x00, 0x24, 0xff, 0xf9, 0x01, 0x88,
  0x03, 0x02, 0x00, 0x22, 0x01, 0xaf, 0x00, 0x00, 0x01, 0x07, 0x02, 0x89,
  0x01, 0x07, 0x00, 0x46, 0x00, 0x08, 0xb1, 0x02, 0x01, 0xb0, 0x46, 0xb0,
  0x35, 0x2b, 0x00, 0x00, 0xff, 0xff, 0x00, 0x24, 0xff, 0xf9, 0x01, 0x91,
  0x03, 0x02, 0x00, 0x22, 0x01, 0xaf, 0x00, 0x00, 0x01, 0x07, 0x02, 0x8b,
  0x01, 0xa6, 0x00, 0x46, 0x00, 0x08, 0xb1, 0x02, 0x02, 0xb0, 0x46, 0xb0,
  0x35, 0x2b, 0x00, 0x00, 0xff, 0xff, 0x00, 0x24, 0xff, 0xf9, 0x01, 0x88,
  0x02, 0xf1, 0x00, 0x22, 0x01, 0xaf, 0x00, 0x00, 0x01, 0x07, 0x02, 0x91,
  0x01, 0x3e, 0x00, 0x46, 0x00, 0x08, 0xb1, 0x02, 0x01, 0xb0, 0x46, 0xb0,
  0x35, 0x2b, 0x00, 0x00, 0x00, 0x03, 0x00, 0x12, 0xff, 0xe9, 0x01, 0x98,
  0x02, 0x5c, 0x00, 0x26, 0x00, 0x32, 0x00, 0x3e, 0x00, 0x35, 0x40, 0x32,
  0x20, 0x02, 0x02, 0x02, 0x01, 0x37, 0x33, 0x2b, 0x27, 0x04, 0x03, 0x02,
  0x16, 0x0c, 0x02, 0x00, 0x03, 0x03, 0x4c, 0x00, 0x02, 0x02, 0x01, 0x61,
  0x00, 0x01, 0x01, 0x2a, 0x4d, 0x00, 0x03, 0x03, 0x00, 0x61, 0x00, 0x00,
  0x00, 0x2b, 0x00, 0x4e, 0x3c, 0x3a, 0x30, 0x2e, 0x1f, 0x1d, 0x29, 0x04,
  0x08, 0x17, 0x2b, 0x00, 0x07, 0x07, 0x06, 0x17, 0x16, 0x15, 0x15, 0x14,
  0x06, 0x23, 0x22, 0x27, 0x26, 0x07, 0x07, 0x06, 0x06, 0x27, 0x27, 0x26,
  0x37, 0x37, 0x36, 0x27, 0x26, 0x35, 0x35, 0x34, 0x36, 0x33, 0x32, 0x17,
  0x16, 0x37, 0x37, 0x36, 0x17, 0x17, 0x03, 0x14, 0x32, 0x37, 0x37, 0x36,
  0x27, 0x26, 0x23, 0x22, 0x06, 0x15, 0x17, 0x34, 0x26, 0x07, 0x07, 0x06,
  0x17, 0x16, 0x33, 0x32, 0x36, 0x35, 0x01, 0x98, 0x05, 0x1b, 0x01, 0x01,
  0x10, 0x60, 0x52, 0x36, 0x2b, 0x05, 0x01, 0x10, 0x03, 0x09, 0x05, 0x32,
  0x0a, 0x06, 0x1c, 0x01, 0x01, 0x10, 0x60, 0x52, 0x38, 0x28, 0x05, 0x01,
  0x10, 0x06, 0x0a, 0x33, 0xf7, 0x04, 0x02, 0x66, 0x02, 0x03, 0x11, 0x1c,
  0x1d, 0x21, 0x7c, 0x04, 0x02, 0x66, 0x02, 0x03, 0x0f, 0x1e, 0x1e, 0x20,
  0x02, 0x2f, 0x0a, 0x33, 0x04, 0x02, 0x23, 0x2f, 0xf3, 0x51, 0x5d, 0x17,
  0x02, 0x04, 0x1d, 0x05, 0x03, 0x03, 0x1f, 0x07, 0x09, 0x34, 0x04, 0x02,
  0x23, 0x2f, 0xf3, 0x52, 0x5c, 0x16, 0x02, 0x04, 0x1d, 0x0b, 0x07, 0x20,
  0xfe, 0xde, 0x04, 0x03, 0xba, 0x05, 0x02, 0x11, 0x24, 0x21, 0x70, 0x04,
  0x01, 0x03, 0xbb, 0x04, 0x03, 0x12, 0x24, 0x21, 0xff, 0xff, 0x00, 0x24,
  0xff, 0xf9, 0x01, 0x88, 0x03, 0x09, 0x00, 0x22, 0x01, 0xaf, 0x00, 0x00,
  0x01, 0x07, 0x02, 0x90, 0x01, 0x75, 0x00, 0x46, 0x00, 0x08, 0xb1, 0x02,
  0x01, 0xb0, 0x46, 0xb0, 0x35, 0x2b, 0x00, 0x00, 0x00, 0x02, 0x00, 0x24,
  0xff, 0xf9, 0x02, 0x59, 0x02, 0x48, 0x00, 0x3f, 0x00, 0x4d, 0x00, 0xb5,
  0x4b, 0xb0, 0x22, 0x50, 0x58, 0x40, 0x1b, 0x3f, 0x36, 0x33, 0x03, 0x00,
  0x06, 0x06, 0x05, 0x02, 0x01, 0x00, 0x0d, 0x01, 0x02, 0x01, 0x14, 0x13,
  0x02, 0x03, 0x02, 0x23, 0x1b, 0x02, 0x04, 0x03, 0x05, 0x4c, 0x1b, 0x40,
  0x1b, 0x3f, 0x36, 0x33, 0x03, 0x08, 0x07, 0x06, 0x05, 0x02, 0x01, 0x00,
  0x0d, 0x01, 0x02, 0x01, 0x14, 0x13, 0x02, 0x03, 0x02, 0x23, 0x1b, 0x02,
  0x04, 0x09, 0x05, 0x4c, 0x59, 0x4b, 0xb0, 0x22, 0x50, 0x58, 0x40, 0x22,
  0x00, 0x01, 0x00, 0x02, 0x03, 0x01, 0x02, 0x67, 0x08, 0x01, 0x00, 0x00,
  0x06, 0x61, 0x07, 0x01, 0x06, 0x06, 0x2a, 0x4d, 0x0a, 0x09, 0x02, 0x03,
  0x03, 0x04, 0x61, 0x05, 0x01, 0x04, 0x04, 0x29, 0x04, 0x4e, 0x1b, 0x40,
  0x32, 0x00, 0x01, 0x00, 0x02, 0x03, 0x01, 0x02, 0x67, 0x00, 0x08, 0x08,
  0x06, 0x61, 0x00, 0x06, 0x06, 0x2a, 0x4d, 0x00, 0x00, 0x00, 0x07, 0x5f,
  0x00, 0x07, 0x07, 0x28, 0x4d, 0x00, 0x03, 0x03, 0x04, 0x5f, 0x00, 0x04,
  0x04, 0x29, 0x4d, 0x0a, 0x01, 0x09, 0x09, 0x05, 0x61, 0x00, 0x05, 0x05,
  0x2b, 0x05, 0x4e, 0x59, 0x40, 0x12, 0x40, 0x40, 0x40, 0x4d, 0x40, 0x4c,
  0x2a, 0x27, 0x27, 0x28, 0x26, 0x15, 0x26, 0x15, 0x21, 0x0b, 0x08, 0x1f,
  0x2b, 0x00, 0x06, 0x23, 0x23, 0x22, 0x15, 0x15, 0x14, 0x33, 0x33, 0x32,
  0x16, 0x15, 0x15, 0x14, 0x06, 0x23, 0x23, 0x22, 0x15, 0x15, 0x14, 0x33,
  0x33, 0x32, 0x16, 0x15, 0x15, 0x14, 0x06, 0x23, 0x21, 0x22, 0x26, 0x35,
  0x35, 0x34, 0x26, 0x07, 0x06, 0x23, 0x22, 0x26, 0x26, 0x35, 0x35, 0x34,
  0x36, 0x36, 0x33, 0x32, 0x17, 0x16, 0x36, 0x35, 0x35, 0x34, 0x36, 0x33,
  0x21, 0x32, 0x16, 0x15, 0x15, 0x00, 0x36, 0x35, 0x35, 0x34, 0x26, 0x23,
  0x22, 0x06, 0x15, 0x15, 0x14, 0x16, 0x33, 0x02, 0x59, 0x07, 0x05, 0xc0,
  0x05, 0x05, 0x70, 0x05, 0x07, 0x07, 0x05, 0x70, 0x05, 0x05, 0xc0, 0x05,
  0x07, 0x07, 0x05, 0xfe, 0xd3, 0x05, 0x07, 0x04, 0x02, 0x23, 0x32, 0x28,
  0x44, 0x29, 0x29, 0x44, 0x28, 0x32, 0x23, 0x02, 0x04, 0x07, 0x05, 0x01,
  0x2d, 0x05, 0x07, 0xfe, 0x9b, 0x20, 0x20, 0x1e, 0x1d, 0x21, 0x21, 0x1d,
  0x01, 0xe4, 0x07, 0x05, 0x80, 0x05, 0x07, 0x05, 0x4c, 0x05, 0x07, 0x05,
  0x81, 0x05, 0x07, 0x05, 0x4c, 0x05, 0x07, 0x07, 0x05, 0x04, 0x03, 0x02,
  0x02, 0x1a, 0x2a, 0x4f, 0x35, 0xf3, 0x35, 0x4f, 0x2a, 0x1a, 0x02, 0x02,
  0x03, 0x04, 0x05, 0x07, 0x07, 0x05, 0x4c, 0xfe, 0x74, 0x24, 0x21, 0xfd,
  0x21, 0x24, 0x24, 0x21, 0xfd, 0x21, 0x24, 0x00, 0x00, 0x02, 0x00, 0x29,
  0x00, 0x00, 0x01, 0x8c, 0x02, 0x42, 0x00, 0x15, 0x00, 0x22, 0x00, 0x40,
  0x40, 0x3d, 0x11, 0x01, 0x03, 0x02, 0x1f, 0x1e, 0x02, 0x04, 0x03, 0x09,
  0x08, 0x02, 0x01, 0x00, 0x03, 0x4c, 0x06, 0x01, 0x04, 0x00, 0x00, 0x01,
  0x04, 0x00, 0x67, 0x00, 0x03, 0x03, 0x02, 0x5f, 0x05, 0x01, 0x02, 0x02,
  0x28, 0x4d, 0x00, 0x01, 0x01, 0x29, 0x01, 0x4e, 0x16, 0x16, 0x00, 0x00,
  0x16, 0x22, 0x16, 0x21, 0x1c, 0x1a, 0x00, 0x15, 0x00, 0x13, 0x25, 0x24,
  0x07, 0x08, 0x18, 0x2b, 0x00, 0x16, 0x15, 0x14, 0x06, 0x23, 0x23, 0x22,
  0x15, 0x15, 0x14, 0x06, 0x23, 0x23, 0x22, 0x26, 0x35, 0x11, 0x34, 0x36,
  0x33, 0x33, 0x16, 0x36, 0x35, 0x34, 0x26, 0x23, 0x23, 0x22, 0x15, 0x15,
  0x14, 0x33, 0x33, 0x01, 0x2f, 0x5d, 0x5a, 0x48, 0x48, 0x05, 0x07, 0x05,
  0x5c, 0x05, 0x07, 0x07, 0x05, 0xb0, 0x0c, 0x27, 0x27, 0x1f, 0x30, 0x05,
  0x05, 0x30, 0x02, 0x42, 0x62, 0x4e, 0x4c, 0x5d, 0x05, 0xd8, 0x05, 0x07,
  0x07, 0x05, 0x02, 0x2a, 0x05, 0x07, 0xff, 0x29, 0x24, 0x25, 0x29, 0x05,
  0x91, 0x05, 0x00, 0x00, 0x00, 0x02, 0x00, 0x29, 0x00, 0x00, 0x01, 0x8b,
  0x02, 0x41, 0x00, 0x1c, 0x00, 0x29, 0x00, 0x45, 0x40, 0x42, 0x19, 0x11,
  0x02, 0x03, 0x02, 0x26, 0x25, 0x02, 0x05, 0x04, 0x09, 0x08, 0x02, 0x01,
  0x00, 0x03, 0x4c, 0x06, 0x01, 0x03, 0x00, 0x04, 0x05, 0x03, 0x04, 0x69,
  0x07, 0x01, 0x05, 0x00, 0x00, 0x01, 0x05, 0x00, 0x67, 0x00, 0x02, 0x02,
  0x28, 0x4d, 0x00, 0x01, 0x01, 0x29, 0x01, 0x4e, 0x1d, 0x1d, 0x00, 0x00,
  0x1d, 0x29, 0x1d, 0x28, 0x23, 0x21, 0x00, 0x1c, 0x00, 0x1b, 0x26, 0x25,
  0x24, 0x08, 0x08, 0x19, 0x2b, 0x00, 0x16, 0x15, 0x14, 0x06, 0x23, 0x23,
  0x22, 0x15, 0x15, 0x14, 0x06, 0x23, 0x23, 0x22, 0x26, 0x35, 0x11, 0x34,
  0x36, 0x33, 0x33, 0x32, 0x16, 0x15, 0x15, 0x14, 0x33, 0x33, 0x16, 0x36,
  0x35, 0x34, 0x26, 0x23, 0x23, 0x22, 0x15, 0x15, 0x14, 0x33, 0x33, 0x01,
  0x2e, 0x5d, 0x59, 0x48, 0x48, 0x05, 0x07, 0x05, 0x5c, 0x05, 0x07, 0x07,
  0x05, 0x5c, 0x05, 0x07, 0x05, 0x42, 0x0d, 0x26, 0x26, 0x20, 0x2f, 0x05,
  0x05, 0x2f, 0x01, 0xce, 0x62, 0x4d, 0x4d, 0x5e, 0x05, 0x63, 0x05, 0x07,
  0x07, 0x05, 0x02, 0x29, 0x05, 0x07, 0x07, 0x05, 0x62, 0x05, 0xfe, 0x28,
  0x24, 0x25, 0x28, 0x05, 0x8f, 0x05, 0x00, 0x00, 0x00, 0x02, 0x00, 0x24,
  0xff, 0xb0, 0x01, 0x7f, 0x02, 0x48, 0x00, 0x1a, 0x00, 0x28, 0x00, 0x2c,
  0x40, 0x29, 0x11, 0x09, 0x08, 0x03, 0x00, 0x03, 0x01, 0x4c, 0x00, 0x03,
  0x00, 0x00, 0x03, 0x00, 0x63, 0x00, 0x02, 0x02, 0x01, 0x61, 0x04, 0x01,
  0x01, 0x01, 0x2a, 0x02, 0x4e, 0x00, 0x00, 0x26, 0x24, 0x1f, 0x1d, 0x00,
  0x1a, 0x00, 0x19, 0x2b, 0x05, 0x08, 0x17, 0x2b, 0x00, 0x16, 0x15, 0x15,
  0x14, 0x06, 0x07, 0x06, 0x15, 0x15, 0x14, 0x06, 0x23, 0x23, 0x22, 0x26,
  0x35, 0x35, 0x34, 0x27, 0x26, 0x26, 0x35, 0x35, 0x34, 0x36, 0x33, 0x17,
  0x34, 0x26, 0x23, 0x22, 0x06, 0x15, 0x11, 0x14, 0x16, 0x33, 0x32, 0x36,
  0x35, 0x01, 0x20, 0x5f, 0x3b, 0x35, 0x04, 0x07, 0x05, 0x5d, 0x05, 0x07,
  0x04, 0x34, 0x3a, 0x5e, 0x4f, 0x3a, 0x20, 0x1a, 0x1a, 0x1f, 0x1f, 0x1a,
  0x1a, 0x20, 0x02, 0x48, 0x60, 0x53, 0xe9, 0x41, 0x58, 0x11, 0x01, 0x04,
  0x41, 0x05, 0x07, 0x07, 0x05, 0x41, 0x04, 0x01, 0x11, 0x59, 0x40, 0xe9,
  0x53, 0x60, 0xa7, 0x20, 0x23, 0x23, 0x20, 0xfe, 0xff, 0x20, 0x23, 0x23,
  0x20, 0x00, 0x00, 0x00, 0x00, 0x02, 0x00, 0x2d, 0x00, 0x00, 0x01, 0x93,
  0x02, 0x42, 0x00, 0x22, 0x00, 0x2f, 0x00, 0x41, 0x40, 0x3e, 0x10, 0x01,
  0x05, 0x02, 0x25, 0x24, 0x02, 0x04, 0x05, 0x1a, 0x01, 0x00, 0x04, 0x08,
  0x07, 0x02, 0x01, 0x00, 0x04, 0x4c, 0x00, 0x04, 0x00, 0x00, 0x01, 0x04,
  0x00, 0x67, 0x00, 0x05, 0x05, 0x02, 0x5f, 0x00, 0x02, 0x02, 0x28, 0x4d,
  0x06, 0x03, 0x02, 0x01, 0x01, 0x29, 0x01, 0x4e, 0x00, 0x00, 0x2f, 0x2d,
  0x29, 0x27, 0x00, 0x22, 0x00, 0x20, 0x36, 0x25, 0x14, 0x07, 0x08, 0x19,
  0x2b, 0x20, 0x27, 0x27, 0x26, 0x23, 0x23, 0x22, 0x15, 0x15, 0x14, 0x06,
  0x23, 0x23, 0x22, 0x26, 0x35, 0x11, 0x34, 0x36, 0x33, 0x33, 0x32, 0x16,
  0x15, 0x14, 0x06, 0x07, 0x06, 0x17, 0x17, 0x16, 0x15, 0x14, 0x23, 0x23,
  0x02, 0x15, 0x15, 0x14, 0x33, 0x33, 0x32, 0x36, 0x35, 0x34, 0x26, 0x23,
  0x23, 0x01, 0x1f, 0x03, 0x48, 0x02, 0x03, 0x29, 0x05, 0x07, 0x05, 0x5c,
  0x05, 0x07, 0x07, 0x05, 0xaf, 0x4b, 0x5d, 0x2a, 0x25, 0x04, 0x02, 0x53,
  0x01, 0x0b, 0x5f, 0x88, 0x05, 0x30, 0x1f, 0x27, 0x27, 0x1f, 0x30, 0x0a,
  0xe1, 0x04, 0x05, 0xde, 0x05, 0x07, 0x07, 0x05, 0x02, 0x2a, 0x05, 0x07,
  0x61, 0x4d, 0x31, 0x4c, 0x14, 0x01, 0x05, 0xef, 0x02, 0x03, 0x09, 0x01,
  0xde, 0x05, 0x8b, 0x05, 0x27, 0x23, 0x23, 0x28, 0xff, 0xff, 0x00, 0x2d,
  0x00, 0x00, 0x01, 0x93, 0x02, 0xfe, 0x00, 0x22, 0x01, 0xbc, 0x00, 0x00,
  0x01, 0x07, 0x02, 0x8a, 0x01, 0x42, 0x00, 0x42, 0x00, 0x08, 0xb1, 0x02,
  0x01, 0xb0, 0x42, 0xb0, 0x35, 0x2b, 0x00, 0x00, 0xff, 0xff, 0x00, 0x2d,
  0x00, 0x00, 0x01, 0x93, 0x02, 0xfd, 0x00, 0x22, 0x01, 0xbc, 0x00, 0x00,
  0x01, 0x07, 0x02, 0x8d, 0x01, 0x6d, 0x00, 0x41, 0x00, 0x08, 0xb1, 0x02,
  0x01, 0xb0, 0x41, 0xb0, 0x35, 0x2b, 0x00, 0x00, 0xff, 0xff, 0x00, 0x2d,
  0xff, 0x4d, 0x01, 0x93, 0x02, 0x42, 0x00, 0x22, 0x01, 0xbc, 0x00, 0x00,
  0x00, 0x03, 0x02, 0x97, 0x01, 0x51, 0x00, 0x00, 0x00, 0x01, 0x00, 0x1f,
  0xff, 0xf9, 0x01, 0x7b, 0x02, 0x48, 0x00, 0x37, 0x00, 0x70, 0x40, 0x0a,
  0x1f, 0x01, 0x03, 0x04, 0x03, 0x01, 0x01, 0x00, 0x02, 0x4c, 0x4b, 0xb0,
  0x10, 0x50, 0x58, 0x40, 0x23, 0x00, 0x03, 0x04, 0x00, 0x04, 0x03, 0x72,
  0x00, 0x00, 0x01, 0x01, 0x00, 0x70, 0x00, 0x04, 0x04, 0x02, 0x61, 0x00,
  0x02, 0x02, 0x2a, 0x4d, 0x00, 0x01, 0x01, 0x05, 0x62, 0x06, 0x01, 0x05,
  0x05, 0x2b, 0x05, 0x4e, 0x1b, 0x40, 0x25, 0x00, 0x03, 0x04, 0x00, 0x04,
  0x03, 0x00, 0x80, 0x00, 0x00, 0x01, 0x04, 0x00, 0x01, 0x7e, 0x00, 0x04,
  0x04, 0x02, 0x61, 0x00, 0x02, 0x02, 0x2a, 0x4d, 0x00, 0x01, 0x01, 0x05,
  0x62, 0x06, 0x01, 0x05, 0x05, 0x2b, 0x05, 0x4e, 0x59, 0x40, 0x0e, 0x00,
  0x00, 0x00, 0x37, 0x00, 0x36, 0x26, 0x25, 0x2b, 0x26, 0x25, 0x07, 0x08,
  0x1b, 0x2b, 0x16, 0x26, 0x35, 0x35, 0x34, 0x36, 0x33, 0x33, 0x32, 0x16,
  0x15, 0x15, 0x14, 0x16, 0x33, 0x32, 0x36, 0x35, 0x34, 0x26, 0x27, 0x27,
  0x26, 0x26, 0x35, 0x34, 0x36, 0x33, 0x32, 0x16, 0x15, 0x15, 0x14, 0x06,
  0x23, 0x23, 0x22, 0x26, 0x35, 0x35, 0x34, 0x26, 0x23, 0x22, 0x06, 0x15,
  0x14, 0x16, 0x17, 0x1e, 0x02, 0x15, 0x14, 0x06, 0x23, 0x81, 0x5f, 0x07,
  0x05, 0x5a, 0x05, 0x07, 0x20, 0x1a, 0x19, 0x20, 0x29, 0x2d, 0x2f, 0x32,
  0x31, 0x5e, 0x4d, 0x4e, 0x5e, 0x07, 0x05, 0x5a, 0x05, 0x07, 0x20, 0x1a,
  0x19, 0x1f, 0x26, 0x32, 0x32, 0x39, 0x26, 0x61, 0x4d, 0x07, 0x55, 0x42,
  0x12, 0x05, 0x07, 0x07, 0x05, 0x05, 0x1e, 0x23, 0x21, 0x1b, 0x17, 0x28,
  0x21, 0x23, 0x27, 0x3f, 0x2c, 0x47, 0x54, 0x57, 0x47, 0x0b, 0x05, 0x07,
  0x07, 0x05, 0x06, 0x1c, 0x23, 0x1e, 0x1a, 0x1a, 0x26, 0x21, 0x20, 0x2d,
  0x3e, 0x28, 0x48, 0x57, 0xff, 0xff, 0x00, 0x1f, 0xff, 0xf9, 0x01, 0x7b,
  0x03, 0x05, 0x00, 0x22, 0x01, 0xc0, 0x00, 0x00, 0x01, 0x07, 0x02, 0x8a,
  0x01, 0x3c, 0x00, 0x49, 0x00, 0x08, 0xb1, 0x01, 0x01, 0xb0, 0x49, 0xb0,
  0x35, 0x2b, 0x00, 0x00, 0xff, 0xff, 0x00, 0x1f, 0xff, 0xf9, 0x01, 0x7b,
  0x03, 0x04, 0x00, 0x22, 0x01, 0xc0, 0x00, 0x00, 0x01, 0x07, 0x02, 0x8d,
  0x01, 0x66, 0x00, 0x48, 0x00, 0x08, 0xb1, 0x01, 0x01, 0xb0, 0x48, 0xb0,
  0x35, 0x2b, 0x00, 0x00, 0x00, 0x01, 0x00, 0x1f, 0xff, 0x48, 0x01, 0x7b,
  0x02, 0x48, 0x00, 0x4b, 0x00, 0x6d, 0x40, 0x0e, 0x36, 0x01, 0x04, 0x05,
  0x1a, 0x01, 0x02, 0x01, 0x02, 0x01, 0x00, 0x02, 0x03, 0x4c, 0x4b, 0xb0,
  0x10, 0x50, 0x58, 0x40, 0x20, 0x00, 0x04, 0x05, 0x01, 0x05, 0x04, 0x72,
  0x00, 0x01, 0x02, 0x05, 0x01, 0x02, 0x7e, 0x00, 0x02, 0x00, 0x00, 0x02,
  0x00, 0x65, 0x00, 0x05, 0x05, 0x03, 0x61, 0x00, 0x03, 0x03, 0x2a, 0x05,
  0x4e, 0x1b, 0x40, 0x21, 0x00, 0x04, 0x05, 0x01, 0x05, 0x04, 0x01, 0x80,
  0x00, 0x01, 0x02, 0x05, 0x01, 0x02, 0x7e, 0x00, 0x02, 0x00, 0x00, 0x02,
  0x00, 0x65, 0x00, 0x05, 0x05, 0x03, 0x61, 0x00, 0x03, 0x03, 0x2a, 0x05,
  0x4e, 0x59, 0x40, 0x0e, 0x42, 0x40, 0x3a, 0x38, 0x33, 0x31, 0x26, 0x24,
  0x1e, 0x1c, 0x28, 0x06, 0x08, 0x17, 0x2b, 0x24, 0x06, 0x07, 0x06, 0x17,
  0x16, 0x15, 0x14, 0x06, 0x23, 0x22, 0x27, 0x26, 0x37, 0x37, 0x36, 0x17,
  0x16, 0x36, 0x35, 0x34, 0x27, 0x27, 0x26, 0x26, 0x35, 0x35, 0x34, 0x36,
  0x33, 0x33, 0x32, 0x16, 0x15, 0x15, 0x14, 0x16, 0x33, 0x32, 0x36, 0x35,
  0x34, 0x26, 0x27, 0x27, 0x26, 0x26, 0x35, 0x34, 0x36, 0x33, 0x32, 0x16,
  0x15, 0x15, 0x14, 0x06, 0x23, 0x23, 0x22, 0x26, 0x35, 0x35, 0x34, 0x26,
  0x23, 0x22, 0x06, 0x15, 0x14, 0x16, 0x17, 0x1e, 0x02, 0x15, 0x01, 0x7b,
  0x46, 0x3b, 0x06, 0x04, 0x26, 0x31, 0x24, 0x13, 0x16, 0x0a, 0x01, 0x05,
  0x01, 0x0d, 0x11, 0x17, 0x2a, 0x05, 0x3b, 0x46, 0x07, 0x05, 0x5a, 0x05,
  0x07, 0x20, 0x1a, 0x19, 0x20, 0x29, 0x2d, 0x2f, 0x32, 0x31, 0x5e, 0x4d,
  0x4e, 0x5e, 0x07, 0x05, 0x5a, 0x05, 0x07, 0x20, 0x1a, 0x19, 0x1f, 0x26,
  0x32, 0x32, 0x39, 0x26, 0x5b, 0x52, 0x0c, 0x02, 0x04, 0x2a, 0x2f, 0x2f,
  0x27, 0x06, 0x03, 0x0b, 0x23, 0x0c, 0x02, 0x03, 0x13, 0x16, 0x23, 0x28,
  0x03, 0x0b, 0x50, 0x38, 0x12, 0x05, 0x07, 0x07, 0x05, 0x05, 0x1e, 0x23,
  0x21, 0x1b, 0x17, 0x28, 0x21, 0x23, 0x27, 0x3f, 0x2c, 0x47, 0x54, 0x57,
  0x47, 0x0b, 0x05, 0x07, 0x07, 0x05, 0x06, 0x1c, 0x23, 0x1e, 0x1a, 0x1a,
  0x26, 0x21, 0x20, 0x2d, 0x3e, 0x28, 0x00, 0x00, 0xff, 0xff, 0x00, 0x1f,
  0xff, 0x46, 0x01, 0x7b, 0x02, 0x48, 0x00, 0x22, 0x01, 0xc0, 0x00, 0x00,
  0x01, 0x07, 0x02, 0x97, 0x01, 0x44, 0xff, 0xf9, 0x00, 0x09, 0xb1, 0x01,
  0x01, 0xb8, 0xff, 0xf9, 0xb0, 0x35, 0x2b, 0x00, 0x00, 0x01, 0x00, 0x12,
  0x00, 0x00, 0x01, 0x84, 0x02, 0x41, 0x00, 0x1d, 0x00, 0x28, 0x40, 0x25,
  0x19, 0x03, 0x02, 0x00, 0x03, 0x12, 0x0a, 0x09, 0x03, 0x01, 0x00, 0x02,
  0x4c, 0x02, 0x01, 0x00, 0x00, 0x03, 0x5f, 0x00, 0x03, 0x03, 0x28, 0x4d,
  0x00, 0x01, 0x01, 0x29, 0x01, 0x4e, 0x26, 0x16, 0x25, 0x25, 0x04, 0x08,
  0x1a, 0x2b, 0x00, 0x16, 0x15, 0x15, 0x14, 0x06, 0x23, 0x23, 0x22, 0x15,
  0x11, 0x14, 0x06, 0x23, 0x23, 0x22, 0x26, 0x35, 0x11, 0x34, 0x23, 0x23,
  0x22, 0x26, 0x35, 0x35, 0x34, 0x36, 0x33, 0x21, 0x01, 0x7d, 0x07, 0x07,
  0x05, 0x70, 0x05, 0x07, 0x05, 0x5c, 0x05, 0x07, 0x05, 0x6c, 0x05, 0x07,
  0x07, 0x05, 0x01, 0x5a, 0x02, 0x41, 0x07, 0x05, 0x4c, 0x05, 0x07, 0x05,
  0xfe, 0x34, 0x05, 0x07, 0x07, 0x05, 0x01, 0xcc, 0x05, 0x07, 0x05, 0x4c,
  0x05, 0x07, 0x00, 0x00, 0x00, 0x01, 0x00, 0x12, 0x00, 0x00, 0x01, 0x84,
  0x02, 0x41, 0x00, 0x39, 0x00, 0x42, 0x40, 0x3f, 0x39, 0x31, 0x02, 0x00,
  0x07, 0x2a, 0x29, 0x06, 0x05, 0x04, 0x01, 0x00, 0x23, 0x0d, 0x02, 0x02,
  0x01, 0x1c, 0x14, 0x13, 0x03, 0x03, 0x02, 0x04, 0x4c, 0x05, 0x01, 0x01,
  0x04, 0x01, 0x02, 0x03, 0x01, 0x02, 0x69, 0x06, 0x01, 0x00, 0x00, 0x07,
  0x5f, 0x00, 0x07, 0x07, 0x28, 0x4d, 0x00, 0x03, 0x03, 0x29, 0x03, 0x4e,
  0x26, 0x15, 0x26, 0x16, 0x25, 0x26, 0x15, 0x21, 0x08, 0x08, 0x1e, 0x2b,
  0x00, 0x06, 0x23, 0x23, 0x22, 0x15, 0x15, 0x14, 0x33, 0x33, 0x32, 0x16,
  0x15, 0x15, 0x14, 0x06, 0x23, 0x23, 0x22, 0x15, 0x11, 0x14, 0x06, 0x23,
  0x23, 0x22, 0x26, 0x35, 0x11, 0x34, 0x23, 0x23, 0x22, 0x26, 0x35, 0x35,
  0x34, 0x36, 0x33, 0x33, 0x32, 0x35, 0x35, 0x34, 0x23, 0x23, 0x22, 0x26,
  0x35, 0x35, 0x34, 0x36, 0x33, 0x21, 0x32, 0x16, 0x15, 0x15, 0x01, 0x84,
  0x07, 0x05, 0x70, 0x05, 0x05, 0x3f, 0x05, 0x07, 0x07, 0x05, 0x3f, 0x05,
  0x07, 0x05, 0x5c, 0x05, 0x07, 0x05, 0x41, 0x05, 0x07, 0x07, 0x05, 0x41,
  0x05, 0x05, 0x6c, 0x05, 0x07, 0x07, 0x05, 0x01, 0x5a, 0x05, 0x07, 0x01,
  0xe4, 0x07, 0x05, 0x6a, 0x05, 0x07, 0x05, 0x30, 0x05, 0x07, 0x05, 0xfe,
  0xf0, 0x05, 0x07, 0x07, 0x05, 0x01, 0x10, 0x05, 0x07, 0x05, 0x30, 0x05,
  0x07, 0x05, 0x6a, 0x05, 0x07, 0x05, 0x4c, 0x05, 0x07, 0x07, 0x05, 0x4c,
  0xff, 0xff, 0x00, 0x12, 0x00, 0x00, 0x01, 0x84, 0x02, 0xfd, 0x00, 0x22,
  0x01, 0xc5, 0x00, 0x00, 0x01, 0x07, 0x02, 0x8d, 0x01, 0x69, 0x00, 0x41,
  0x00, 0x08, 0xb1, 0x01, 0x01, 0xb0, 0x41, 0xb0, 0x35, 0x2b, 0x00, 0x00,
  0x00, 0x01, 0x00, 0x12, 0xff, 0x4e, 0x01, 0x84, 0x02, 0x41, 0x00, 0x34,
  0x00, 0x38, 0x40, 0x35, 0x30, 0x28, 0x02, 0x02, 0x03, 0x21, 0x02, 0x01,
  0x03, 0x00, 0x02, 0x02, 0x4c, 0x00, 0x00, 0x02, 0x01, 0x02, 0x00, 0x01,
  0x80, 0x00, 0x01, 0x01, 0x84, 0x00, 0x03, 0x02, 0x02, 0x03, 0x57, 0x00,
  0x03, 0x03, 0x02, 0x5f, 0x04, 0x01, 0x02, 0x03, 0x02, 0x4f, 0x34, 0x32,
  0x2c, 0x2a, 0x24, 0x23, 0x26, 0x34, 0x05, 0x06, 0x18, 0x2b, 0x00, 0x15,
  0x11, 0x14, 0x06, 0x23, 0x23, 0x22, 0x06, 0x17, 0x16, 0x15, 0x14, 0x06,
  0x23, 0x22, 0x27, 0x26, 0x37, 0x37, 0x36, 0x17, 0x16, 0x36, 0x35, 0x34,
  0x27, 0x26, 0x23, 0x23, 0x22, 0x26, 0x35, 0x11, 0x34, 0x23, 0x23, 0x22,
  0x26, 0x35, 0x35, 0x34, 0x36, 0x33, 0x21, 0x32, 0x16, 0x15, 0x15, 0x14,
  0x06, 0x23, 0x23, 0x01, 0x03, 0x06, 0x04, 0x02, 0x03, 0x01, 0x02, 0x23,
  0x31, 0x24, 0x13, 0x16, 0x0a, 0x01, 0x05, 0x01, 0x0d, 0x11, 0x17, 0x28,
  0x03, 0x04, 0x02, 0x05, 0x07, 0x05, 0x6c, 0x05, 0x07, 0x07, 0x05, 0x01,
  0x5a, 0x05, 0x07, 0x07, 0x05, 0x70, 0x01, 0xdd, 0x05, 0xfe, 0x34, 0x05,
  0x07, 0x04, 0x02, 0x29, 0x2d, 0x2f, 0x27, 0x06, 0x03, 0x0b, 0x24, 0x0b,
  0x02, 0x03, 0x12, 0x15, 0x22, 0x28, 0x03, 0x07, 0x05, 0x01, 0xcc, 0x05,
  0x07, 0x05, 0x4c, 0x05, 0x07, 0x07, 0x05, 0x4c, 0x05, 0x07, 0x00, 0x00,
  0xff, 0xff, 0x00, 0x12, 0xff, 0x4c, 0x01, 0x84, 0x02, 0x41, 0x00, 0x22,
  0x01, 0xc5, 0x00, 0x00, 0x01, 0x07, 0x02, 0x97, 0x01, 0x2b, 0xff, 0xff,
  0x00, 0x09, 0xb1, 0x01, 0x01, 0xb8, 0xff, 0xff, 0xb0, 0x35, 0x2b, 0x00,
  0x00, 0x01, 0x00, 0x29, 0xff, 0xf9, 0x01, 0x88, 0x02, 0x41, 0x00, 0x1d,
  0x00, 0x28, 0x40, 0x25, 0x12, 0x03, 0x02, 0x01, 0x00, 0x01, 0x4c, 0x02,
  0x01, 0x00, 0x00, 0x28, 0x4d, 0x00, 0x01, 0x01, 0x03, 0x62, 0x04, 0x01,
  0x03, 0x03, 0x2b, 0x03, 0x4e, 0x00, 0x00, 0x00, 0x1d, 0x00, 0x1c, 0x25,
  0x26, 0x25, 0x05, 0x08, 0x19, 0x2b, 0x16, 0x26, 0x35, 0x11, 0x34, 0x36,
  0x33, 0x33, 0x32, 0x16, 0x15, 0x11, 0x14, 0x16, 0x33, 0x32, 0x36, 0x35,
  0x11, 0x34, 0x36, 0x33, 0x33, 0x32, 0x16, 0x15, 0x11, 0x14, 0x06, 0x23,
  0x89, 0x60, 0x07, 0x05, 0x5c, 0x05, 0x07, 0x21, 0x1b, 0x1b, 0x20, 0x07,
  0x05, 0x5c, 0x05, 0x07, 0x5f, 0x50, 0x07, 0x61, 0x53, 0x01, 0x88, 0x05,
  0x07, 0x07, 0x05, 0xfe, 0x70, 0x21, 0x27, 0x26, 0x22, 0x01, 0x90, 0x05,
  0x07, 0x07, 0x05, 0xfe, 0x78, 0x53, 0x61, 0x00, 0xff, 0xff, 0x00, 0x29,
  0xff, 0xf9, 0x01, 0x88, 0x03, 0x08, 0x00, 0x22, 0x01, 0xca, 0x00, 0x00,
  0x01, 0x07, 0x02, 0x8a, 0x01, 0x4c, 0x00, 0x4c, 0x00, 0x08, 0xb1, 0x01,
  0x01, 0xb0, 0x4c, 0xb0, 0x35, 0x2b, 0x00, 0x00, 0xff, 0xff, 0x00, 0x29,
  0xff, 0xf9, 0x01, 0x88, 0x03, 0x08, 0x00, 0x22, 0x01, 0xca, 0x00, 0x00,
  0x01, 0x07, 0x02, 0x8c, 0x01, 0x74, 0x00, 0x4c, 0x00, 0x08, 0xb1, 0x01,
  0x01, 0xb0, 0x4c, 0xb0, 0x35, 0x2b, 0x00, 0x00, 0xff, 0xff, 0x00, 0x29,
  0xff, 0xf9, 0x01, 0x88, 0x03, 0x1f, 0x00, 0x22, 0x01, 0xca, 0x00, 0x00,
  0x01, 0x07, 0x02, 0x87, 0x01, 0x75, 0x00, 0x4c, 0x00, 0x08, 0xb1, 0x01,
  0x02, 0xb0, 0x4c, 0xb0, 0x35, 0x2b, 0x00, 0x00, 0xff, 0xff, 0x00, 0x29,
  0xff, 0xf9, 0x01, 0x88, 0x03, 0x08, 0x00, 0x22, 0x01, 0xca, 0x00, 0x00,
  0x01, 0x07, 0x02, 0x89, 0x01, 0x0a, 0x00, 0x4c, 0x00, 0x08, 0xb1, 0x01,
  0x01, 0xb0, 0x4c, 0xb0, 0x35, 0x2b, 0x00, 0x00, 0xff, 0xff, 0x00, 0x29,
  0xff, 0xf9, 0x01, 0x94, 0x03, 0x08, 0x00, 0x22, 0x01, 0xca, 0x00, 0x00,
  0x01, 0x07, 0x02, 0x8b, 0x01, 0xa9, 0x00, 0x4c, 0x00, 0x08, 0xb1, 0x01,
  0x02, 0xb0, 0x4c, 0xb0, 0x35, 0x2b, 0x00, 0x00, 0xff, 0xff, 0x00, 0x29,
  0xff, 0xf9, 0x01, 0x88, 0x02, 0xf7, 0x00, 0x22, 0x01, 0xca, 0x00, 0x00,
  0x01, 0x07, 0x02, 0x91, 0x01, 0x41, 0x00, 0x4c, 0x00, 0x08, 0xb1, 0x01,
  0x01, 0xb0, 0x4c, 0xb0, 0x35, 0x2b, 0x00, 0x00, 0x00, 0x01, 0x00, 0x29,
  0xff, 0x4b, 0x01, 0x88, 0x02, 0x41, 0x00, 0x33, 0x00, 0x30, 0x40, 0x2d,
  0x33, 0x24, 0x02, 0x04, 0x00, 0x1e, 0x01, 0x01, 0x04, 0x14, 0x01, 0x02,
  0x01, 0x03, 0x4c, 0x00, 0x01, 0x04, 0x02, 0x04, 0x01, 0x02, 0x80, 0x00,
  0x04, 0x00, 0x02, 0x04, 0x02, 0x65, 0x03, 0x01, 0x00, 0x00, 0x28, 0x00,
  0x4e, 0x26, 0x2c, 0x26, 0x2d, 0x21, 0x05, 0x08, 0x1b, 0x2b, 0x00, 0x36,
  0x33, 0x33, 0x32, 0x16, 0x15, 0x11, 0x14, 0x06, 0x07, 0x07, 0x06, 0x15,
  0x14, 0x16, 0x37, 0x33, 0x32, 0x17, 0x17, 0x15, 0x14, 0x07, 0x06, 0x23,
  0x22, 0x26, 0x35, 0x34, 0x37, 0x36, 0x27, 0x26, 0x26, 0x35, 0x11, 0x34,
  0x36, 0x33, 0x33, 0x32, 0x16, 0x15, 0x11, 0x14, 0x16, 0x33, 0x32, 0x36,
  0x35, 0x11, 0x01, 0x14, 0x07, 0x05, 0x5c, 0x05, 0x07, 0x48, 0x3f, 0x05,
  0x27, 0x17, 0x11, 0x03, 0x0a, 0x01, 0x05, 0x09, 0x16, 0x13, 0x23, 0x32,
  0x22, 0x04, 0x06, 0x3b, 0x45, 0x07, 0x05, 0x5c, 0x05, 0x07, 0x21, 0x1b,
  0x1b, 0x20, 0x02, 0x3a, 0x07, 0x07, 0x05, 0xfe, 0x78, 0x48, 0x5d, 0x0b,
  0x03, 0x29, 0x1f, 0x16, 0x13, 0x03, 0x0a, 0x23, 0x03, 0x08, 0x03, 0x06,
  0x27, 0x2e, 0x2f, 0x29, 0x04, 0x02, 0x0e, 0x5b, 0x46, 0x01, 0x88, 0x05,
  0x07, 0x07, 0x05, 0xfe, 0x70, 0x21, 0x27, 0x26, 0x22, 0x01, 0x90, 0x00,
  0xff, 0xff, 0x00, 0x29, 0xff, 0xf9, 0x01, 0x88, 0x03, 0x71, 0x00, 0x22,
  0x01, 0xca, 0x00, 0x00, 0x01, 0x07, 0x02, 0x8f, 0x01, 0x40, 0x00, 0x4c,
  0x00, 0x08, 0xb1, 0x01, 0x02, 0xb0, 0x4c, 0xb0, 0x35, 0x2b, 0x00, 0x00,
  0x00, 0x01, 0x00, 0x18, 0x00, 0x00, 0x01, 0x9f, 0x02, 0x41, 0x00, 0x16,
  0x00, 0x22, 0x40, 0x1f, 0x09, 0x02, 0x02, 0x02, 0x00, 0x01, 0x4c, 0x01,
  0x01, 0x00, 0x00, 0x28, 0x4d, 0x03, 0x01, 0x02, 0x02, 0x29, 0x02, 0x4e,
  0x00, 0x00, 0x00, 0x16, 0x00, 0x14, 0x37, 0x34, 0x04, 0x08, 0x18, 0x2b,
  0x32, 0x27, 0x03, 0x35, 0x34, 0x33, 0x33, 0x32, 0x17, 0x13, 0x16, 0x32,
  0x37, 0x13, 0x36, 0x33, 0x33, 0x32, 0x07, 0x03, 0x06, 0x23, 0x23, 0xa1,
  0x03, 0x86, 0x0b, 0x64, 0x0c, 0x01, 0x46, 0x01, 0x04, 0x01, 0x43, 0x01,
  0x0c, 0x61, 0x0e, 0x03, 0x86, 0x03, 0x0b, 0x5c, 0x0a, 0x02, 0x2a, 0x04,
  0x09, 0x0b, 0xfe, 0x8d, 0x03, 0x03, 0x01, 0x73, 0x0b, 0x0d, 0xfd, 0xd6,
  0x0a, 0x00, 0x00, 0x00, 0x00, 0x01, 0x00, 0x18, 0x00, 0x00, 0x02, 0x51,
  0x02, 0x41, 0x00, 0x2a, 0x00, 0x28, 0x40, 0x25, 0x23, 0x13, 0x09, 0x02,
  0x04, 0x03, 0x00, 0x01, 0x4c, 0x02, 0x01, 0x02, 0x00, 0x00, 0x28, 0x4d,
  0x05, 0x04, 0x02, 0x03, 0x03, 0x29, 0x03, 0x4e, 0x00, 0x00, 0x00, 0x2a,
  0x00, 0x28, 0x33, 0x37, 0x37, 0x34, 0x06, 0x08, 0x1a, 0x2b, 0x32, 0x27,
  0x03, 0x35, 0x34, 0x33, 0x33, 0x32, 0x17, 0x13, 0x16, 0x32, 0x37, 0x13,
  0x36, 0x33, 0x33, 0x32, 0x17, 0x13, 0x16, 0x32, 0x37, 0x13, 0x36, 0x33,
  0x33, 0x32, 0x07, 0x03, 0x06, 0x23, 0x23, 0x22, 0x27, 0x03, 0x26, 0x22,
  0x07, 0x03, 0x06, 0x23, 0x23, 0x93, 0x02, 0x79, 0x0b, 0x5f, 0x0c, 0x01,
  0x39, 0x01, 0x04, 0x01, 0x36, 0x01, 0x0c, 0x49, 0x0c, 0x01, 0x39, 0x01,
  0x04, 0x01, 0x33, 0x01, 0x0c, 0x5e, 0x0d, 0x03, 0x72, 0x02, 0x0b, 0x52,
  0x0c, 0x01, 0x38, 0x01, 0x04, 0x01, 0x35, 0x01, 0x0c, 0x52, 0x0b, 0x02,
  0x29, 0x04, 0x09, 0x0b, 0xfe, 0xaa, 0x03, 0x03, 0x01, 0x56, 0x0b, 0x0b,
  0xfe, 0xab, 0x03, 0x03, 0x01, 0x55, 0x0b, 0x0d, 0xfd, 0xd7, 0x0b, 0x0b,
  0x01, 0x52, 0x03, 0x03, 0xfe, 0xae, 0x0b, 0x00, 0xff, 0xff, 0x00, 0x18,
  0x00, 0x00, 0x02, 0x51, 0x02, 0xfe, 0x00, 0x22, 0x01, 0xd4, 0x00, 0x00,
  0x01, 0x07, 0x02, 0x8a, 0x01, 0xa4, 0x00, 0x42, 0x00, 0x08, 0xb1, 0x01,
  0x01, 0xb0, 0x42, 0xb0, 0x35, 0x2b, 0x00, 0x00, 0xff, 0xff, 0x00, 0x18,
  0x00, 0x00, 0x02, 0x51, 0x02, 0xfe, 0x00, 0x22, 0x01, 0xd4, 0x00, 0x00,
  0x01, 0x07, 0x02, 0x8c, 0x01, 0xcc, 0x00, 0x42, 0x00, 0x08, 0xb1, 0x01,
  0x01, 0xb0, 0x42, 0xb0, 0x35, 0x2b, 0x00, 0x00, 0xff, 0xff, 0x00, 0x18,
  0x00, 0x00, 0x02, 0x51, 0x03, 0x15, 0x00, 0x22, 0x01, 0xd4, 0x00, 0x00,
  0x01, 0x07, 0x02, 0x87, 0x01, 0xce, 0x00, 0x42, 0x00, 0x08, 0xb1, 0x01,
  0x02, 0xb0, 0x42, 0xb0, 0x35, 0x2b, 0x00, 0x00, 0xff, 0xff, 0x00, 0x18,
  0x00, 0x00, 0x02, 0x51, 0x02, 0xfe, 0x00, 0x22, 0x01, 0xd4, 0x00, 0x00,
  0x01, 0x07, 0x02, 0x89, 0x01, 0x62, 0x00, 0x42, 0x00, 0x08, 0xb1, 0x01,
  0x01, 0xb0, 0x42, 0xb0, 0x35, 0x2b, 0x00, 0x00, 0x00, 0x01, 0x00, 0x18,
  0x00, 0x00, 0x01, 0x92, 0x02, 0x41, 0x00, 0x29, 0x00, 0x1e, 0x40, 0x1b,
  0x18, 0x03, 0x02, 0x02, 0x00, 0x01, 0x4c, 0x01, 0x01, 0x00, 0x00, 0x28,
  0x4d, 0x03, 0x01, 0x02, 0x02, 0x29, 0x02, 0x4e, 0x26, 0x3a, 0x26, 0x39,
  0x04, 0x08, 0x1a, 0x2b, 0x32, 0x26, 0x37, 0x13, 0x36, 0x27, 0x03, 0x26,
  0x35, 0x34, 0x33, 0x33, 0x32, 0x17, 0x17, 0x16, 0x37, 0x37, 0x36, 0x33,
  0x33, 0x32, 0x16, 0x07, 0x03, 0x06, 0x17, 0x13, 0x16, 0x15, 0x14, 0x23,
  0x23, 0x22, 0x27, 0x27, 0x26, 0x07, 0x07, 0x06, 0x23, 0x23, 0x1d, 0x05,
  0x03, 0x7a, 0x01, 0x01, 0x7a, 0x02, 0x0b, 0x5f, 0x0a, 0x04, 0x42, 0x03,
  0x03, 0x41, 0x03, 0x0b, 0x5e, 0x07, 0x05, 0x03, 0x7b, 0x01, 0x01, 0x7b,
  0x02, 0x0b, 0x5e, 0x0b, 0x03, 0x41, 0x03, 0x03, 0x43, 0x04, 0x0a, 0x5e,
  0x07, 0x07, 0x01, 0x10, 0x03, 0x03, 0x01, 0x0f, 0x04, 0x02, 0x08, 0x09,
  0x9c, 0x07, 0x07, 0x9c, 0x09, 0x07, 0x07, 0xfe, 0xf0, 0x03, 0x03, 0xfe,
  0xf1, 0x04, 0x02, 0x08, 0x09, 0x9c, 0x06, 0x06, 0x9c, 0x09, 0x00, 0x00,
  0x00, 0x01, 0x00, 0x19, 0x00, 0x01, 0x01, 0x93, 0x02, 0x41, 0x00, 0x1d,
  0x00, 0x1d, 0x40, 0x1a, 0x19, 0x17, 0x03, 0x03, 0x02, 0x00, 0x01, 0x4c,
  0x01, 0x01, 0x00, 0x00, 0x28, 0x4d, 0x00, 0x02, 0x02, 0x29, 0x02, 0x4e,
  0x26, 0x37, 0x38, 0x03, 0x08, 0x19, 0x2b, 0x36, 0x26, 0x35, 0x35, 0x27,
  0x03, 0x26, 0x35, 0x34, 0x33, 0x33, 0x32, 0x17, 0x17, 0x16, 0x32, 0x37,
  0x37, 0x36, 0x33, 0x33, 0x32, 0x07, 0x03, 0x07, 0x15, 0x14, 0x06, 0x23,
  0x23, 0xa0, 0x07, 0x01, 0x7e, 0x01, 0x0b, 0x61, 0x0a, 0x03, 0x3f, 0x01,
  0x04, 0x01, 0x3f, 0x03, 0x0a, 0x61, 0x0f, 0x05, 0x80, 0x01, 0x07, 0x05,
  0x5c, 0x01, 0x07, 0x05, 0xd4, 0x06, 0x01, 0x4c, 0x02, 0x03, 0x09, 0x0a,
  0xc3, 0x04, 0x04, 0xc3, 0x0a, 0x0e, 0xfe, 0xb4, 0x06, 0xd4, 0x05, 0x07,
  0xff, 0xff, 0x00, 0x19, 0x00, 0x01, 0x01, 0x93, 0x02, 0xfd, 0x00, 0x22,
  0x01, 0xda, 0x00, 0x00, 0x01, 0x07, 0x02, 0x8a, 0x01, 0x47, 0x00, 0x41,
  0x00, 0x08, 0xb1, 0x01, 0x01, 0xb0, 0x41, 0xb0, 0x35, 0x2b, 0x00, 0x00,
  0xff, 0xff, 0x00, 0x19, 0x00, 0x01, 0x01, 0x93, 0x02, 0xfd, 0x00, 0x22,
  0x01, 0xda, 0x00, 0x00, 0x01, 0x07, 0x02, 0x8c, 0x01, 0x6f, 0x00, 0x41,
  0x00, 0x08, 0xb1, 0x01, 0x01, 0xb0, 0x41, 0xb0, 0x35, 0x2b, 0x00, 0x00,
  0xff, 0xff, 0x00, 0x19, 0x00, 0x01, 0x01, 0x93, 0x03, 0x14, 0x00, 0x22,
  0x01, 0xda, 0x00, 0x00, 0x01, 0x07, 0x02, 0x87, 0x01, 0x70, 0x00, 0x41,
  0x00, 0x08, 0xb1, 0x01, 0x02, 0xb0, 0x41, 0xb0, 0x35, 0x2b, 0x00, 0x00,
  0xff, 0xff, 0x00, 0x19, 0x00, 0x01, 0x01, 0x93, 0x02, 0xfd, 0x00, 0x22,
  0x01, 0xda, 0x00, 0x00, 0x01, 0x07, 0x02, 0x89, 0x01, 0x05, 0x00, 0x41,
  0x00, 0x08, 0xb1, 0x01, 0x01, 0xb0, 0x41, 0xb0, 0x35, 0x2b, 0x00, 0x00,
  0x00, 0x01, 0x00, 0x15, 0x00, 0x00, 0x01, 0x5d, 0x02, 0x41, 0x00, 0x23,
  0x00, 0x2b, 0x40, 0x28, 0x15, 0x0d, 0x02, 0x00, 0x01, 0x1f, 0x03, 0x02,
  0x03, 0x02, 0x02, 0x4c, 0x00, 0x00, 0x00, 0x01, 0x5f, 0x00, 0x01, 0x01,
  0x28, 0x4d, 0x00, 0x02, 0x02, 0x03, 0x5f, 0x00, 0x03, 0x03, 0x29, 0x03,
  0x4e, 0x26, 0x28, 0x26, 0x27, 0x04, 0x08, 0x1a, 0x2b, 0x32, 0x26, 0x35,
  0x35, 0x34, 0x37, 0x13, 0x36, 0x23, 0x23, 0x22, 0x26, 0x35, 0x35, 0x34,
  0x36, 0x33, 0x21, 0x32, 0x16, 0x15, 0x15, 0x14, 0x07, 0x03, 0x06, 0x33,
  0x33, 0x32, 0x16, 0x15, 0x15, 0x14, 0x06, 0x23, 0x21, 0x1c, 0x07, 0x04,
  0xcc, 0x03, 0x07, 0xc0, 0x05, 0x07, 0x07, 0x05, 0x01, 0x30, 0x05, 0x07,
  0x04, 0xcd, 0x03, 0x07, 0xc1, 0x05, 0x07, 0x07, 0x05, 0xfe, 0xd0, 0x07,
  0x05, 0x50, 0x08, 0x07, 0x01, 0x6c, 0x06, 0x07, 0x05, 0x4c, 0x05, 0x07,
  0x07, 0x05, 0x50, 0x08, 0x07, 0xfe, 0x94, 0x06, 0x07, 0x05, 0x4c, 0x05,
  0x07, 0x00, 0x00, 0x00, 0xff, 0xff, 0x00, 0x15, 0x00, 0x00, 0x01, 0x5d,
  0x03, 0x09, 0x00, 0x22, 0x01, 0xdf, 0x00, 0x00, 0x01, 0x07, 0x02, 0x8a,
  0x01, 0x2c, 0x00, 0x4d, 0x00, 0x08, 0xb1, 0x01, 0x01, 0xb0, 0x4d, 0xb0,
  0x35, 0x2b, 0x00, 0x00, 0xff, 0xff, 0x00, 0x15, 0x00, 0x00, 0x01, 0x5d,
  0x03, 0x08, 0x00, 0x22, 0x01, 0xdf, 0x00, 0x00, 0x01, 0x07, 0x02, 0x8d,
  0x01, 0x56, 0x00, 0x4c, 0x00, 0x08, 0xb1, 0x01, 0x01, 0xb0, 0x4c, 0xb0,
  0x35, 0x2b, 0x00, 0x00, 0xff, 0xff, 0x00, 0x15, 0x00, 0x00, 0x01, 0x5d,
  0x03, 0x20, 0x00, 0x22, 0x01, 0xdf, 0x00, 0x00, 0x01, 0x07, 0x02, 0x88,
  0x01, 0x07, 0x00, 0x4d, 0x00, 0x08, 0xb1, 0x01, 0x01, 0xb0, 0x4d, 0xb0,
  0x35, 0x2b, 0x00, 0x00, 0x00, 0x03, 0x00, 0x10, 0x00, 0xfe, 0x01, 0x0b,
  0x02, 0xc4, 0x00, 0x28, 0x00, 0x34, 0x00, 0x44, 0x00, 0xb1, 0x40, 0x14,
  0x02, 0x01, 0x05, 0x01, 0x2c, 0x01, 0x07, 0x06, 0x1c, 0x16, 0x02, 0x03,
  0x07, 0x44, 0x3c, 0x02, 0x09, 0x08, 0x04, 0x4c, 0x4b, 0xb0, 0x22, 0x50,
  0x58, 0x40, 0x39, 0x00, 0x01, 0x00, 0x05, 0x00, 0x01, 0x72, 0x00, 0x03,
  0x07, 0x04, 0x07, 0x03, 0x04, 0x80, 0x00, 0x02, 0x00, 0x00, 0x01, 0x02,
  0x00, 0x69, 0x0a, 0x01, 0x05, 0x00, 0x06, 0x07, 0x05, 0x06, 0x69, 0x0b,
  0x01, 0x07, 0x00, 0x04, 0x08, 0x07, 0x04, 0x69, 0x00, 0x08, 0x09, 0x09,
  0x08, 0x57, 0x00, 0x08, 0x08, 0x09, 0x5f, 0x00, 0x09, 0x08, 0x09, 0x4f,
  0x1b, 0x40, 0x3a, 0x00, 0x01, 0x00, 0x05, 0x00, 0x01, 0x05, 0x80, 0x00,
  0x03, 0x07, 0x04, 0x07, 0x03, 0x04, 0x80, 0x00, 0x02, 0x00, 0x00, 0x01,
  0x02, 0x00, 0x69, 0x0a, 0x01, 0x05, 0x00, 0x06, 0x07, 0x05, 0x06, 0x69,
  0x0b, 0x01, 0x07, 0x00, 0x04, 0x08, 0x07, 0x04, 0x69, 0x00, 0x08, 0x09,
  0x09, 0x08, 0x57, 0x00, 0x08, 0x08, 0x09, 0x5f, 0x00, 0x09, 0x08, 0x09,
  0x4f, 0x59, 0x40, 0x1a, 0x29, 0x29, 0x00, 0x00, 0x40, 0x3e, 0x38, 0x36,
  0x29, 0x34, 0x29, 0x33, 0x30, 0x2e, 0x00, 0x28, 0x00, 0x27, 0x26, 0x35,
  0x25, 0x23, 0x25, 0x0c, 0x0b, 0x1b, 0x2b, 0x13, 0x32, 0x35, 0x35, 0x34,
  0x26, 0x23, 0x22, 0x06, 0x07, 0x06, 0x23, 0x27, 0x22, 0x26, 0x37, 0x36,
  0x36, 0x33, 0x32, 0x16, 0x15, 0x15, 0x14, 0x06, 0x23, 0x23, 0x22, 0x35,
  0x35, 0x34, 0x26, 0x07, 0x06, 0x23, 0x22, 0x26, 0x35, 0x34, 0x36, 0x33,
  0x16, 0x36, 0x35, 0x35, 0x34, 0x23, 0x23, 0x22, 0x06, 0x15, 0x14, 0x33,
  0x06, 0x36, 0x33, 0x33, 0x32, 0x16, 0x15, 0x15, 0x14, 0x06, 0x23, 0x23,
  0x22, 0x26, 0x35, 0x35, 0xaf, 0x05, 0x14, 0x14, 0x0d, 0x15, 0x04, 0x03,
  0x0a, 0x36, 0x05, 0x07, 0x01, 0x04, 0x40, 0x2e, 0x36, 0x41, 0x07, 0x05,
  0x35, 0x0c, 0x04, 0x02, 0x14, 0x25, 0x29, 0x3c, 0x43, 0x3c, 0x09, 0x1c,
  0x05, 0x20, 0x17, 0x1b, 0x27, 0x74, 0x07, 0x05, 0xe3, 0x05, 0x07, 0x07,
  0x05, 0xe3, 0x05, 0x07, 0x02, 0x35, 0x05, 0x15, 0x17, 0x1d, 0x0f, 0x0d,
  0x0a, 0x02, 0x07, 0x06, 0x28, 0x30, 0x3c, 0x32, 0xdc, 0x05, 0x07, 0x0b,
  0x02, 0x03, 0x02, 0x03, 0x14, 0x2c, 0x39, 0x3a, 0x2d, 0x8e, 0x18, 0x16,
  0x1e, 0x05, 0x16, 0x15, 0x26, 0x71, 0x07, 0x07, 0x05, 0x27, 0x05, 0x07,
  0x07, 0x05, 0x27, 0x00, 0x00, 0x03, 0x00, 0x13, 0x00, 0xff, 0x01, 0x0e,
  0x02, 0xc4, 0x00, 0x0d, 0x00, 0x1b, 0x00, 0x2b, 0x00, 0x42, 0x40, 0x3f,
  0x27, 0x1f, 0x02, 0x05, 0x04, 0x01, 0x4c, 0x00, 0x00, 0x00, 0x02, 0x03,
  0x00, 0x02, 0x69, 0x07, 0x01, 0x03, 0x06, 0x01, 0x01, 0x04, 0x03, 0x01,
  0x69, 0x00, 0x04, 0x05, 0x05, 0x04, 0x57, 0x00, 0x04, 0x04, 0x05, 0x5f,
  0x00, 0x05, 0x04, 0x05, 0x4f, 0x0e, 0x0e, 0x00, 0x00, 0x2b, 0x29, 0x23,
  0x21, 0x0e, 0x1b, 0x0e, 0x1a, 0x15, 0x13, 0x00, 0x0d, 0x00, 0x0c, 0x25,
  0x08, 0x0b, 0x17, 0x2b, 0x12, 0x26, 0x35, 0x35, 0x34, 0x36, 0x33, 0x32,
  0x16, 0x15, 0x15, 0x14, 0x06, 0x23, 0x36, 0x36, 0x35, 0x35, 0x34, 0x26,
  0x23, 0x22, 0x06, 0x15, 0x15, 0x14, 0x16, 0x33, 0x06, 0x26, 0x35, 0x35,
  0x34, 0x36, 0x33, 0x33, 0x32, 0x16, 0x15, 0x15, 0x14, 0x06, 0x23, 0x23,
  0x59, 0x40, 0x40, 0x37, 0x37, 0x3f, 0x3f, 0x37, 0x12, 0x18, 0x18, 0x12,
  0x12, 0x18, 0x18, 0x12, 0x76, 0x07, 0x07, 0x05, 0xe3, 0x05, 0x07, 0x07,
  0x05, 0xe3, 0x01, 0x68, 0x3a, 0x32, 0x85, 0x30, 0x3b, 0x3b, 0x30, 0x85,
  0x32, 0x3a, 0x42, 0x1b, 0x14, 0x79, 0x15, 0x1b, 0x1b, 0x15, 0x79, 0x14,
  0x1b, 0xab, 0x07, 0x05, 0x27, 0x05, 0x07, 0x07, 0x05, 0x27, 0x05, 0x07,
  0x00, 0x02, 0x00, 0x0b, 0x00, 0x00, 0x02, 0x02, 0x02, 0xbc, 0x00, 0x13,
  0x00, 0x1d, 0x00, 0x20, 0x40, 0x1d, 0x0f, 0x0e, 0x02, 0x01, 0x02, 0x01,
  0x4c, 0x00, 0x00, 0x00, 0x1a, 0x4d, 0x00, 0x02, 0x02, 0x01, 0x5f, 0x00,
  0x01, 0x01, 0x1b, 0x01, 0x4e, 0x12, 0x27, 0x37, 0x03, 0x07, 0x19, 0x2b,
  0x32, 0x26, 0x35, 0x35, 0x34, 0x37, 0x13, 0x36, 0x33, 0x33, 0x32, 0x17,
  0x13, 0x16, 0x15, 0x15, 0x14, 0x06, 0x23, 0x21, 0x36, 0x33, 0x21, 0x32,
  0x27, 0x03, 0x26, 0x22, 0x07, 0x03, 0x12, 0x07, 0x02, 0xcd, 0x03, 0x0a,
  0x3f, 0x0a, 0x03, 0xcd, 0x02, 0x07, 0x05, 0xfe, 0x21, 0x66, 0x05, 0x01,
  0x09, 0x06, 0x02, 0x85, 0x01, 0x04, 0x01, 0x86, 0x07, 0x05, 0x50, 0x09,
  0x06, 0x02, 0x47, 0x0a, 0x0a, 0xfd, 0xb8, 0x06, 0x09, 0x4f, 0x05, 0x07,
  0x64, 0x06, 0x01, 0xb4, 0x04, 0x04, 0xfe, 0x4c, 0x00, 0x01, 0x00, 0x2a,
  0x00, 0x00, 0x01, 0xc1, 0x02, 0xc4, 0x00, 0x3d, 0x00, 0x2f, 0x40, 0x2c,
  0x16, 0x01, 0x00, 0x04, 0x39, 0x1e, 0x03, 0x03, 0x03, 0x00, 0x02, 0x4c,
  0x00, 0x04, 0x04, 0x01, 0x61, 0x00, 0x01, 0x01, 0x1a, 0x4d, 0x02, 0x01,
  0x00, 0x00, 0x03, 0x5f, 0x05, 0x01, 0x03, 0x03, 0x1b, 0x03, 0x4e, 0x2b,
  0x2c, 0x26, 0x18, 0x28, 0x25, 0x06, 0x07, 0x1c, 0x2b, 0x32, 0x26, 0x35,
  0x35, 0x34, 0x36, 0x33, 0x33, 0x32, 0x36, 0x27, 0x26, 0x35, 0x11, 0x34,
  0x36, 0x33, 0x32, 0x16, 0x15, 0x11, 0x14, 0x07, 0x06, 0x16, 0x33, 0x33,
  0x32, 0x16, 0x15, 0x15, 0x14, 0x06, 0x23, 0x23, 0x22, 0x26, 0x35, 0x35,
  0x34, 0x37, 0x36, 0x36, 0x35, 0x11, 0x34, 0x26, 0x23, 0x22, 0x06, 0x15,
  0x11, 0x14, 0x16, 0x17, 0x16, 0x15, 0x15, 0x14, 0x06, 0x23, 0x23, 0x31,
  0x07, 0x07, 0x05, 0x29, 0x03, 0x01, 0x02, 0x2a, 0x69, 0x56, 0x56, 0x6a,
  0x2b, 0x02, 0x02, 0x03, 0x27, 0x05, 0x07, 0x07, 0x05, 0xa1, 0x05, 0x07,
  0x0a, 0x15, 0x1b, 0x2a, 0x22, 0x22, 0x29, 0x1a, 0x14, 0x0a, 0x07, 0x05,
  0xa1, 0x07, 0x05, 0x4c, 0x05, 0x07, 0x04, 0x02, 0x2f, 0x48, 0x01, 0x25,
  0x56, 0x68, 0x68, 0x56, 0xfe, 0xdb, 0x49, 0x2e, 0x02, 0x04, 0x07, 0x05,
  0x4c, 0x05, 0x07, 0x07, 0x05, 0x4d, 0x09, 0x05, 0x08, 0x2b, 0x1e, 0x01,
  0x53, 0x26, 0x2f, 0x2f, 0x26, 0xfe, 0xad, 0x1e, 0x2b, 0x07, 0x05, 0x09,
  0x4e, 0x05, 0x07, 0x00, 0xff, 0xff, 0x00, 0x2e, 0xff, 0x38, 0x01, 0x8d,
  0x01, 0xff, 0x00, 0x02, 0x02, 0x6e, 0x00, 0x00, 0x00, 0x01, 0x00, 0x1b,
  0xff, 0xff, 0x01, 0xf5, 0x01, 0xff, 0x00, 0x31, 0x00, 0x37, 0x40, 0x34,
  0x31, 0x29, 0x02, 0x00, 0x06, 0x22, 0x19, 0x14, 0x05, 0x04, 0x01, 0x00,
  0x1a, 0x01, 0x02, 0x01, 0x03, 0x4c, 0x05, 0x03, 0x02, 0x00, 0x00, 0x06,
  0x5f, 0x00, 0x06, 0x06, 0x1c, 0x4d, 0x00, 0x01, 0x01, 0x02, 0x61, 0x04,
  0x01, 0x02, 0x02, 0x1d, 0x02, 0x4e, 0x26, 0x16, 0x25, 0x15, 0x33, 0x35,
  0x21, 0x07, 0x07, 0x1d, 0x2b, 0x00, 0x06, 0x23, 0x23, 0x22, 0x15, 0x11,
  0x14, 0x16, 0x33, 0x33, 0x32, 0x15, 0x15, 0x14, 0x23, 0x07, 0x22, 0x26,
  0x37, 0x11, 0x34, 0x23, 0x23, 0x22, 0x15, 0x11, 0x14, 0x06, 0x23, 0x23,
  0x22, 0x26, 0x35, 0x11, 0x34, 0x23, 0x23, 0x22, 0x26, 0x35, 0x35, 0x34,
  0x36, 0x33, 0x21, 0x32, 0x16, 0x15, 0x15, 0x01, 0xf5, 0x07, 0x05, 0x2b,
  0x05, 0x14, 0x14, 0x02, 0x0a, 0x0c, 0x26, 0x36, 0x41, 0x01, 0x05, 0x6f,
  0x05, 0x07, 0x05, 0x5c, 0x05, 0x07, 0x05, 0x2c, 0x05, 0x07, 0x07, 0x05,
  0x01, 0xc2, 0x05, 0x07, 0x01, 0xa3, 0x07, 0x05, 0xff, 0x00, 0x21, 0x13,
  0x0b, 0x4c, 0x0c, 0x01, 0x25, 0x37, 0x01, 0x3c, 0x05, 0x05, 0xfe, 0x75,
  0x05, 0x07, 0x07, 0x05, 0x01, 0x8b, 0x05, 0x07, 0x05, 0x4b, 0x05, 0x07,
  0x07, 0x05, 0x4b, 0x00, 0x00, 0x02, 0x00, 0x26, 0xff, 0xf5, 0x01, 0x9c,
  0x02, 0xc7, 0x00, 0x0d, 0x00, 0x1b, 0x00, 0x2c, 0x40, 0x29, 0x00, 0x02,
  0x02, 0x00, 0x61, 0x00, 0x00, 0x00, 0x42, 0x4d, 0x05, 0x01, 0x03, 0x03,
  0x01, 0x61, 0x04, 0x01, 0x01, 0x01, 0x43, 0x01, 0x4e, 0x0e, 0x0e, 0x00,
  0x00, 0x0e, 0x1b, 0x0e, 0x1a, 0x15, 0x13, 0x00, 0x0d, 0x00, 0x0c, 0x25,
  0x06, 0x0a, 0x17, 0x2b, 0x16, 0x26, 0x35, 0x11, 0x34, 0x36, 0x33, 0x32,
  0x16, 0x15, 0x11, 0x14, 0x06, 0x23, 0x36, 0x36, 0x35, 0x11, 0x34, 0x26,
  0x23, 0x22, 0x06, 0x15, 0x11, 0x14, 0x16, 0x33, 0x8c, 0x66, 0x66, 0x54,
  0x55, 0x67, 0x67, 0x55, 0x21, 0x27, 0x27, 0x21, 0x20, 0x26, 0x26, 0x20,
  0x0b, 0x6b, 0x57, 0x01, 0x4e, 0x57, 0x6b, 0x6b, 0x57, 0xfe, 0xb2, 0x57,
  0x6b, 0x65, 0x2f, 0x27, 0x01, 0x5c, 0x27, 0x2f, 0x2f, 0x27, 0xfe, 0xa4,
  0x27, 0x2f, 0x00, 0x00, 0x00, 0x01, 0x00, 0x0a, 0x00, 0x00, 0x00, 0xe6,
  0x02, 0xbc, 0x00, 0x19, 0x00, 0x26, 0x40, 0x23, 0x0e, 0x01, 0x02, 0x00,
  0x06, 0x01, 0x01, 0x02, 0x02, 0x4c, 0x00, 0x02, 0x00, 0x01, 0x00, 0x02,
  0x01, 0x80, 0x00, 0x00, 0x00, 0x3c, 0x4d, 0x00, 0x01, 0x01, 0x3d, 0x01,
  0x4e, 0x28, 0x26, 0x20, 0x03, 0x0a, 0x19, 0x2b, 0x12, 0x33, 0x33, 0x32,
  0x16, 0x15, 0x11, 0x14, 0x06, 0x23, 0x23, 0x22, 0x26, 0x35, 0x11, 0x34,
  0x26, 0x07, 0x07, 0x23, 0x22, 0x35, 0x27, 0x34, 0x37, 0x37, 0x72, 0x08,
  0x60, 0x05, 0x07, 0x07, 0x05, 0x5c, 0x05, 0x07, 0x03, 0x02, 0x52, 0x03,
  0x0b, 0x03, 0x08, 0x59, 0x02, 0xbc, 0x07, 0x05, 0xfd, 0x5c, 0x05, 0x07,
  0x07, 0x05, 0x02, 0x34, 0x02, 0x04, 0x01, 0x10, 0x0b, 0x43, 0x0a, 0x04,
  0x28, 0x00, 0x00, 0x00, 0x00, 0x01, 0x00, 0x1d, 0x00, 0x00, 0x01, 0x94,
  0x02, 0xc4, 0x00, 0x34, 0x00, 0x5a, 0x40, 0x0a, 0x1e, 0x01, 0x03, 0x02,
  0x07, 0x01, 0x01, 0x00, 0x02, 0x4c, 0x4b, 0xb0, 0x09, 0x50, 0x58, 0x40,
  0x1c, 0x00, 0x03, 0x02, 0x00, 0x02, 0x03, 0x72, 0x00, 0x02, 0x02, 0x04,
  0x61, 0x00, 0x04, 0x04, 0x42, 0x4d, 0x00, 0x00, 0x00, 0x01, 0x5f, 0x00,
  0x01, 0x01, 0x3d, 0x01, 0x4e, 0x1b, 0x40, 0x1d, 0x00, 0x03, 0x02, 0x00,
  0x02, 0x03, 0x00, 0x80, 0x00, 0x02, 0x02, 0x04, 0x61, 0x00, 0x04, 0x04,
  0x42, 0x4d, 0x00, 0x00, 0x00, 0x01, 0x5f, 0x00, 0x01, 0x01, 0x3d, 0x01,
  0x4e, 0x59, 0xb7, 0x26, 0x25, 0x2e, 0x26, 0x12, 0x05, 0x0a, 0x1b, 0x2b,
  0x36, 0x16, 0x33, 0x33, 0x32, 0x16, 0x15, 0x15, 0x14, 0x06, 0x23, 0x21,
  0x22, 0x26, 0x35, 0x35, 0x34, 0x37, 0x37, 0x36, 0x36, 0x37, 0x36, 0x35,
  0x34, 0x26, 0x23, 0x22, 0x06, 0x17, 0x15, 0x14, 0x06, 0x23, 0x23, 0x22,
  0x26, 0x35, 0x35, 0x36, 0x36, 0x33, 0x32, 0x16, 0x15, 0x14, 0x06, 0x07,
  0x06, 0x06, 0x07, 0x06, 0x07, 0xa8, 0x02, 0x03, 0xdb, 0x05, 0x07, 0x07,
  0x05, 0xfe, 0xa3, 0x05, 0x07, 0x05, 0x27, 0x27, 0x4b, 0x1a, 0x3a, 0x23,
  0x1d, 0x1d, 0x22, 0x01, 0x07, 0x05, 0x5e, 0x05, 0x07, 0x04, 0x65, 0x50,
  0x4f, 0x61, 0x22, 0x25, 0x19, 0x45, 0x0b, 0x1e, 0x0e, 0x68, 0x04, 0x07,
  0x05, 0x4c, 0x05, 0x07, 0x07, 0x05, 0x50, 0x09, 0x06, 0x35, 0x34, 0x6c,
  0x2b, 0x60, 0x3f, 0x28, 0x2e, 0x2d, 0x25, 0x27, 0x05, 0x07, 0x07, 0x05,
  0x2b, 0x50, 0x62, 0x67, 0x54, 0x32, 0x62, 0x38, 0x28, 0x60, 0x0f, 0x28,
  0x14, 0x00, 0x00, 0x00, 0x00, 0x01, 0x00, 0x1c, 0xff, 0xf8, 0x01, 0x83,
  0x02, 0xbc, 0x00, 0x43, 0x00, 0x6b, 0x40, 0x0b, 0x3b, 0x33, 0x02, 0x04,
  0x05, 0x28, 0x01, 0x03, 0x04, 0x02, 0x4c, 0x4b, 0xb0, 0x0a, 0x50, 0x58,
  0x40, 0x23, 0x00, 0x03, 0x04, 0x01, 0x04, 0x03, 0x01, 0x80, 0x00, 0x01,
  0x02, 0x02, 0x01, 0x70, 0x00, 0x04, 0x04, 0x05, 0x5f, 0x00, 0x05, 0x05,
  0x3c, 0x4d, 0x00, 0x02, 0x02, 0x00, 0x62, 0x00, 0x00, 0x00, 0x43, 0x00,
  0x4e, 0x1b, 0x40, 0x24, 0x00, 0x03, 0x04, 0x01, 0x04, 0x03, 0x01, 0x80,
  0x00, 0x01, 0x02, 0x04, 0x01, 0x02, 0x7e, 0x00, 0x04, 0x04, 0x05, 0x5f,
  0x00, 0x05, 0x05, 0x3c, 0x4d, 0x00, 0x02, 0x02, 0x00, 0x62, 0x00, 0x00,
  0x00, 0x43, 0x00, 0x4e, 0x59, 0x40, 0x09, 0x26, 0x1e, 0x28, 0x25, 0x35,
  0x25, 0x06, 0x0a, 0x1c, 0x2b, 0x00, 0x15, 0x14, 0x07, 0x06, 0x06, 0x23,
  0x22, 0x26, 0x27, 0x26, 0x27, 0x34, 0x33, 0x33, 0x32, 0x15, 0x16, 0x17,
  0x16, 0x16, 0x33, 0x32, 0x36, 0x37, 0x36, 0x35, 0x34, 0x27, 0x26, 0x26,
  0x23, 0x22, 0x07, 0x06, 0x23, 0x22, 0x27, 0x27, 0x26, 0x35, 0x34, 0x37,
  0x37, 0x36, 0x26, 0x23, 0x23, 0x22, 0x26, 0x35, 0x35, 0x34, 0x36, 0x33,
  0x21, 0x32, 0x16, 0x15, 0x15, 0x14, 0x07, 0x07, 0x06, 0x17, 0x16, 0x16,
  0x17, 0x01, 0x83, 0x07, 0x0c, 0x55, 0x49, 0x4c, 0x60, 0x06, 0x02, 0x02,
  0x0c, 0x5c, 0x0c, 0x02, 0x02, 0x05, 0x20, 0x19, 0x18, 0x20, 0x05, 0x05,
  0x07, 0x06, 0x1e, 0x17, 0x0f, 0x0c, 0x06, 0x03, 0x02, 0x06, 0x2f, 0x04,
  0x03, 0x7d, 0x02, 0x03, 0x03, 0xbe, 0x05, 0x07, 0x07, 0x05, 0x01, 0x44,
  0x05, 0x07, 0x05, 0x72, 0x04, 0x06, 0x29, 0x3b, 0x0a, 0x01, 0x0b, 0x31,
  0x31, 0x23, 0x44, 0x4a, 0x51, 0x46, 0x16, 0x2a, 0x0c, 0x0c, 0x22, 0x11,
  0x1f, 0x21, 0x1f, 0x1d, 0x1e, 0x30, 0x33, 0x22, 0x1a, 0x1c, 0x09, 0x04,
  0x04, 0x30, 0x04, 0x05, 0x04, 0x04, 0xaa, 0x02, 0x04, 0x07, 0x05, 0x4b,
  0x05, 0x07, 0x07, 0x05, 0x4f, 0x07, 0x08, 0x9c, 0x06, 0x01, 0x05, 0x44,
  0x33, 0x00, 0x00, 0x00, 0x00, 0x01, 0x00, 0x11, 0x00, 0x00, 0x01, 0xbb,
  0x02, 0xbc, 0x00, 0x34, 0x00, 0x39, 0x40, 0x36, 0x31, 0x29, 0x28, 0x03,
  0x04, 0x05, 0x03, 0x01, 0x00, 0x04, 0x12, 0x0a, 0x09, 0x03, 0x01, 0x00,
  0x03, 0x4c, 0x06, 0x01, 0x04, 0x02, 0x01, 0x00, 0x01, 0x04, 0x00, 0x6a,
  0x00, 0x03, 0x03, 0x3c, 0x4d, 0x00, 0x05, 0x05, 0x01, 0x5f, 0x00, 0x01,
  0x01, 0x3d, 0x01, 0x4e, 0x16, 0x25, 0x16, 0x28, 0x16, 0x25, 0x25, 0x07,
  0x0a, 0x1d, 0x2b, 0x00, 0x16, 0x15, 0x15, 0x14, 0x06, 0x23, 0x23, 0x22,
  0x15, 0x15, 0x14, 0x06, 0x23, 0x23, 0x22, 0x26, 0x35, 0x35, 0x34, 0x23,
  0x23, 0x22, 0x26, 0x35, 0x35, 0x34, 0x37, 0x13, 0x36, 0x33, 0x33, 0x32,
  0x16, 0x07, 0x03, 0x06, 0x33, 0x33, 0x32, 0x35, 0x35, 0x34, 0x36, 0x33,
  0x33, 0x32, 0x16, 0x15, 0x15, 0x14, 0x33, 0x33, 0x01, 0xb4, 0x07, 0x07,
  0x05, 0x1e, 0x05, 0x07, 0x05, 0x5c, 0x05, 0x07, 0x05, 0xf6, 0x05, 0x07,
  0x02, 0x8b, 0x03, 0x0a, 0x64, 0x06, 0x06, 0x02, 0x80, 0x01, 0x05, 0x76,
  0x05, 0x07, 0x05, 0x5c, 0x05, 0x07, 0x05, 0x1e, 0x01, 0x1f, 0x07, 0x05,
  0x51, 0x05, 0x07, 0x05, 0xa5, 0x05, 0x07, 0x07, 0x05, 0xa5, 0x05, 0x07,
  0x05, 0x41, 0x09, 0x06, 0x01, 0xa0, 0x0a, 0x07, 0x07, 0xfe, 0x77, 0x06,
  0x05, 0x78, 0x05, 0x07, 0x07, 0x05, 0x78, 0x05, 0x00, 0x01, 0x00, 0x27,
  0xff, 0xf8, 0x01, 0x90, 0x02, 0xbc, 0x00, 0x3e, 0x00, 0x86, 0x40, 0x14,
  0x2e, 0x26, 0x02, 0x06, 0x05, 0x34, 0x01, 0x07, 0x06, 0x35, 0x01, 0x03,
  0x07, 0x0a, 0x03, 0x02, 0x02, 0x01, 0x04, 0x4c, 0x4b, 0xb0, 0x0c, 0x50,
  0x58, 0x40, 0x2b, 0x00, 0x04, 0x03, 0x01, 0x03, 0x04, 0x01, 0x80, 0x00,
  0x01, 0x02, 0x02, 0x01, 0x70, 0x00, 0x07, 0x00, 0x03, 0x04, 0x07, 0x03,
  0x69, 0x00, 0x06, 0x06, 0x05, 0x5f, 0x00, 0x05, 0x05, 0x3c, 0x4d, 0x00,
  0x02, 0x02, 0x00, 0x62, 0x00, 0x00, 0x00, 0x43, 0x00, 0x4e, 0x1b, 0x40,
  0x2c, 0x00, 0x04, 0x03, 0x01, 0x03, 0x04, 0x01, 0x80, 0x00, 0x01, 0x02,
  0x03, 0x01, 0x02, 0x7e, 0x00, 0x07, 0x00, 0x03, 0x04, 0x07, 0x03, 0x69,
  0x00, 0x06, 0x06, 0x05, 0x5f, 0x00, 0x05, 0x05, 0x3c, 0x4d, 0x00, 0x02,
  0x02, 0x00, 0x62, 0x00, 0x00, 0x00, 0x43, 0x00, 0x4e, 0x59, 0x40, 0x0b,
  0x28, 0x26, 0x26, 0x22, 0x28, 0x24, 0x34, 0x25, 0x08, 0x0a, 0x1e, 0x2b,
  0x00, 0x15, 0x14, 0x07, 0x06, 0x06, 0x23, 0x22, 0x26, 0x27, 0x27, 0x34,
  0x33, 0x33, 0x32, 0x17, 0x14, 0x17, 0x16, 0x33, 0x32, 0x36, 0x37, 0x36,
  0x35, 0x34, 0x27, 0x26, 0x26, 0x23, 0x22, 0x07, 0x06, 0x23, 0x23, 0x22,
  0x26, 0x35, 0x11, 0x34, 0x36, 0x33, 0x21, 0x32, 0x16, 0x15, 0x15, 0x14,
  0x06, 0x23, 0x23, 0x22, 0x15, 0x15, 0x14, 0x16, 0x37, 0x36, 0x36, 0x33,
  0x32, 0x16, 0x17, 0x01, 0x90, 0x04, 0x05, 0x5e, 0x4e, 0x4a, 0x5c, 0x0a,
  0x03, 0x0c, 0x5c, 0x0c, 0x01, 0x02, 0x0c, 0x30, 0x19, 0x1f, 0x05, 0x04,
  0x06, 0x05, 0x1f, 0x17, 0x30, 0x0e, 0x03, 0x0a, 0x5d, 0x05, 0x07, 0x07,
  0x05, 0x01, 0x46, 0x05, 0x07, 0x07, 0x05, 0xd9, 0x05, 0x04, 0x02, 0x11,
  0x31, 0x1b, 0x3c, 0x49, 0x07, 0x01, 0x03, 0x2b, 0x29, 0x1d, 0x4a, 0x50,
  0x4c, 0x4c, 0x1c, 0x0c, 0x0c, 0x06, 0x0c, 0x3e, 0x20, 0x1d, 0x19, 0x27,
  0x25, 0x1b, 0x1a, 0x1d, 0x2e, 0x0b, 0x07, 0x05, 0x01, 0x8d, 0x05, 0x07,
  0x07, 0x05, 0x4c, 0x05, 0x07, 0x05, 0xc3, 0x03, 0x01, 0x02, 0x12, 0x15,
  0x4d, 0x46, 0x00, 0x00, 0x00, 0x02, 0x00, 0x27, 0xff, 0xf8, 0x01, 0x91,
  0x02, 0xc4, 0x00, 0x2a, 0x00, 0x3d, 0x00, 0x6d, 0x40, 0x0a, 0x13, 0x01,
  0x02, 0x03, 0x22, 0x01, 0x05, 0x04, 0x02, 0x4c, 0x4b, 0xb0, 0x0a, 0x50,
  0x58, 0x40, 0x24, 0x00, 0x02, 0x03, 0x04, 0x03, 0x02, 0x72, 0x00, 0x04,
  0x00, 0x05, 0x06, 0x04, 0x05, 0x69, 0x00, 0x03, 0x03, 0x01, 0x61, 0x00,
  0x01, 0x01, 0x42, 0x4d, 0x00, 0x06, 0x06, 0x00, 0x61, 0x00, 0x00, 0x00,
  0x43, 0x00, 0x4e, 0x1b, 0x40, 0x25, 0x00, 0x02, 0x03, 0x04, 0x03, 0x02,
  0x04, 0x80, 0x00, 0x04, 0x00, 0x05, 0x06, 0x04, 0x05, 0x69, 0x00, 0x03,
  0x03, 0x01, 0x61, 0x00, 0x01, 0x01, 0x42, 0x4d, 0x00, 0x06, 0x06, 0x00,
  0x61, 0x00, 0x00, 0x00, 0x43, 0x00, 0x4e, 0x59, 0x40, 0x0a, 0x28, 0x27,
  0x27, 0x26, 0x25, 0x27, 0x25, 0x07, 0x0a, 0x1d, 0x2b, 0x24, 0x15, 0x14,
  0x07, 0x06, 0x06, 0x23, 0x22, 0x26, 0x27, 0x26, 0x35, 0x03, 0x34, 0x36,
  0x33, 0x32, 0x16, 0x15, 0x15, 0x14, 0x06, 0x23, 0x23, 0x22, 0x26, 0x35,
  0x35, 0x34, 0x26, 0x23, 0x22, 0x06, 0x15, 0x15, 0x14, 0x16, 0x37, 0x36,
  0x33, 0x32, 0x16, 0x17, 0x06, 0x35, 0x34, 0x27, 0x26, 0x23, 0x22, 0x06,
  0x07, 0x06, 0x15, 0x14, 0x17, 0x16, 0x16, 0x33, 0x32, 0x36, 0x37, 0x01,
  0x91, 0x02, 0x05, 0x5f, 0x4e, 0x4a, 0x5c, 0x09, 0x06, 0x01, 0x63, 0x51,
  0x4c, 0x60, 0x07, 0x05, 0x5c, 0x05, 0x07, 0x21, 0x17, 0x1c, 0x23, 0x04,
  0x02, 0x1d, 0x2b, 0x45, 0x56, 0x07, 0x70, 0x05, 0x0c, 0x2f, 0x18, 0x1f,
  0x05, 0x04, 0x03, 0x05, 0x1f, 0x19, 0x19, 0x1f, 0x05, 0xfd, 0x25, 0x17,
  0x2a, 0x4c, 0x53, 0x4d, 0x4b, 0x1b, 0x24, 0x01, 0x45, 0x51, 0x5f, 0x60,
  0x50, 0x19, 0x05, 0x07, 0x07, 0x05, 0x13, 0x22, 0x2d, 0x2c, 0x23, 0x67,
  0x03, 0x02, 0x02, 0x1b, 0x58, 0x49, 0x5a, 0x1c, 0x1a, 0x2d, 0x3a, 0x1f,
  0x1e, 0x23, 0x21, 0x1d, 0x26, 0x20, 0x22, 0x24, 0x21, 0x00, 0x00, 0x00,
  0x00, 0x01, 0x00, 0x10, 0x00, 0x00, 0x01, 0x7c, 0x02, 0xbc, 0x00, 0x1e,
  0x00, 0x59, 0x40, 0x0c, 0x18, 0x10, 0x02, 0x00, 0x02, 0x08, 0x07, 0x02,
  0x01, 0x00, 0x02, 0x4c, 0x4b, 0xb0, 0x18, 0x50, 0x58, 0x40, 0x18, 0x00,
  0x01, 0x00, 0x03, 0x00, 0x01, 0x72, 0x00, 0x00, 0x00, 0x02, 0x5f, 0x00,
  0x02, 0x02, 0x3c, 0x4d, 0x04, 0x01, 0x03, 0x03, 0x3d, 0x03, 0x4e, 0x1b,
  0x40, 0x19, 0x00, 0x01, 0x00, 0x03, 0x00, 0x01, 0x03, 0x80, 0x00, 0x00,
  0x00, 0x02, 0x5f, 0x00, 0x02, 0x02, 0x3c, 0x4d, 0x04, 0x01, 0x03, 0x03,
  0x3d, 0x03, 0x4e, 0x59, 0x40, 0x0c, 0x00, 0x00, 0x00, 0x1e, 0x00, 0x1c,
  0x26, 0x25, 0x14, 0x05, 0x0a, 0x19, 0x2b, 0x32, 0x37, 0x13, 0x36, 0x23,
  0x23, 0x22, 0x15, 0x15, 0x14, 0x06, 0x23, 0x23, 0x22, 0x26, 0x35, 0x37,
  0x34, 0x36, 0x33, 0x21, 0x32, 0x16, 0x15, 0x15, 0x14, 0x07, 0x03, 0x06,
  0x23, 0x23, 0x57, 0x03, 0xa5, 0x02, 0x06, 0x87, 0x05, 0x07, 0x05, 0x47,
  0x05, 0x07, 0x01, 0x07, 0x05, 0x01, 0x53, 0x05, 0x07, 0x02, 0xa7, 0x03,
  0x0b, 0x61, 0x0d, 0x02, 0x45, 0x06, 0x05, 0x24, 0x05, 0x07, 0x07, 0x05,
  0x81, 0x05, 0x07, 0x07, 0x05, 0x51, 0x04, 0x0a, 0xfd, 0xb9, 0x0a, 0x00,
  0x00, 0x03, 0x00, 0x26, 0xff, 0xf8, 0x01, 0x8c, 0x02, 0xc8, 0x00, 0x27,
  0x00, 0x3c, 0x00, 0x50, 0x00, 0x34, 0x40, 0x31, 0x13, 0x01, 0x04, 0x02,
  0x01, 0x4c, 0x00, 0x02, 0x00, 0x04, 0x05, 0x02, 0x04, 0x69, 0x00, 0x03,
  0x03, 0x01, 0x61, 0x00, 0x01, 0x01, 0x42, 0x4d, 0x00, 0x05, 0x05, 0x00,
  0x61, 0x00, 0x00, 0x00, 0x43, 0x00, 0x4e, 0x4e, 0x4c, 0x44, 0x42, 0x3a,
  0x38, 0x30, 0x2e, 0x1f, 0x1d, 0x29, 0x06, 0x0a, 0x17, 0x2b, 0x00, 0x17,
  0x16, 0x17, 0x16, 0x15, 0x14, 0x07, 0x06, 0x06, 0x23, 0x22, 0x26, 0x27,
  0x26, 0x35, 0x34, 0x37, 0x36, 0x37, 0x36, 0x27, 0x26, 0x27, 0x26, 0x35,
  0x34, 0x37, 0x36, 0x36, 0x33, 0x32, 0x16, 0x17, 0x16, 0x15, 0x14, 0x07,
  0x06, 0x07, 0x27, 0x06, 0x15, 0x14, 0x17, 0x16, 0x16, 0x33, 0x32, 0x36,
  0x37, 0x36, 0x35, 0x34, 0x27, 0x26, 0x26, 0x23, 0x22, 0x06, 0x07, 0x12,
  0x35, 0x34, 0x27, 0x26, 0x26, 0x23, 0x22, 0x06, 0x07, 0x06, 0x15, 0x14,
  0x17, 0x16, 0x16, 0x33, 0x32, 0x36, 0x37, 0x01, 0x3f, 0x06, 0x21, 0x11,
  0x15, 0x10, 0x14, 0x55, 0x3b, 0x3a, 0x55, 0x14, 0x0f, 0x12, 0x0f, 0x26,
  0x04, 0x04, 0x21, 0x12, 0x14, 0x14, 0x14, 0x53, 0x37, 0x36, 0x53, 0x15,
  0x16, 0x14, 0x12, 0x21, 0xa6, 0x07, 0x0a, 0x07, 0x1c, 0x13, 0x15, 0x1d,
  0x07, 0x08, 0x0a, 0x07, 0x1c, 0x14, 0x12, 0x1b, 0x07, 0x75, 0x09, 0x06,
  0x1d, 0x15, 0x15, 0x1d, 0x06, 0x08, 0x06, 0x05, 0x1f, 0x16, 0x17, 0x20,
  0x05, 0x01, 0x6f, 0x03, 0x13, 0x27, 0x2f, 0x3b, 0x35, 0x28, 0x36, 0x3d,
  0x3c, 0x36, 0x2a, 0x34, 0x3b, 0x2a, 0x28, 0x16, 0x03, 0x03, 0x15, 0x25,
  0x2b, 0x35, 0x3a, 0x27, 0x2c, 0x30, 0x2f, 0x2c, 0x2a, 0x38, 0x34, 0x2a,
  0x25, 0x15, 0xbc, 0x12, 0x1c, 0x1e, 0x1b, 0x15, 0x18, 0x19, 0x17, 0x18,
  0x1e, 0x22, 0x15, 0x15, 0x17, 0x15, 0x12, 0xfe, 0x77, 0x1a, 0x26, 0x1b,
  0x18, 0x1b, 0x1c, 0x1a, 0x1a, 0x22, 0x1f, 0x1a, 0x1c, 0x1f, 0x20, 0x1d,
  0x00, 0x02, 0x00, 0x16, 0xff, 0xf8, 0x01, 0x80, 0x02, 0xc4, 0x00, 0x2a,
  0x00, 0x3d, 0x00, 0x71, 0x40, 0x0e, 0x22, 0x01, 0x06, 0x05, 0x16, 0x01,
  0x03, 0x06, 0x07, 0x01, 0x02, 0x01, 0x03, 0x4c, 0x4b, 0xb0, 0x0a, 0x50,
  0x58, 0x40, 0x24, 0x00, 0x01, 0x03, 0x02, 0x02, 0x01, 0x72, 0x00, 0x06,
  0x00, 0x03, 0x01, 0x06, 0x03, 0x69, 0x00, 0x05, 0x05, 0x04, 0x61, 0x00,
  0x04, 0x04, 0x42, 0x4d, 0x00, 0x02, 0x02, 0x00, 0x62, 0x00, 0x00, 0x00,
  0x43, 0x00, 0x4e, 0x1b, 0x40, 0x25, 0x00, 0x01, 0x03, 0x02, 0x03, 0x01,
  0x02, 0x80, 0x00, 0x06, 0x00, 0x03, 0x01, 0x06, 0x03, 0x69, 0x00, 0x05,
  0x05, 0x04, 0x61, 0x00, 0x04, 0x04, 0x42, 0x4d, 0x00, 0x02, 0x02, 0x00,
  0x62, 0x00, 0x00, 0x00, 0x43, 0x00, 0x4e, 0x59, 0x40, 0x0a, 0x28, 0x29,
  0x28, 0x27, 0x26, 0x25, 0x22, 0x07, 0x0a, 0x1d, 0x2b, 0x25, 0x14, 0x06,
  0x23, 0x22, 0x26, 0x35, 0x35, 0x34, 0x36, 0x33, 0x33, 0x32, 0x16, 0x15,
  0x15, 0x14, 0x16, 0x33, 0x32, 0x36, 0x35, 0x35, 0x34, 0x26, 0x07, 0x06,
  0x23, 0x22, 0x26, 0x27, 0x26, 0x35, 0x34, 0x37, 0x36, 0x36, 0x33, 0x32,
  0x16, 0x17, 0x16, 0x15, 0x06, 0x35, 0x34, 0x27, 0x26, 0x23, 0x22, 0x06,
  0x07, 0x06, 0x15, 0x14, 0x17, 0x16, 0x16, 0x33, 0x32, 0x36, 0x37, 0x01,
  0x80, 0x63, 0x51, 0x4c, 0x60, 0x07, 0x05, 0x5c, 0x05, 0x07, 0x21, 0x17,
  0x1c, 0x23, 0x04, 0x02, 0x1d, 0x2b, 0x45, 0x56, 0x07, 0x05, 0x03, 0x04,
  0x5f, 0x4f, 0x49, 0x5c, 0x0a, 0x05, 0x74, 0x03, 0x0b, 0x31, 0x19, 0x20,
  0x05, 0x02, 0x05, 0x05, 0x1f, 0x17, 0x18, 0x1f, 0x04, 0xa8, 0x51, 0x5f,
  0x60, 0x50, 0x19, 0x05, 0x07, 0x07, 0x05, 0x13, 0x22, 0x2d, 0x2c, 0x23,
  0x66, 0x03, 0x02, 0x02, 0x1a, 0x58, 0x49, 0x21, 0x25, 0x22, 0x1f, 0x4c,
  0x53, 0x4d, 0x4b, 0x1e, 0x21, 0x32, 0x21, 0x1e, 0x25, 0x42, 0x24, 0x21,
  0x18, 0x28, 0x25, 0x22, 0x1c, 0x1e, 0x1f, 0x1e, 0x00, 0x02, 0x00, 0x2e,
  0xff, 0xf5, 0x01, 0xad, 0x02, 0xc7, 0x00, 0x0d, 0x00, 0x1b, 0x00, 0x2c,
  0x40, 0x29, 0x00, 0x02, 0x02, 0x00, 0x61, 0x00, 0x00, 0x00, 0x42, 0x4d,
  0x05, 0x01, 0x03, 0x03, 0x01, 0x61, 0x04, 0x01, 0x01, 0x01, 0x43, 0x01,
  0x4e, 0x0e, 0x0e, 0x00, 0x00, 0x0e, 0x1b, 0x0e, 0x1a, 0x15, 0x13, 0x00,
  0x0d, 0x00, 0x0c, 0x25, 0x06, 0x0a, 0x17, 0x2b, 0x16, 0x26, 0x35, 0x11,
  0x34, 0x36, 0x33, 0x32, 0x16, 0x15, 0x11, 0x14, 0x06, 0x23, 0x36, 0x36,
  0x35, 0x11, 0x34, 0x26, 0x23, 0x22, 0x06, 0x15, 0x11, 0x14, 0x16, 0x33,
  0x97, 0x69, 0x69, 0x55, 0x57, 0x6a, 0x6a, 0x57, 0x23, 0x2a, 0x2a, 0x23,
  0x21, 0x29, 0x29, 0x21, 0x0b, 0x6b, 0x57, 0x01, 0x4e, 0x57, 0x6b, 0x6b,
  0x57, 0xfe, 0xb2, 0x57, 0x6b, 0x65, 0x2f, 0x27, 0x01, 0x5c, 0x27, 0x2f,
  0x2f, 0x27, 0xfe, 0xa4, 0x27, 0x2f, 0x00, 0x00, 0x00, 0x01, 0x00, 0x42,
  0x00, 0x00, 0x01, 0x57, 0x02, 0xbc, 0x00, 0x1b, 0x00, 0x1a, 0x40, 0x17,
  0x0e, 0x06, 0x02, 0x01, 0x00, 0x01, 0x4c, 0x00, 0x00, 0x00, 0x3c, 0x4d,
  0x00, 0x01, 0x01, 0x3d, 0x01, 0x4e, 0x26, 0x11, 0x02, 0x0a, 0x18, 0x2b,
  0x12, 0x33, 0x33, 0x32, 0x16, 0x15, 0x11, 0x14, 0x06, 0x23, 0x23, 0x22,
  0x26, 0x35, 0x11, 0x34, 0x26, 0x07, 0x07, 0x06, 0x23, 0x22, 0x26, 0x35,
  0x37, 0x34, 0x37, 0x37, 0xe1, 0x0a, 0x60, 0x05, 0x07, 0x07, 0x05, 0x5c,
  0x05, 0x07, 0x04, 0x02, 0x8d, 0x02, 0x03, 0x04, 0x05, 0x01, 0x09, 0x90,
  0x02, 0xbc, 0x07, 0x05, 0xfd, 0x5c, 0x05, 0x07, 0x07, 0x05, 0x02, 0x33,
  0x02, 0x03, 0x01, 0x35, 0x01, 0x06, 0x05, 0x4f, 0x0a, 0x04, 0x44, 0x00,
  0x00, 0x01, 0x00, 0x30, 0x00, 0x00, 0x01, 0xb5, 0x02, 0xc4, 0x00, 0x31,
  0x00, 0x32, 0x40, 0x2f, 0x1d, 0x01, 0x03, 0x02, 0x07, 0x01, 0x01, 0x00,
  0x02, 0x4c, 0x00, 0x03, 0x02, 0x00, 0x02, 0x03, 0x00, 0x80, 0x00, 0x02,
  0x02, 0x04, 0x61, 0x00, 0x04, 0x04, 0x42, 0x4d, 0x00, 0x00, 0x00, 0x01,
  0x5f, 0x00, 0x01, 0x01, 0x3d, 0x01, 0x4e, 0x26, 0x25, 0x2d, 0x26, 0x12,
  0x05, 0x0a, 0x1b, 0x2b, 0x36, 0x16, 0x33, 0x33, 0x32, 0x16, 0x15, 0x15,
  0x14, 0x06, 0x23, 0x21, 0x22, 0x26, 0x35, 0x35, 0x34, 0x37, 0x37, 0x36,
  0x37, 0x36, 0x35, 0x34, 0x26, 0x23, 0x22, 0x06, 0x15, 0x15, 0x14, 0x06,
  0x23, 0x23, 0x22, 0x26, 0x35, 0x35, 0x36, 0x36, 0x33, 0x32, 0x16, 0x15,
  0x14, 0x06, 0x07, 0x06, 0x07, 0x07, 0xbd, 0x02, 0x03, 0xe7, 0x05, 0x07,
  0x07, 0x05, 0xfe, 0x95, 0x05, 0x07, 0x05, 0x3b, 0x5f, 0x21, 0x3e, 0x27,
  0x20, 0x1f, 0x25, 0x07, 0x05, 0x5d, 0x05, 0x07, 0x03, 0x69, 0x53, 0x52,
  0x64, 0x24, 0x25, 0x24, 0x51, 0x28, 0x68, 0x04, 0x07, 0x05, 0x4c, 0x05,
  0x07, 0x07, 0x05, 0x50, 0x09, 0x06, 0x4f, 0x7d, 0x34, 0x5e, 0x41, 0x28,
  0x2e, 0x2d, 0x25, 0x27, 0x05, 0x07, 0x07, 0x05, 0x2b, 0x50, 0x62, 0x67,
  0x54, 0x32, 0x63, 0x36, 0x36, 0x69, 0x35, 0x00, 0x00, 0x01, 0x00, 0x2c,
  0xff, 0xf8, 0x01, 0xa2, 0x02, 0xbc, 0x00, 0x46, 0x00, 0x7e, 0x40, 0x0f,
  0x3d, 0x35, 0x02, 0x04, 0x05, 0x2a, 0x01, 0x03, 0x06, 0x25, 0x01, 0x01,
  0x03, 0x03, 0x4c, 0x4b, 0xb0, 0x0a, 0x50, 0x58, 0x40, 0x2a, 0x00, 0x06,
  0x04, 0x03, 0x04, 0x06, 0x03, 0x80, 0x00, 0x03, 0x01, 0x04, 0x03, 0x01,
  0x7e, 0x00, 0x01, 0x02, 0x02, 0x01, 0x70, 0x00, 0x04, 0x04, 0x05, 0x5f,
  0x00, 0x05, 0x05, 0x3c, 0x4d, 0x00, 0x02, 0x02, 0x00, 0x62, 0x00, 0x00,
  0x00, 0x43, 0x00, 0x4e, 0x1b, 0x40, 0x2b, 0x00, 0x06, 0x04, 0x03, 0x04,
  0x06, 0x03, 0x80, 0x00, 0x03, 0x01, 0x04, 0x03, 0x01, 0x7e, 0x00, 0x01,
  0x02, 0x04, 0x01, 0x02, 0x7e, 0x00, 0x04, 0x04, 0x05, 0x5f, 0x00, 0x05,
  0x05, 0x3c, 0x4d, 0x00, 0x02, 0x02, 0x00, 0x62, 0x00, 0x00, 0x00, 0x43,
  0x00, 0x4e, 0x59, 0x40, 0x0a, 0x1a, 0x26, 0x1e, 0x28, 0x25, 0x35, 0x27,
  0x07, 0x0a, 0x1d, 0x2b, 0x00, 0x15, 0x14, 0x07, 0x06, 0x15, 0x06, 0x06,
  0x23, 0x22, 0x26, 0x27, 0x26, 0x27, 0x34, 0x33, 0x33, 0x32, 0x15, 0x16,
  0x17, 0x16, 0x16, 0x33, 0x32, 0x36, 0x37, 0x36, 0x35, 0x34, 0x27, 0x26,
  0x26, 0x23, 0x22, 0x07, 0x06, 0x23, 0x22, 0x27, 0x27, 0x26, 0x35, 0x34,
  0x37, 0x37, 0x36, 0x26, 0x23, 0x23, 0x22, 0x26, 0x35, 0x35, 0x34, 0x36,
  0x33, 0x21, 0x32, 0x16, 0x15, 0x15, 0x14, 0x07, 0x07, 0x06, 0x16, 0x33,
  0x36, 0x16, 0x17, 0x01, 0xa2, 0x05, 0x01, 0x09, 0x60, 0x4a, 0x4d, 0x64,
  0x07, 0x03, 0x02, 0x0c, 0x5c, 0x0c, 0x01, 0x04, 0x05, 0x23, 0x1c, 0x1b,
  0x23, 0x06, 0x06, 0x08, 0x07, 0x22, 0x19, 0x0d, 0x0f, 0x04, 0x05, 0x04,
  0x04, 0x2e, 0x04, 0x03, 0x85, 0x02, 0x02, 0x03, 0xcd, 0x05, 0x07, 0x07,
  0x05, 0x01, 0x53, 0x05, 0x07, 0x05, 0x83, 0x02, 0x02, 0x03, 0x2f, 0x44,
  0x08, 0x01, 0x0c, 0x32, 0x31, 0x1b, 0x02, 0x04, 0x42, 0x4e, 0x51, 0x46,
  0x15, 0x2b, 0x0c, 0x0c, 0x15, 0x1d, 0x1f, 0x22, 0x1f, 0x1c, 0x24, 0x2b,
  0x33, 0x22, 0x19, 0x1d, 0x0a, 0x03, 0x04, 0x31, 0x04, 0x05, 0x04, 0x04,
  0xa8, 0x02, 0x04, 0x07, 0x05, 0x4c, 0x05, 0x07, 0x07, 0x05, 0x50, 0x08,
  0x07, 0xa7, 0x02, 0x04, 0x03, 0x40, 0x35, 0x00, 0x00, 0x01, 0x00, 0x17,
  0x00, 0x00, 0x01, 0xc5, 0x02, 0xbc, 0x00, 0x34, 0x00, 0x39, 0x40, 0x36,
  0x31, 0x29, 0x28, 0x03, 0x04, 0x05, 0x03, 0x01, 0x00, 0x04, 0x12, 0x0a,
  0x09, 0x03, 0x01, 0x00, 0x03, 0x4c, 0x06, 0x01, 0x04, 0x02, 0x01, 0x00,
  0x01, 0x04, 0x00, 0x6a, 0x00, 0x03, 0x03, 0x3c, 0x4d, 0x00, 0x05, 0x05,
  0x01, 0x5f, 0x00, 0x01, 0x01, 0x3d, 0x01, 0x4e, 0x16, 0x25, 0x16, 0x28,
  0x16, 0x25, 0x25, 0x07, 0x0a, 0x1d, 0x2b, 0x00, 0x16, 0x15, 0x15, 0x14,
  0x06, 0x23, 0x23, 0x22, 0x15, 0x15, 0x14, 0x06, 0x23, 0x23, 0x22, 0x26,
  0x35, 0x35, 0x34, 0x23, 0x23, 0x22, 0x26, 0x35, 0x35, 0x34, 0x37, 0x13,
  0x36, 0x33, 0x33, 0x32, 0x16, 0x07, 0x03, 0x06, 0x33, 0x33, 0x32, 0x35,
  0x35, 0x34, 0x36, 0x33, 0x33, 0x32, 0x16, 0x15, 0x15, 0x14, 0x33, 0x33,
  0x01, 0xbe, 0x07, 0x07, 0x05, 0x1f, 0x05, 0x07, 0x05, 0x5c, 0x05, 0x07,
  0x05, 0xf9, 0x05, 0x07, 0x02, 0x8e, 0x03, 0x0a, 0x63, 0x06, 0x06, 0x02,
  0x82, 0x01, 0x05, 0x79, 0x05, 0x07, 0x05, 0x5c, 0x05, 0x07, 0x05, 0x1f,
  0x01, 0x1f, 0x07, 0x05, 0x51, 0x05, 0x07, 0x05, 0xa5, 0x05, 0x07, 0x07,
  0x05, 0xa5, 0x05, 0x07, 0x05, 0x41, 0x09, 0x06, 0x01, 0xa0, 0x0a, 0x07,
  0x07, 0xfe, 0x77, 0x06, 0x05, 0x78, 0x05, 0x07, 0x07, 0x05, 0x78, 0x05,
  0x00, 0x01, 0x00, 0x39, 0xff, 0xf8, 0x01, 0xaf, 0x02, 0xbc, 0x00, 0x40,
  0x00, 0x81, 0x40, 0x0f, 0x30, 0x28, 0x02, 0x06, 0x05, 0x36, 0x01, 0x07,
  0x06, 0x37, 0x01, 0x03, 0x07, 0x03, 0x4c, 0x4b, 0xb0, 0x0c, 0x50, 0x58,
  0x40, 0x2b, 0x00, 0x04, 0x03, 0x01, 0x03, 0x04, 0x01, 0x80, 0x00, 0x01,
  0x02, 0x02, 0x01, 0x70, 0x00, 0x07, 0x00, 0x03, 0x04, 0x07, 0x03, 0x69,
  0x00, 0x06, 0x06, 0x05, 0x5f, 0x00, 0x05, 0x05, 0x3c, 0x4d, 0x00, 0x02,
  0x02, 0x00, 0x62, 0x00, 0x00, 0x00, 0x43, 0x00, 0x4e, 0x1b, 0x40, 0x2c,
  0x00, 0x04, 0x03, 0x01, 0x03, 0x04, 0x01, 0x80, 0x00, 0x01, 0x02, 0x03,
  0x01, 0x02, 0x7e, 0x00, 0x07, 0x00, 0x03, 0x04, 0x07, 0x03, 0x69, 0x00,
  0x06, 0x06, 0x05, 0x5f, 0x00, 0x05, 0x05, 0x3c, 0x4d, 0x00, 0x02, 0x02,
  0x00, 0x62, 0x00, 0x00, 0x00, 0x43, 0x00, 0x4e, 0x59, 0x40, 0x0b, 0x28,
  0x26, 0x26, 0x22, 0x27, 0x23, 0x36, 0x27, 0x08, 0x0a, 0x1e, 0x2b, 0x00,
  0x17, 0x16, 0x15, 0x14, 0x07, 0x06, 0x06, 0x23, 0x22, 0x26, 0x27, 0x26,
  0x35, 0x35, 0x34, 0x33, 0x33, 0x32, 0x17, 0x17, 0x16, 0x33, 0x32, 0x36,
  0x37, 0x36, 0x35, 0x34, 0x27, 0x26, 0x23, 0x22, 0x07, 0x06, 0x23, 0x23,
  0x22, 0x26, 0x35, 0x11, 0x34, 0x36, 0x33, 0x21, 0x32, 0x16, 0x15, 0x15,
  0x14, 0x06, 0x23, 0x23, 0x22, 0x15, 0x07, 0x14, 0x16, 0x37, 0x36, 0x36,
  0x33, 0x32, 0x16, 0x17, 0x01, 0xa8, 0x01, 0x06, 0x04, 0x07, 0x60, 0x50,
  0x4d, 0x5f, 0x0b, 0x03, 0x0b, 0x5d, 0x0b, 0x01, 0x03, 0x0c, 0x37, 0x1b,
  0x22, 0x05, 0x05, 0x06, 0x0e, 0x33, 0x37, 0x0e, 0x03, 0x0a, 0x5d, 0x05,
  0x07, 0x07, 0x05, 0x01, 0x52, 0x05, 0x07, 0x07, 0x05, 0xe5, 0x05, 0x01,
  0x04, 0x02, 0x11, 0x35, 0x1d, 0x3e, 0x4c, 0x09, 0x01, 0x22, 0x02, 0x16,
  0x32, 0x33, 0x14, 0x49, 0x50, 0x4c, 0x4b, 0x18, 0x05, 0x02, 0x0a, 0x0c,
  0x13, 0x3d, 0x20, 0x1c, 0x1a, 0x27, 0x25, 0x1b, 0x37, 0x2e, 0x0b, 0x07,
  0x05, 0x01, 0x8d, 0x05, 0x07, 0x07, 0x05, 0x4c, 0x05, 0x07, 0x05, 0xc5,
  0x03, 0x01, 0x02, 0x13, 0x16, 0x4b, 0x44, 0x00, 0x00, 0x02, 0x00, 0x37,
  0xff, 0xf8, 0x01, 0xaf, 0x02, 0xc4, 0x00, 0x2c, 0x00, 0x40, 0x00, 0x6d,
  0x40, 0x0a, 0x14, 0x01, 0x02, 0x03, 0x23, 0x01, 0x05, 0x04, 0x02, 0x4c,
  0x4b, 0xb0, 0x0a, 0x50, 0x58, 0x40, 0x24, 0x00, 0x02, 0x03, 0x04, 0x03,
  0x02, 0x72, 0x00, 0x04, 0x00, 0x05, 0x06, 0x04, 0x05, 0x69, 0x00, 0x03,
  0x03, 0x01, 0x61, 0x00, 0x01, 0x01, 0x42, 0x4d, 0x00, 0x06, 0x06, 0x00,
  0x61, 0x00, 0x00, 0x00, 0x43, 0x00, 0x4e, 0x1b, 0x40, 0x25, 0x00, 0x02,
  0x03, 0x04, 0x03, 0x02, 0x04, 0x80, 0x00, 0x04, 0x00, 0x05, 0x06, 0x04,
  0x05, 0x69, 0x00, 0x03, 0x03, 0x01, 0x61, 0x00, 0x01, 0x01, 0x42, 0x4d,
  0x00, 0x06, 0x06, 0x00, 0x61, 0x00, 0x00, 0x00, 0x43, 0x00, 0x4e, 0x59,
  0x40, 0x0a, 0x28, 0x28, 0x28, 0x26, 0x25, 0x28, 0x25, 0x07, 0x0a, 0x1d,
  0x2b, 0x00, 0x15, 0x14, 0x07, 0x06, 0x06, 0x23, 0x22, 0x26, 0x27, 0x26,
  0x26, 0x35, 0x03, 0x26, 0x36, 0x33, 0x32, 0x16, 0x15, 0x15, 0x14, 0x06,
  0x23, 0x23, 0x22, 0x26, 0x35, 0x35, 0x34, 0x26, 0x23, 0x22, 0x06, 0x15,
  0x15, 0x14, 0x16, 0x37, 0x36, 0x36, 0x33, 0x32, 0x16, 0x17, 0x06, 0x35,
  0x34, 0x27, 0x26, 0x26, 0x23, 0x22, 0x06, 0x07, 0x06, 0x15, 0x14, 0x17,
  0x16, 0x16, 0x33, 0x32, 0x36, 0x37, 0x01, 0xaf, 0x03, 0x06, 0x62, 0x50,
  0x4d, 0x5f, 0x0a, 0x03, 0x02, 0x01, 0x01, 0x67, 0x54, 0x4f, 0x64, 0x07,
  0x05, 0x5c, 0x05, 0x07, 0x25, 0x1a, 0x1f, 0x27, 0x04, 0x02, 0x12, 0x35,
  0x1c, 0x40, 0x4d, 0x08, 0x70, 0x06, 0x06, 0x22, 0x19, 0x1a, 0x22, 0x06,
  0x05, 0x04, 0x05, 0x23, 0x1b, 0x1c, 0x23, 0x04, 0x01, 0x07, 0x2f, 0x1d,
  0x24, 0x4c, 0x53, 0x4c, 0x4b, 0x15, 0x1c, 0x0f, 0x01, 0x45, 0x50, 0x60,
  0x60, 0x50, 0x18, 0x05, 0x07, 0x07, 0x05, 0x12, 0x23, 0x2c, 0x2c, 0x23,
  0x84, 0x03, 0x02, 0x03, 0x15, 0x18, 0x4f, 0x48, 0x61, 0x23, 0x26, 0x21,
  0x1c, 0x1e, 0x20, 0x1d, 0x1a, 0x2a, 0x27, 0x1c, 0x1f, 0x22, 0x23, 0x21,
  0x00, 0x01, 0x00, 0x2e, 0x00, 0x00, 0x01, 0xb0, 0x02, 0xbc, 0x00, 0x1f,
  0x00, 0x51, 0x40, 0x0c, 0x19, 0x11, 0x02, 0x00, 0x02, 0x09, 0x08, 0x02,
  0x01, 0x00, 0x02, 0x4c, 0x4b, 0xb0, 0x18, 0x50, 0x58, 0x40, 0x17, 0x00,
  0x01, 0x00, 0x03, 0x00, 0x01, 0x72, 0x00, 0x00, 0x00, 0x02, 0x5f, 0x00,
  0x02, 0x02, 0x3c, 0x4d, 0x00, 0x03, 0x03, 0x3d, 0x03, 0x4e, 0x1b, 0x40,
  0x18, 0x00, 0x01, 0x00, 0x03, 0x00, 0x01, 0x03, 0x80, 0x00, 0x00, 0x00,
  0x02, 0x5f, 0x00, 0x02, 0x02, 0x3c, 0x4d, 0x00, 0x03, 0x03, 0x3d, 0x03,
  0x4e, 0x59, 0xb6, 0x28, 0x26, 0x25, 0x15, 0x04, 0x0a, 0x1a, 0x2b, 0x32,
  0x26, 0x37, 0x13, 0x36, 0x23, 0x23, 0x22, 0x15, 0x15, 0x14, 0x06, 0x23,
  0x23, 0x22, 0x26, 0x35, 0x37, 0x34, 0x36, 0x33, 0x21, 0x32, 0x16, 0x15,
  0x15, 0x14, 0x07, 0x03, 0x06, 0x23, 0x23, 0x83, 0x06, 0x02, 0xb5, 0x02,
  0x06, 0x9e, 0x05, 0x07, 0x05, 0x47, 0x05, 0x07, 0x01, 0x07, 0x05, 0x01,
  0x69, 0x05, 0x07, 0x02, 0xb5, 0x03, 0x0a, 0x63, 0x08, 0x06, 0x02, 0x44,
  0x06, 0x05, 0x24, 0x05, 0x07, 0x07, 0x05, 0x81, 0x05, 0x07, 0x07, 0x05,
  0x51, 0x08, 0x06, 0xfd, 0xb9, 0x0a, 0x00, 0x00, 0x00, 0x03, 0x00, 0x34,
  0xff, 0xf8, 0x01, 0xa7, 0x02, 0xc8, 0x00, 0x27, 0x00, 0x3b, 0x00, 0x4f,
  0x00, 0x35, 0x40, 0x32, 0x27, 0x13, 0x02, 0x04, 0x02, 0x01, 0x4c, 0x00,
  0x02, 0x00, 0x04, 0x05, 0x02, 0x04, 0x69, 0x00, 0x03, 0x03, 0x01, 0x61,
  0x00, 0x01, 0x01, 0x42, 0x4d, 0x00, 0x05, 0x05, 0x00, 0x61, 0x00, 0x00,
  0x00, 0x43, 0x00, 0x4e, 0x4d, 0x4b, 0x43, 0x41, 0x3a, 0x38, 0x2f, 0x2d,
  0x1f, 0x1d, 0x29, 0x06, 0x0a, 0x17, 0x2b, 0x00, 0x17, 0x16, 0x17, 0x16,
  0x15, 0x14, 0x07, 0x06, 0x06, 0x23, 0x22, 0x26, 0x27, 0x26, 0x35, 0x34,
  0x37, 0x36, 0x37, 0x36, 0x27, 0x26, 0x27, 0x26, 0x35, 0x34, 0x37, 0x36,
  0x36, 0x33, 0x32, 0x16, 0x17, 0x16, 0x15, 0x14, 0x07, 0x06, 0x07, 0x26,
  0x15, 0x14, 0x17, 0x16, 0x16, 0x33, 0x32, 0x36, 0x37, 0x36, 0x36, 0x35,
  0x34, 0x27, 0x26, 0x26, 0x23, 0x22, 0x07, 0x12, 0x35, 0x34, 0x27, 0x26,
  0x26, 0x23, 0x22, 0x06, 0x07, 0x06, 0x15, 0x14, 0x17, 0x16, 0x16, 0x33,
  0x32, 0x36, 0x37, 0x01, 0x58, 0x05, 0x22, 0x12, 0x16, 0x10, 0x15, 0x58,
  0x3d, 0x3b, 0x5a, 0x15, 0x0f, 0x13, 0x10, 0x27, 0x05, 0x05, 0x22, 0x13,
  0x15, 0x14, 0x16, 0x57, 0x38, 0x37, 0x56, 0x16, 0x17, 0x15, 0x13, 0x22,
  0xb6, 0x0a, 0x08, 0x1e, 0x16, 0x16, 0x20, 0x08, 0x06, 0x03, 0x0b, 0x08,
  0x1f, 0x15, 0x2b, 0x12, 0x84, 0x0a, 0x07, 0x20, 0x16, 0x16, 0x21, 0x07,
  0x08, 0x06, 0x06, 0x21, 0x19, 0x19, 0x23, 0x06, 0x01, 0x6f, 0x03, 0x13,
  0x26, 0x2f, 0x3c, 0x35, 0x28, 0x36, 0x3d, 0x3c, 0x36, 0x2b, 0x33, 0x38,
  0x2e, 0x27, 0x16, 0x03, 0x03, 0x16, 0x25, 0x2c, 0x33, 0x38, 0x28, 0x2c,
  0x31, 0x2f, 0x2c, 0x29, 0x39, 0x35, 0x2a, 0x24, 0x16, 0xad, 0x1e, 0x21,
  0x17, 0x16, 0x18, 0x19, 0x16, 0x13, 0x14, 0x10, 0x20, 0x16, 0x15, 0x18,
  0x2f, 0xfe, 0x80, 0x19, 0x1f, 0x22, 0x18, 0x1b, 0x1b, 0x1b, 0x1d, 0x1f,
  0x1b, 0x1e, 0x1b, 0x20, 0x21, 0x1c, 0x00, 0x00, 0x00, 0x02, 0x00, 0x27,
  0xff, 0xf8, 0x01, 0xa1, 0x02, 0xc4, 0x00, 0x2b, 0x00, 0x3f, 0x00, 0x74,
  0x40, 0x0a, 0x16, 0x01, 0x03, 0x06, 0x07, 0x01, 0x02, 0x01, 0x02, 0x4c,
  0x4b, 0xb0, 0x0a, 0x50, 0x58, 0x40, 0x25, 0x00, 0x01, 0x03, 0x02, 0x02,
  0x01, 0x72, 0x07, 0x01, 0x06, 0x00, 0x03, 0x01, 0x06, 0x03, 0x69, 0x00,
  0x05, 0x05, 0x04, 0x61, 0x00, 0x04, 0x04, 0x42, 0x4d, 0x00, 0x02, 0x02,
  0x00, 0x62, 0x00, 0x00, 0x00, 0x43, 0x00, 0x4e, 0x1b, 0x40, 0x26, 0x00,
  0x01, 0x03, 0x02, 0x03, 0x01, 0x02, 0x80, 0x07, 0x01, 0x06, 0x00, 0x03,
  0x01, 0x06, 0x03, 0x69, 0x00, 0x05, 0x05, 0x04, 0x61, 0x00, 0x04, 0x04,
  0x42, 0x4d, 0x00, 0x02, 0x02, 0x00, 0x62, 0x00, 0x00, 0x00, 0x43, 0x00,
  0x4e, 0x59, 0x40, 0x0f, 0x2c, 0x2c, 0x2c, 0x3f, 0x2c, 0x3e, 0x2d, 0x28,
  0x28, 0x26, 0x25, 0x22, 0x08, 0x0a, 0x1c, 0x2b, 0x25, 0x14, 0x06, 0x23,
  0x22, 0x26, 0x35, 0x35, 0x34, 0x36, 0x33, 0x33, 0x32, 0x16, 0x15, 0x15,
  0x14, 0x16, 0x33, 0x32, 0x36, 0x35, 0x35, 0x34, 0x26, 0x07, 0x06, 0x06,
  0x23, 0x22, 0x26, 0x27, 0x26, 0x35, 0x34, 0x37, 0x36, 0x36, 0x33, 0x32,
  0x16, 0x17, 0x16, 0x15, 0x06, 0x36, 0x37, 0x36, 0x35, 0x34, 0x27, 0x26,
  0x26, 0x23, 0x22, 0x06, 0x07, 0x06, 0x15, 0x14, 0x17, 0x16, 0x16, 0x33,
  0x01, 0xa1, 0x67, 0x55, 0x4e, 0x65, 0x07, 0x05, 0x5c, 0x05, 0x07, 0x25,
  0x1a, 0x20, 0x27, 0x04, 0x02, 0x12, 0x35, 0x1d, 0x3f, 0x4f, 0x07, 0x06,
  0x04, 0x06, 0x62, 0x51, 0x4c, 0x5f, 0x0b, 0x05, 0xa0, 0x22, 0x06, 0x05,
  0x04, 0x05, 0x23, 0x1b, 0x1c, 0x24, 0x05, 0x03, 0x06, 0x06, 0x22, 0x1a,
  0xa8, 0x50, 0x60, 0x60, 0x50, 0x18, 0x05, 0x07, 0x07, 0x05, 0x12, 0x22,
  0x2d, 0x2c, 0x23, 0x84, 0x03, 0x02, 0x03, 0x15, 0x18, 0x4f, 0x48, 0x1c,
  0x2a, 0x11, 0x30, 0x4c, 0x53, 0x4b, 0x4c, 0x1d, 0x23, 0x92, 0x20, 0x1d,
  0x19, 0x2b, 0x22, 0x21, 0x1f, 0x22, 0x23, 0x21, 0x22, 0x1e, 0x26, 0x21,
  0x1c, 0x1e, 0x00, 0x00, 0x00, 0x02, 0x00, 0x15, 0xff, 0xf9, 0x00, 0xfa,
  0x01, 0xaa, 0x00, 0x0d, 0x00, 0x1b, 0x00, 0x2a, 0x40, 0x27, 0x00, 0x00,
  0x00, 0x02, 0x03, 0x00, 0x02, 0x69, 0x05, 0x01, 0x03, 0x03, 0x01, 0x61,
  0x04, 0x01, 0x01, 0x01, 0x43, 0x01, 0x4e, 0x0e, 0x0e, 0x00, 0x00, 0x0e,
  0x1b, 0x0e, 0x1a, 0x15, 0x13, 0x00, 0x0d, 0x00, 0x0c, 0x25, 0x06, 0x0a,
  0x17, 0x2b, 0x16, 0x26, 0x35, 0x35, 0x34, 0x36, 0x33, 0x32, 0x16, 0x15,
  0x15, 0x14, 0x06, 0x23, 0x36, 0x36, 0x35, 0x35, 0x34, 0x26, 0x23, 0x22,
  0x06, 0x15, 0x15, 0x14, 0x16, 0x33, 0x53, 0x3e, 0x3e, 0x34, 0x34, 0x3f,
  0x3f, 0x34, 0x11, 0x15, 0x15, 0x11, 0x11, 0x15, 0x15, 0x11, 0x07, 0x41,
  0x35, 0xc4, 0x35, 0x42, 0x42, 0x35, 0xc4, 0x35, 0x41, 0x42, 0x1a, 0x16,
  0xcd, 0x16, 0x19, 0x19, 0x16, 0xcd, 0x16, 0x1a, 0x00, 0x01, 0x00, 0x10,
  0x00, 0x00, 0x00, 0x82, 0x01, 0xa4, 0x00, 0x19, 0x00, 0x23, 0x40, 0x20,
  0x0e, 0x06, 0x02, 0x01, 0x02, 0x01, 0x4c, 0x00, 0x02, 0x00, 0x01, 0x00,
  0x02, 0x01, 0x80, 0x00, 0x00, 0x00, 0x01, 0x61, 0x00, 0x01, 0x01, 0x3d,
  0x01, 0x4e, 0x28, 0x26, 0x20, 0x03, 0x0a, 0x19, 0x2b, 0x12, 0x33, 0x33,
  0x32, 0x16, 0x15, 0x11, 0x14, 0x06, 0x23, 0x23, 0x22, 0x26, 0x35, 0x11,
  0x34, 0x26, 0x07, 0x07, 0x23, 0x22, 0x35, 0x35, 0x34, 0x37, 0x37, 0x38,
  0x05, 0x39, 0x05, 0x07, 0x07, 0x05, 0x35, 0x05, 0x07, 0x03, 0x02, 0x13,
  0x03, 0x0a, 0x09, 0x15, 0x01, 0xa4, 0x07, 0x05, 0xfe, 0x74, 0x05, 0x07,
  0x07, 0x05, 0x01, 0x4e, 0x02, 0x04, 0x01, 0x04, 0x0b, 0x21, 0x0a, 0x04,
  0x0b, 0x00, 0x00, 0x00, 0x00, 0x01, 0x00, 0x10, 0x00, 0x00, 0x00, 0xf7,
  0x01, 0xa9, 0x00, 0x32, 0x00, 0x56, 0x40, 0x0a, 0x12, 0x01, 0x01, 0x00,
  0x2e, 0x01, 0x04, 0x03, 0x02, 0x4c, 0x4b, 0xb0, 0x11, 0x50, 0x58, 0x40,
  0x1a, 0x00, 0x01, 0x00, 0x03, 0x00, 0x01, 0x72, 0x00, 0x02, 0x00, 0x00,
  0x01, 0x02, 0x00, 0x69, 0x00, 0x03, 0x03, 0x04, 0x5f, 0x00, 0x04, 0x04,
  0x3d, 0x04, 0x4e, 0x1b, 0x40, 0x1b, 0x00, 0x01, 0x00, 0x03, 0x00, 0x01,
  0x03, 0x80, 0x00, 0x02, 0x00, 0x00, 0x01, 0x02, 0x00, 0x69, 0x00, 0x03,
  0x03, 0x04, 0x5f, 0x00, 0x04, 0x04, 0x3d, 0x04, 0x4e, 0x59, 0xb7, 0x26,
  0x1b, 0x26, 0x25, 0x2d, 0x05, 0x0a, 0x1b, 0x2b, 0x32, 0x26, 0x35, 0x35,
  0x34, 0x37, 0x37, 0x36, 0x36, 0x37, 0x36, 0x35, 0x34, 0x26, 0x23, 0x22,
  0x06, 0x15, 0x15, 0x14, 0x06, 0x23, 0x23, 0x22, 0x26, 0x35, 0x35, 0x36,
  0x36, 0x33, 0x32, 0x16, 0x15, 0x14, 0x06, 0x07, 0x06, 0x07, 0x07, 0x06,
  0x16, 0x33, 0x33, 0x32, 0x16, 0x15, 0x15, 0x14, 0x06, 0x23, 0x23, 0x18,
  0x07, 0x05, 0x1b, 0x08, 0x36, 0x12, 0x21, 0x14, 0x0f, 0x0f, 0x13, 0x07,
  0x05, 0x35, 0x05, 0x07, 0x02, 0x3d, 0x32, 0x32, 0x3c, 0x10, 0x10, 0x0e,
  0x35, 0x0f, 0x02, 0x02, 0x03, 0x6b, 0x05, 0x07, 0x07, 0x05, 0xce, 0x07,
  0x05, 0x2e, 0x09, 0x06, 0x23, 0x0b, 0x48, 0x1d, 0x37, 0x24, 0x17, 0x19,
  0x19, 0x14, 0x13, 0x05, 0x07, 0x07, 0x05, 0x16, 0x33, 0x39, 0x3b, 0x3b,
  0x1e, 0x34, 0x1d, 0x17, 0x50, 0x15, 0x02, 0x04, 0x07, 0x05, 0x2a, 0x05,
  0x07, 0x00, 0x00, 0x00, 0x00, 0x01, 0x00, 0x1b, 0xff, 0xfa, 0x00, 0xfa,
  0x01, 0xa3, 0x00, 0x41, 0x00, 0x99, 0x40, 0x14, 0x39, 0x31, 0x02, 0x04,
  0x05, 0x3c, 0x26, 0x02, 0x03, 0x04, 0x21, 0x01, 0x01, 0x03, 0x09, 0x01,
  0x02, 0x01, 0x04, 0x4c, 0x4b, 0xb0, 0x09, 0x50, 0x58, 0x40, 0x20, 0x00,
  0x03, 0x04, 0x01, 0x04, 0x03, 0x72, 0x00, 0x01, 0x02, 0x02, 0x01, 0x70,
  0x00, 0x05, 0x00, 0x04, 0x03, 0x05, 0x04, 0x67, 0x00, 0x02, 0x02, 0x00,
  0x62, 0x00, 0x00, 0x00, 0x43, 0x00, 0x4e, 0x1b, 0x4b, 0xb0, 0x13, 0x50,
  0x58, 0x40, 0x21, 0x00, 0x03, 0x04, 0x01, 0x04, 0x03, 0x01, 0x80, 0x00,
  0x01, 0x02, 0x02, 0x01, 0x70, 0x00, 0x05, 0x00, 0x04, 0x03, 0x05, 0x04,
  0x67, 0x00, 0x02, 0x02, 0x00, 0x62, 0x00, 0x00, 0x00, 0x43, 0x00, 0x4e,
  0x1b, 0x40, 0x22, 0x00, 0x03, 0x04, 0x01, 0x04, 0x03, 0x01, 0x80, 0x00,
  0x01, 0x02, 0x04, 0x01, 0x02, 0x7e, 0x00, 0x05, 0x00, 0x04, 0x03, 0x05,
  0x04, 0x67, 0x00, 0x02, 0x02, 0x00, 0x62, 0x00, 0x00, 0x00, 0x43, 0x00,
  0x4e, 0x59, 0x59, 0x40, 0x09, 0x26, 0x1f, 0x16, 0x25, 0x35, 0x25, 0x06,
  0x0a, 0x1c, 0x2b, 0x36, 0x15, 0x14, 0x07, 0x06, 0x06, 0x23, 0x22, 0x26,
  0x27, 0x26, 0x35, 0x34, 0x33, 0x33, 0x32, 0x15, 0x14, 0x17, 0x16, 0x16,
  0x33, 0x32, 0x37, 0x36, 0x35, 0x34, 0x27, 0x26, 0x23, 0x22, 0x07, 0x06,
  0x23, 0x22, 0x27, 0x27, 0x26, 0x35, 0x34, 0x37, 0x37, 0x36, 0x26, 0x23,
  0x23, 0x22, 0x26, 0x35, 0x35, 0x34, 0x36, 0x33, 0x33, 0x32, 0x16, 0x15,
  0x15, 0x14, 0x07, 0x07, 0x06, 0x17, 0x16, 0x16, 0x17, 0xfa, 0x05, 0x05,
  0x38, 0x2c, 0x30, 0x3d, 0x03, 0x01, 0x0c, 0x34, 0x0c, 0x01, 0x02, 0x13,
  0x0f, 0x1a, 0x08, 0x05, 0x03, 0x08, 0x1c, 0x08, 0x05, 0x05, 0x04, 0x04,
  0x04, 0x19, 0x04, 0x03, 0x48, 0x02, 0x02, 0x03, 0x6c, 0x05, 0x07, 0x07,
  0x05, 0xbe, 0x05, 0x07, 0x05, 0x3a, 0x03, 0x04, 0x19, 0x21, 0x04, 0x9a,
  0x17, 0x1c, 0x17, 0x28, 0x2e, 0x36, 0x2c, 0x09, 0x12, 0x0c, 0x0c, 0x0a,
  0x05, 0x15, 0x17, 0x21, 0x19, 0x15, 0x16, 0x13, 0x25, 0x04, 0x03, 0x04,
  0x1b, 0x04, 0x05, 0x05, 0x03, 0x59, 0x02, 0x04, 0x07, 0x05, 0x2a, 0x05,
  0x07, 0x07, 0x05, 0x2e, 0x08, 0x07, 0x4c, 0x05, 0x01, 0x07, 0x32, 0x20,
  0x00, 0x01, 0x00, 0x09, 0x00, 0x00, 0x01, 0x0d, 0x01, 0xa4, 0x00, 0x34,
  0x00, 0x39, 0x40, 0x36, 0x31, 0x29, 0x28, 0x03, 0x04, 0x05, 0x03, 0x01,
  0x00, 0x04, 0x12, 0x0a, 0x09, 0x03, 0x01, 0x00, 0x03, 0x4c, 0x00, 0x03,
  0x05, 0x03, 0x85, 0x06, 0x01, 0x04, 0x02, 0x01, 0x00, 0x01, 0x04, 0x00,
  0x6a, 0x00, 0x05, 0x05, 0x01, 0x61, 0x00, 0x01, 0x01, 0x3d, 0x01, 0x4e,
  0x16, 0x25, 0x16, 0x28, 0x16, 0x25, 0x25, 0x07, 0x0a, 0x1d, 0x2b, 0x24,
  0x16, 0x15, 0x15, 0x14, 0x06, 0x23, 0x23, 0x22, 0x15, 0x15, 0x14, 0x06,
  0x23, 0x23, 0x22, 0x26, 0x35, 0x35, 0x34, 0x23, 0x23, 0x22, 0x26, 0x35,
  0x35, 0x34, 0x37, 0x37, 0x36, 0x33, 0x33, 0x32, 0x16, 0x07, 0x07, 0x06,
  0x33, 0x33, 0x32, 0x35, 0x35, 0x34, 0x36, 0x33, 0x33, 0x32, 0x16, 0x15,
  0x15, 0x14, 0x33, 0x33, 0x01, 0x06, 0x07, 0x07, 0x05, 0x0c, 0x05, 0x07,
  0x05, 0x34, 0x05, 0x07, 0x05, 0x8a, 0x05, 0x07, 0x02, 0x50, 0x03, 0x0a,
  0x39, 0x06, 0x06, 0x02, 0x47, 0x01, 0x05, 0x37, 0x05, 0x07, 0x05, 0x34,
  0x05, 0x07, 0x05, 0x0c, 0xb1, 0x07, 0x05, 0x2d, 0x05, 0x07, 0x05, 0x5b,
  0x05, 0x07, 0x07, 0x05, 0x5b, 0x05, 0x07, 0x05, 0x24, 0x09, 0x06, 0xef,
  0x0a, 0x07, 0x07, 0xdf, 0x06, 0x05, 0x3d, 0x05, 0x07, 0x07, 0x05, 0x3d,
  0x05, 0x00, 0x00, 0x00, 0x00, 0x01, 0x00, 0x0e, 0xff, 0xfa, 0x00, 0xee,
  0x01, 0xa3, 0x00, 0x3c, 0x00, 0x82, 0x40, 0x14, 0x2d, 0x25, 0x02, 0x06,
  0x05, 0x33, 0x01, 0x07, 0x06, 0x34, 0x01, 0x03, 0x07, 0x0f, 0x0a, 0x02,
  0x02, 0x01, 0x04, 0x4c, 0x4b, 0xb0, 0x16, 0x50, 0x58, 0x40, 0x29, 0x00,
  0x04, 0x03, 0x01, 0x03, 0x04, 0x01, 0x80, 0x00, 0x01, 0x02, 0x02, 0x01,
  0x70, 0x00, 0x05, 0x00, 0x06, 0x07, 0x05, 0x06, 0x67, 0x00, 0x07, 0x00,
  0x03, 0x04, 0x07, 0x03, 0x69, 0x00, 0x02, 0x02, 0x00, 0x62, 0x00, 0x00,
  0x00, 0x43, 0x00, 0x4e, 0x1b, 0x40, 0x2a, 0x00, 0x04, 0x03, 0x01, 0x03,
  0x04, 0x01, 0x80, 0x00, 0x01, 0x02, 0x03, 0x01, 0x02, 0x7e, 0x00, 0x05,
  0x00, 0x06, 0x07, 0x05, 0x06, 0x67, 0x00, 0x07, 0x00, 0x03, 0x04, 0x07,
  0x03, 0x69, 0x00, 0x02, 0x02, 0x00, 0x62, 0x00, 0x00, 0x00, 0x43, 0x00,
  0x4e, 0x59, 0x40, 0x0b, 0x27, 0x26, 0x26, 0x22, 0x26, 0x25, 0x34, 0x25,
  0x08, 0x0a, 0x1e, 0x2b, 0x36, 0x15, 0x14, 0x07, 0x06, 0x06, 0x23, 0x22,
  0x26, 0x27, 0x27, 0x34, 0x33, 0x33, 0x32, 0x17, 0x15, 0x14, 0x17, 0x16,
  0x33, 0x32, 0x37, 0x36, 0x35, 0x34, 0x27, 0x26, 0x23, 0x22, 0x07, 0x06,
  0x23, 0x23, 0x22, 0x26, 0x35, 0x35, 0x34, 0x36, 0x33, 0x33, 0x32, 0x16,
  0x15, 0x15, 0x14, 0x06, 0x23, 0x23, 0x22, 0x15, 0x15, 0x14, 0x16, 0x37,
  0x36, 0x33, 0x32, 0x16, 0x17, 0xee, 0x03, 0x04, 0x3a, 0x2f, 0x2f, 0x3a,
  0x04, 0x02, 0x0c, 0x34, 0x0c, 0x01, 0x02, 0x08, 0x18, 0x1a, 0x06, 0x03,
  0x03, 0x06, 0x1a, 0x18, 0x08, 0x05, 0x09, 0x36, 0x05, 0x07, 0x07, 0x05,
  0xc2, 0x05, 0x07, 0x07, 0x05, 0x7c, 0x05, 0x04, 0x02, 0x16, 0x1e, 0x24,
  0x2c, 0x05, 0x95, 0x14, 0x19, 0x12, 0x2c, 0x30, 0x2f, 0x2e, 0x13, 0x0c,
  0x0c, 0x05, 0x04, 0x0a, 0x1b, 0x20, 0x0b, 0x1b, 0x18, 0x0a, 0x1f, 0x15,
  0x0a, 0x07, 0x05, 0xe7, 0x05, 0x07, 0x07, 0x05, 0x2a, 0x05, 0x07, 0x05,
  0x65, 0x03, 0x01, 0x02, 0x11, 0x2f, 0x2a, 0x00, 0x00, 0x02, 0x00, 0x15,
  0xff, 0xfa, 0x00, 0xf5, 0x01, 0xa8, 0x00, 0x2a, 0x00, 0x3a, 0x00, 0x69,
  0x40, 0x0a, 0x13, 0x01, 0x02, 0x03, 0x22, 0x01, 0x05, 0x04, 0x02, 0x4c,
  0x4b, 0xb0, 0x14, 0x50, 0x58, 0x40, 0x22, 0x00, 0x02, 0x03, 0x04, 0x03,
  0x02, 0x72, 0x00, 0x01, 0x00, 0x03, 0x02, 0x01, 0x03, 0x69, 0x00, 0x04,
  0x00, 0x05, 0x06, 0x04, 0x05, 0x69, 0x00, 0x06, 0x06, 0x00, 0x61, 0x00,
  0x00, 0x00, 0x43, 0x00, 0x4e, 0x1b, 0x40, 0x23, 0x00, 0x02, 0x03, 0x04,
  0x03, 0x02, 0x04, 0x80, 0x00, 0x01, 0x00, 0x03, 0x02, 0x01, 0x03, 0x69,
  0x00, 0x04, 0x00, 0x05, 0x06, 0x04, 0x05, 0x69, 0x00, 0x06, 0x06, 0x00,
  0x61, 0x00, 0x00, 0x00, 0x43, 0x00, 0x4e, 0x59, 0x40, 0x0a, 0x26, 0x27,
  0x27, 0x26, 0x25, 0x27, 0x25, 0x07, 0x0a, 0x1d, 0x2b, 0x36, 0x15, 0x14,
  0x07, 0x06, 0x06, 0x23, 0x22, 0x26, 0x27, 0x26, 0x35, 0x35, 0x26, 0x36,
  0x33, 0x32, 0x16, 0x15, 0x15, 0x14, 0x06, 0x23, 0x23, 0x22, 0x26, 0x35,
  0x35, 0x34, 0x26, 0x23, 0x22, 0x06, 0x15, 0x15, 0x14, 0x16, 0x37, 0x36,
  0x33, 0x32, 0x16, 0x17, 0x06, 0x35, 0x34, 0x27, 0x26, 0x23, 0x22, 0x07,
  0x06, 0x15, 0x14, 0x17, 0x16, 0x33, 0x32, 0x37, 0xf5, 0x04, 0x04, 0x39,
  0x2f, 0x2c, 0x37, 0x07, 0x05, 0x01, 0x3d, 0x32, 0x30, 0x3c, 0x07, 0x05,
  0x35, 0x05, 0x07, 0x12, 0x0d, 0x0f, 0x13, 0x04, 0x02, 0x14, 0x1f, 0x25,
  0x2c, 0x05, 0x4a, 0x03, 0x08, 0x18, 0x17, 0x08, 0x03, 0x03, 0x06, 0x19,
  0x1a, 0x06, 0x9d, 0x1c, 0x1d, 0x13, 0x2a, 0x2d, 0x2b, 0x2b, 0x10, 0x1b,
  0xc2, 0x31, 0x3a, 0x3a, 0x31, 0x0c, 0x05, 0x07, 0x07, 0x05, 0x08, 0x13,
  0x18, 0x18, 0x13, 0x44, 0x03, 0x02, 0x03, 0x14, 0x2f, 0x2a, 0x3d, 0x15,
  0x16, 0x16, 0x1d, 0x1e, 0x18, 0x13, 0x12, 0x18, 0x20, 0x1d, 0x00, 0x00,
  0x00, 0x01, 0x00, 0x07, 0x00, 0x00, 0x00, 0xe7, 0x01, 0xa4, 0x00, 0x1f,
  0x00, 0x4d, 0x40, 0x0c, 0x19, 0x11, 0x02, 0x00, 0x02, 0x09, 0x08, 0x02,
  0x01, 0x00, 0x02, 0x4c, 0x4b, 0xb0, 0x1c, 0x50, 0x58, 0x40, 0x15, 0x00,
  0x01, 0x00, 0x03, 0x00, 0x01, 0x72, 0x00, 0x02, 0x00, 0x00, 0x01, 0x02,
  0x00, 0x67, 0x00, 0x03, 0x03, 0x3d, 0x03, 0x4e, 0x1b, 0x40, 0x16, 0x00,
  0x01, 0x00, 0x03, 0x00, 0x01, 0x03, 0x80, 0x00, 0x02, 0x00, 0x00, 0x01,
  0x02, 0x00, 0x67, 0x00, 0x03, 0x03, 0x3d, 0x03, 0x4e, 0x59, 0xb6, 0x28,
  0x26, 0x25, 0x15, 0x04, 0x0a, 0x1a, 0x2b, 0x32, 0x26, 0x37, 0x13, 0x36,
  0x23, 0x23, 0x22, 0x15, 0x15, 0x14, 0x06, 0x23, 0x23, 0x22, 0x26, 0x35,
  0x35, 0x34, 0x36, 0x33, 0x33, 0x32, 0x16, 0x15, 0x15, 0x14, 0x07, 0x03,
  0x06, 0x23, 0x23, 0x38, 0x05, 0x01, 0x60, 0x02, 0x06, 0x46, 0x05, 0x07,
  0x05, 0x26, 0x05, 0x07, 0x07, 0x05, 0xc8, 0x05, 0x07, 0x02, 0x62, 0x03,
  0x0b, 0x37, 0x07, 0x06, 0x01, 0x4f, 0x06, 0x05, 0x1a, 0x05, 0x07, 0x07,
  0x05, 0x55, 0x05, 0x07, 0x07, 0x05, 0x2f, 0x04, 0x0a, 0xfe, 0xaf, 0x0a,
  0x00, 0x03, 0x00, 0x15, 0xff, 0xfa, 0x00, 0xf2, 0x01, 0xaa, 0x00, 0x27,
  0x00, 0x38, 0x00, 0x4c, 0x00, 0x3d, 0x40, 0x3a, 0x38, 0x2f, 0x02, 0x02,
  0x03, 0x13, 0x01, 0x04, 0x02, 0x4c, 0x46, 0x42, 0x03, 0x05, 0x04, 0x03,
  0x4c, 0x00, 0x01, 0x00, 0x03, 0x02, 0x01, 0x03, 0x69, 0x00, 0x02, 0x00,
  0x04, 0x05, 0x02, 0x04, 0x69, 0x00, 0x05, 0x05, 0x00, 0x61, 0x00, 0x00,
  0x00, 0x43, 0x00, 0x4e, 0x4a, 0x48, 0x40, 0x3e, 0x36, 0x34, 0x2e, 0x2c,
  0x1f, 0x1d, 0x29, 0x06, 0x0a, 0x17, 0x2b, 0x36, 0x17, 0x16, 0x17, 0x16,
  0x15, 0x14, 0x07, 0x06, 0x06, 0x23, 0x22, 0x26, 0x27, 0x26, 0x35, 0x34,
  0x37, 0x36, 0x37, 0x36, 0x27, 0x26, 0x27, 0x26, 0x35, 0x34, 0x37, 0x36,
  0x36, 0x33, 0x32, 0x16, 0x17, 0x16, 0x15, 0x14, 0x07, 0x06, 0x07, 0x26,
  0x15, 0x14, 0x17, 0x16, 0x33, 0x32, 0x37, 0x36, 0x35, 0x34, 0x27, 0x26,
  0x23, 0x22, 0x06, 0x07, 0x16, 0x26, 0x35, 0x35, 0x34, 0x26, 0x23, 0x22,
  0x06, 0x07, 0x06, 0x15, 0x14, 0x17, 0x16, 0x16, 0x33, 0x32, 0x36, 0x37,
  0xc1, 0x06, 0x19, 0x0a, 0x08, 0x08, 0x0b, 0x37, 0x25, 0x25, 0x36, 0x0c,
  0x07, 0x07, 0x0a, 0x19, 0x05, 0x05, 0x19, 0x0a, 0x07, 0x07, 0x0c, 0x36,
  0x25, 0x24, 0x37, 0x0c, 0x08, 0x08, 0x08, 0x1b, 0x67, 0x01, 0x05, 0x1d,
  0x1b, 0x07, 0x01, 0x01, 0x06, 0x1c, 0x0e, 0x12, 0x02, 0x45, 0x01, 0x12,
  0x10, 0x0e, 0x13, 0x01, 0x01, 0x01, 0x01, 0x13, 0x0e, 0x0e, 0x12, 0x02,
  0xda, 0x03, 0x10, 0x1f, 0x1b, 0x16, 0x16, 0x1b, 0x22, 0x2a, 0x29, 0x23,
  0x15, 0x1c, 0x1d, 0x15, 0x1d, 0x10, 0x03, 0x03, 0x11, 0x1e, 0x16, 0x17,
  0x1b, 0x11, 0x21, 0x25, 0x25, 0x21, 0x18, 0x15, 0x16, 0x16, 0x1c, 0x12,
  0x60, 0x0c, 0x0d, 0x07, 0x26, 0x26, 0x06, 0x0d, 0x0d, 0x06, 0x25, 0x14,
  0x11, 0xd9, 0x0f, 0x03, 0x10, 0x16, 0x1b, 0x16, 0x12, 0x09, 0x0f, 0x11,
  0x08, 0x12, 0x16, 0x16, 0x12, 0x00, 0x00, 0x00, 0x00, 0x02, 0x00, 0x0f,
  0xff, 0xfa, 0x00, 0xf0, 0x01, 0xa8, 0x00, 0x2a, 0x00, 0x3a, 0x00, 0x70,
  0x40, 0x0a, 0x15, 0x01, 0x03, 0x06, 0x06, 0x01, 0x02, 0x01, 0x02, 0x4c,
  0x4b, 0xb0, 0x14, 0x50, 0x58, 0x40, 0x23, 0x00, 0x01, 0x03, 0x02, 0x02,
  0x01, 0x72, 0x00, 0x04, 0x00, 0x05, 0x06, 0x04, 0x05, 0x69, 0x07, 0x01,
  0x06, 0x00, 0x03, 0x01, 0x06, 0x03, 0x69, 0x00, 0x02, 0x02, 0x00, 0x62,
  0x00, 0x00, 0x00, 0x43, 0x00, 0x4e, 0x1b, 0x40, 0x24, 0x00, 0x01, 0x03,
  0x02, 0x03, 0x01, 0x02, 0x80, 0x00, 0x04, 0x00, 0x05, 0x06, 0x04, 0x05,
  0x69, 0x07, 0x01, 0x06, 0x00, 0x03, 0x01, 0x06, 0x03, 0x69, 0x00, 0x02,
  0x02, 0x00, 0x62, 0x00, 0x00, 0x00, 0x43, 0x00, 0x4e, 0x59, 0x40, 0x0f,
  0x2b, 0x2b, 0x2b, 0x3a, 0x2b, 0x39, 0x2c, 0x28, 0x27, 0x26, 0x25, 0x21,
  0x08, 0x0a, 0x1c, 0x2b, 0x36, 0x06, 0x23, 0x22, 0x26, 0x35, 0x35, 0x34,
  0x36, 0x33, 0x33, 0x32, 0x16, 0x15, 0x15, 0x14, 0x16, 0x33, 0x32, 0x36,
  0x35, 0x35, 0x34, 0x26, 0x07, 0x06, 0x23, 0x22, 0x26, 0x27, 0x26, 0x35,
  0x34, 0x37, 0x36, 0x36, 0x33, 0x32, 0x16, 0x17, 0x16, 0x15, 0x15, 0x26,
  0x37, 0x36, 0x35, 0x34, 0x27, 0x26, 0x23, 0x22, 0x07, 0x06, 0x15, 0x14,
  0x17, 0x16, 0x33, 0xf0, 0x3e, 0x32, 0x2f, 0x3c, 0x07, 0x05, 0x35, 0x05,
  0x07, 0x12, 0x0c, 0x10, 0x13, 0x04, 0x02, 0x14, 0x1f, 0x25, 0x2c, 0x05,
  0x05, 0x05, 0x04, 0x39, 0x2e, 0x2c, 0x38, 0x07, 0x05, 0x56, 0x06, 0x04,
  0x03, 0x06, 0x1a, 0x19, 0x06, 0x04, 0x04, 0x08, 0x17, 0x34, 0x3a, 0x3a,
  0x30, 0x0c, 0x05, 0x07, 0x07, 0x05, 0x08, 0x12, 0x18, 0x17, 0x13, 0x45,
  0x03, 0x02, 0x03, 0x14, 0x2e, 0x2a, 0x17, 0x16, 0x19, 0x17, 0x2a, 0x2e,
  0x2c, 0x2b, 0x14, 0x17, 0xc2, 0x6f, 0x1d, 0x22, 0x09, 0x13, 0x18, 0x1f,
  0x1d, 0x15, 0x18, 0x17, 0x15, 0x1c, 0x00, 0x00, 0xff, 0xff, 0x00, 0x15,
  0x01, 0x13, 0x00, 0xfa, 0x02, 0xc4, 0x01, 0x07, 0x01, 0xfd, 0x00, 0x00,
  0x01, 0x1a, 0x00, 0x09, 0xb1, 0x00, 0x02, 0xb8, 0x01, 0x1a, 0xb0, 0x35,
  0x2b, 0x00, 0x00, 0x00, 0xff, 0xff, 0x00, 0x10, 0x01, 0x18, 0x00, 0x82,
  0x02, 0xbc, 0x01, 0x07, 0x01, 0xfe, 0x00, 0x00, 0x01, 0x18, 0x00, 0x09,
  0xb1, 0x00, 0x01, 0xb8, 0x01, 0x18, 0xb0, 0x35, 0x2b, 0x00, 0x00, 0x00,
  0xff, 0xff, 0x00, 0x10, 0x01, 0x1b, 0x00, 0xf7, 0x02, 0xc4, 0x01, 0x07,
  0x01, 0xff, 0x00, 0x00, 0x01, 0x1b, 0x00, 0x09, 0xb1, 0x00, 0x01, 0xb8,
  0x01, 0x1b, 0xb0, 0x35, 0x2b, 0x00, 0x00, 0x00, 0xff, 0xff, 0x00, 0x1b,
  0x01, 0x12, 0x00, 0xfa, 0x02, 0xbb, 0x01, 0x07, 0x02, 0x00, 0x00, 0x00,
  0x01, 0x18, 0x00, 0x09, 0xb1, 0x00, 0x01, 0xb8, 0x01, 0x18, 0xb0, 0x35,
  0x2b, 0x00, 0x00, 0x00, 0xff, 0xff, 0x00, 0x09, 0x01, 0x18, 0x01, 0x0d,
  0x02, 0xbc, 0x01, 0x07, 0x02, 0x01, 0x00, 0x00, 0x01, 0x18, 0x00, 0x09,
  0xb1, 0x00, 0x01, 0xb8, 0x01, 0x18, 0xb0, 0x35, 0x2b, 0x00, 0x00, 0x00,
  0xff, 0xff, 0x00, 0x0e, 0x01, 0x12, 0x00, 0xee, 0x02, 0xbb, 0x01, 0x07,
  0x02, 0x02, 0x00, 0x00, 0x01, 0x18, 0x00, 0x09, 0xb1, 0x00, 0x01, 0xb8,
  0x01, 0x18, 0xb0, 0x35, 0x2b, 0x00, 0x00, 0x00, 0xff, 0xff, 0x00, 0x15,
  0x01, 0x15, 0x00, 0xf5, 0x02, 0xc3, 0x01, 0x07, 0x02, 0x03, 0x00, 0x00,
  0x01, 0x1b, 0x00, 0x09, 0xb1, 0x00, 0x02, 0xb8, 0x01, 0x1b, 0xb0, 0x35,
  0x2b, 0x00, 0x00, 0x00, 0xff, 0xff, 0x00, 0x07, 0x01, 0x18, 0x00, 0xe7,
  0x02, 0xbc, 0x01, 0x07, 0x02, 0x04, 0x00, 0x00, 0x01, 0x18, 0x00, 0x09,
  0xb1, 0x00, 0x01, 0xb8, 0x01, 0x18, 0xb0, 0x35, 0x2b, 0x00, 0x00, 0x00,
  0xff, 0xff, 0x00, 0x15, 0x01, 0x13, 0x00, 0xf2, 0x02, 0xc3, 0x01, 0x07,
  0x02, 0x05, 0x00, 0x00, 0x01, 0x19, 0x00, 0x09, 0xb1, 0x00, 0x03, 0xb8,
  0x01, 0x19, 0xb0, 0x35, 0x2b, 0x00, 0x00, 0x00, 0xff, 0xff, 0x00, 0x0f,
  0x01, 0x15, 0x00, 0xf0, 0x02, 0xc3, 0x01, 0x07, 0x02, 0x06, 0x00, 0x00,
  0x01, 0x1b, 0x00, 0x09, 0xb1, 0x00, 0x02, 0xb8, 0x01, 0x1b, 0xb0, 0x35,
  0x2b, 0x00, 0x00, 0x00, 0xff, 0xff, 0x00, 0x10, 0x01, 0xa9, 0x00, 0x82,
  0x03, 0x4d, 0x01, 0x07, 0x01, 0xfe, 0x00, 0x00, 0x01, 0xa9, 0x00, 0x09,
  0xb1, 0x00, 0x01, 0xb8, 0x01, 0xa9, 0xb0, 0x35, 0x2b, 0x00, 0x00, 0x00,
  0xff, 0xff, 0x00, 0x10, 0x01, 0xa9, 0x00, 0xf7, 0x03, 0x52, 0x01, 0x07,
  0x01, 0xff, 0x00, 0x00, 0x01, 0xa9, 0x00, 0x09, 0xb1, 0x00, 0x01, 0xb8,
  0x01, 0xa9, 0xb0, 0x35, 0x2b, 0x00, 0x00, 0x00, 0xff, 0xff, 0x00, 0x1b,
  0x01, 0xa4, 0x00, 0xfa, 0x03, 0x4d, 0x01, 0x07, 0x02, 0x00, 0x00, 0x00,
  0x01, 0xaa, 0x00, 0x09, 0xb1, 0x00, 0x01, 0xb8, 0x01, 0xaa, 0xb0, 0x35,
  0x2b, 0x00, 0x00, 0x00, 0xff, 0xff, 0x00, 0x09, 0x01, 0xaa, 0x01, 0x0d,
  0x03, 0x4e, 0x01, 0x07, 0x02, 0x01, 0x00, 0x00, 0x01, 0xaa, 0x00, 0x09,
  0xb1, 0x00, 0x01, 0xb8, 0x01, 0xaa, 0xb0, 0x35, 0x2b, 0x00, 0x00, 0x00,
  0xff, 0xff, 0x00, 0x0e, 0x01, 0xa4, 0x00, 0xee, 0x03, 0x4d, 0x01, 0x07,
  0x02, 0x02, 0x00, 0x00, 0x01, 0xaa, 0x00, 0x09, 0xb1, 0x00, 0x01, 0xb8,
  0x01, 0xaa, 0xb0, 0x35, 0x2b, 0x00, 0x00, 0x00, 0xff, 0xff, 0x00, 0x15,
  0x01, 0xa4, 0x00, 0xf5, 0x03, 0x52, 0x01, 0x07, 0x02, 0x03, 0x00, 0x00,
  0x01, 0xaa, 0x00, 0x09, 0xb1, 0x00, 0x02, 0xb8, 0x01, 0xaa, 0xb0, 0x35,
  0x2b, 0x00, 0x00, 0x00, 0xff, 0xff, 0x00, 0x07, 0x01, 0xaa, 0x00, 0xe7,
  0x03, 0x4e, 0x01, 0x07, 0x02, 0x04, 0x00, 0x00, 0x01, 0xaa, 0x00, 0x09,
  0xb1, 0x00, 0x01, 0xb8, 0x01, 0xaa, 0xb0, 0x35, 0x2b, 0x00, 0x00, 0x00,
  0xff, 0xff, 0x00, 0x15, 0x01, 0xa4, 0x00, 0xf2, 0x03, 0x54, 0x01, 0x07,
  0x02, 0x05, 0x00, 0x00, 0x01, 0xaa, 0x00, 0x09, 0xb1, 0x00, 0x03, 0xb8,
  0x01, 0xaa, 0xb0, 0x35, 0x2b, 0x00, 0x00, 0x00, 0xff, 0xff, 0x00, 0x0f,
  0x01, 0xa4, 0x00, 0xf0, 0x03, 0x52, 0x01, 0x07, 0x02, 0x06, 0x00, 0x00,
  0x01, 0xaa, 0x00, 0x09, 0xb1, 0x00, 0x02, 0xb8, 0x01, 0xaa, 0xb0, 0x35,
  0x2b, 0x00, 0x00, 0x00, 0x00, 0x01, 0xff, 0x75, 0x00, 0x00, 0x01, 0x6c,
  0x02, 0xbc, 0x00, 0x0d, 0x00, 0x13, 0x40, 0x10, 0x00, 0x00, 0x00, 0x3c,
  0x4d, 0x00, 0x01, 0x01, 0x3d, 0x01, 0x4e, 0x25, 0x24, 0x02, 0x0a, 0x18,
  0x2b, 0x22, 0x26, 0x37, 0x01, 0x36, 0x33, 0x33, 0x32, 0x16, 0x07, 0x01,
  0x06, 0x23, 0x23, 0x86, 0x05, 0x04, 0x01, 0x9e, 0x04, 0x0a, 0x3b, 0x07,
  0x05, 0x04, 0xfe, 0x61, 0x04, 0x0a, 0x3a, 0x07, 0x07, 0x02, 0xa6, 0x08,
  0x07, 0x07, 0xfd, 0x5a, 0x08, 0x00, 0x00, 0x00, 0xff, 0xff, 0x00, 0x10,
  0x00, 0x00, 0x02, 0x9e, 0x02, 0xbc, 0x00, 0x22, 0x02, 0x08, 0x00, 0x00,
  0x00, 0x23, 0x02, 0x1a, 0x00, 0xc9, 0x00, 0x00, 0x00, 0x03, 0x01, 0xff,
  0x01, 0xa7, 0x00, 0x00, 0xff, 0xff, 0x00, 0x10, 0x00, 0x00, 0x02, 0xb0,
  0x02, 0xbc, 0x00, 0x22, 0x02, 0x08, 0x00, 0x00, 0x00, 0x23, 0x02, 0x1a,
  0x00, 0xc9, 0x00, 0x00, 0x00, 0x03, 0x02, 0x01, 0x01, 0xa3, 0x00, 0x00,
  0xff, 0xff, 0x00, 0x1b, 0x00, 0x00, 0x02, 0xfa, 0x02, 0xbc, 0x00, 0x22,
  0x02, 0x0a, 0x00, 0x00, 0x00, 0x23, 0x02, 0x1a, 0x01, 0x13, 0x00, 0x00,
  0x00, 0x03, 0x02, 0x01, 0x01, 0xed, 0x00, 0x00, 0xff, 0xff, 0x00, 0x10,
  0xff, 0xfa, 0x02, 0x9e, 0x02, 0xbc, 0x00, 0x22, 0x02, 0x08, 0x00, 0x00,
  0x00, 0x23, 0x02, 0x1a, 0x00, 0xc9, 0x00, 0x00, 0x00, 0x03, 0x02, 0x05,
  0x01, 0xac, 0x00, 0x00, 0xff, 0xff, 0x00, 0x1b, 0xff, 0xfa, 0x02, 0xe8,
  0x02, 0xbc, 0x00, 0x22, 0x02, 0x0a, 0x00, 0x00, 0x00, 0x23, 0x02, 0x1a,
  0x01, 0x13, 0x00, 0x00, 0x00, 0x03, 0x02, 0x05, 0x01, 0xf6, 0x00, 0x00,
  0xff, 0xff, 0x00, 0x0e, 0xff, 0xfa, 0x02, 0xc4, 0x02, 0xbc, 0x00, 0x22,
  0x02, 0x0c, 0x00, 0x00, 0x00, 0x23, 0x02, 0x1a, 0x00, 0xf0, 0x00, 0x00,
  0x00, 0x03, 0x02, 0x05, 0x01, 0xd2, 0x00, 0x00, 0xff, 0xff, 0x00, 0x07,
  0xff, 0xfa, 0x02, 0xa4, 0x02, 0xbc, 0x00, 0x22, 0x02, 0x0e, 0x00, 0x00,
  0x00, 0x23, 0x02, 0x1a, 0x00, 0xd0, 0x00, 0x00, 0x00, 0x03, 0x02, 0x05,
  0x01, 0xb2, 0x00, 0x00, 0xff, 0xff, 0x00, 0x23, 0xff, 0xfe, 0x00, 0xb0,
  0x00, 0x8c, 0x01, 0x07, 0x02, 0x88, 0x00, 0xb7, 0xfd, 0xb9, 0x00, 0x09,
  0xb1, 0x00, 0x01, 0xb8, 0xfd, 0xb9, 0xb0, 0x35, 0x2b, 0x00, 0x00, 0x00,
  0x00, 0x01, 0x00, 0x20, 0xff, 0xa5, 0x00, 0xa4, 0x00, 0x9d, 0x00, 0x0c,
  0x00, 0x18, 0x40, 0x15, 0x00, 0x00, 0x01, 0x01, 0x00, 0x57, 0x00, 0x00,
  0x00, 0x01, 0x61, 0x00, 0x01, 0x00, 0x01, 0x51, 0x23, 0x34, 0x02, 0x0a,
  0x18, 0x2b, 0x16, 0x26, 0x37, 0x37, 0x36, 0x33, 0x33, 0x32, 0x07, 0x07,
  0x06, 0x23, 0x23, 0x27, 0x07, 0x01, 0x1a, 0x01, 0x0b, 0x50, 0x0d, 0x03,
  0x31, 0x02, 0x0b, 0x36, 0x5b, 0x07, 0x06, 0xe0, 0x0b, 0x0d, 0xe0, 0x0b,
  0xff, 0xff, 0x00, 0x39, 0x00, 0x02, 0x00, 0xc6, 0x01, 0xdb, 0x00, 0x27,
  0x02, 0x88, 0x00, 0xcd, 0xff, 0x08, 0x01, 0x07, 0x02, 0x88, 0x00, 0xcd,
  0xfd, 0xbd, 0x00, 0x12, 0xb1, 0x00, 0x01, 0xb8, 0xff, 0x08, 0xb0, 0x35,
  0x2b, 0xb1, 0x01, 0x01, 0xb8, 0xfd, 0xbd, 0xb0, 0x35, 0x2b, 0x00, 0x00,
  0x00, 0x02, 0x00, 0x23, 0xff, 0xa7, 0x00, 0xb7, 0x01, 0xdf, 0x00, 0x0b,
  0x00, 0x18, 0x00, 0x2a, 0x40, 0x27, 0x00, 0x00, 0x04, 0x01, 0x01, 0x02,
  0x00, 0x01, 0x69, 0x00, 0x02, 0x03, 0x03, 0x02, 0x57, 0x00, 0x02, 0x02,
  0x03, 0x61, 0x00, 0x03, 0x02, 0x03, 0x51, 0x00, 0x00, 0x18, 0x16, 0x13,
  0x10, 0x00, 0x0b, 0x00, 0x0a, 0x24, 0x05, 0x0a, 0x17, 0x2b, 0x12, 0x26,
  0x35, 0x34, 0x36, 0x33, 0x32, 0x16, 0x15, 0x14, 0x06, 0x23, 0x02, 0x26,
  0x37, 0x37, 0x36, 0x33, 0x33, 0x32, 0x07, 0x07, 0x06, 0x23, 0x23, 0x4d,
  0x2a, 0x2d, 0x1d, 0x1d, 0x2d, 0x2a, 0x20, 0x3f, 0x07, 0x01, 0x13, 0x02,
  0x0a, 0x51, 0x0d, 0x03, 0x2b, 0x01, 0x0c, 0x36, 0x01, 0x45, 0x2d, 0x21,
  0x1f, 0x2d, 0x2d, 0x1f, 0x21, 0x2d, 0xfe, 0x62, 0x07, 0x06, 0xdb, 0x0b,
  0x0d, 0xdb, 0x0b, 0x00, 0xff, 0xff, 0x00, 0x23, 0xff, 0xfe, 0x02, 0x84,
  0x00, 0x8c, 0x00, 0x22, 0x02, 0x22, 0x00, 0x00, 0x00, 0x23, 0x02, 0x22,
  0x00, 0xea, 0x00, 0x00, 0x00, 0x03, 0x02, 0x22, 0x01, 0xd4, 0x00, 0x00,
  0x00, 0x02, 0x00, 0x40, 0x00, 0x02, 0x00, 0xcd, 0x02, 0xbc, 0x00, 0x0f,
  0x00, 0x1b, 0x00, 0x2c, 0x40, 0x29, 0x0b, 0x03, 0x02, 0x01, 0x00, 0x01,
  0x4c, 0x00, 0x01, 0x01, 0x00, 0x5f, 0x00, 0x00, 0x00, 0x3c, 0x4d, 0x00,
  0x02, 0x02, 0x03, 0x61, 0x04, 0x01, 0x03, 0x03, 0x3d, 0x03, 0x4e, 0x10,
  0x10, 0x10, 0x1b, 0x10, 0x1a, 0x25, 0x26, 0x25, 0x05, 0x0a, 0x19, 0x2b,
  0x36, 0x26, 0x35, 0x03, 0x34, 0x36, 0x33, 0x33, 0x32, 0x16, 0x15, 0x03,
  0x14, 0x06, 0x23, 0x23, 0x16, 0x26, 0x35, 0x34, 0x36, 0x33, 0x32, 0x16,
  0x15, 0x14, 0x06, 0x23, 0x5f, 0x07, 0x0c, 0x07, 0x05, 0x5c, 0x05, 0x07,
  0x0b, 0x07, 0x05, 0x45, 0x04, 0x28, 0x28, 0x1f, 0x1f, 0x27, 0x28, 0x1e,
  0xec, 0x07, 0x05, 0x01, 0xb8, 0x05, 0x07, 0x07, 0x05, 0xfe, 0x48, 0x05,
  0x07, 0xea, 0x28, 0x1f, 0x1f, 0x27, 0x27, 0x1f, 0x1f, 0x28, 0x00, 0x00,
  0x00, 0x02, 0x00, 0x40, 0x00, 0x0a, 0x00, 0xcd, 0x02, 0xc4, 0x00, 0x0b,
  0x00, 0x1b, 0x00, 0x4d, 0xb6, 0x1b, 0x13, 0x02, 0x03, 0x02, 0x01, 0x4c,
  0x4b, 0xb0, 0x31, 0x50, 0x58, 0x40, 0x16, 0x00, 0x00, 0x00, 0x01, 0x61,
  0x04, 0x01, 0x01, 0x01, 0x42, 0x4d, 0x00, 0x02, 0x02, 0x03, 0x5f, 0x00,
  0x03, 0x03, 0x3d, 0x03, 0x4e, 0x1b, 0x40, 0x13, 0x00, 0x02, 0x00, 0x03,
  0x02, 0x03, 0x63, 0x00, 0x00, 0x00, 0x01, 0x61, 0x04, 0x01, 0x01, 0x01,
  0x42, 0x00, 0x4e, 0x59, 0x40, 0x0e, 0x00, 0x00, 0x17, 0x15, 0x0f, 0x0d,
  0x00, 0x0b, 0x00, 0x0a, 0x24, 0x05, 0x0a, 0x17, 0x2b, 0x12, 0x16, 0x15,
  0x14, 0x06, 0x23, 0x22, 0x26, 0x35, 0x34, 0x36, 0x33, 0x06, 0x36, 0x33,
  0x33, 0x32, 0x16, 0x15, 0x13, 0x14, 0x06, 0x23, 0x23, 0x22, 0x26, 0x35,
  0x13, 0xa5, 0x28, 0x27, 0x1f, 0x1f, 0x28, 0x28, 0x1f, 0x2f, 0x07, 0x05,
  0x45, 0x05, 0x07, 0x0b, 0x07, 0x05, 0x5c, 0x05, 0x07, 0x0c, 0x02, 0xc4,
  0x28, 0x1f, 0x1f, 0x27, 0x27, 0x1f, 0x1f, 0x28, 0xf1, 0x07, 0x07, 0x05,
  0xfe, 0x48, 0x05, 0x07, 0x07, 0x05, 0x01, 0xb8, 0x00, 0x02, 0x00, 0x15,
  0xff, 0xff, 0x01, 0x87, 0x02, 0xc6, 0x00, 0x2a, 0x00, 0x36, 0x00, 0x3c,
  0x40, 0x39, 0x26, 0x01, 0x03, 0x01, 0x01, 0x4c, 0x00, 0x01, 0x00, 0x03,
  0x00, 0x01, 0x03, 0x80, 0x00, 0x03, 0x04, 0x00, 0x03, 0x04, 0x7e, 0x00,
  0x00, 0x00, 0x02, 0x61, 0x00, 0x02, 0x02, 0x42, 0x4d, 0x00, 0x04, 0x04,
  0x05, 0x61, 0x06, 0x01, 0x05, 0x05, 0x3d, 0x05, 0x4e, 0x2b, 0x2b, 0x2b,
  0x36, 0x2b, 0x35, 0x25, 0x2c, 0x27, 0x24, 0x2b, 0x07, 0x0a, 0x1b, 0x2b,
  0x36, 0x26, 0x35, 0x35, 0x34, 0x36, 0x37, 0x36, 0x36, 0x35, 0x34, 0x26,
  0x23, 0x22, 0x06, 0x15, 0x15, 0x14, 0x23, 0x27, 0x22, 0x26, 0x35, 0x35,
  0x34, 0x36, 0x36, 0x33, 0x32, 0x16, 0x15, 0x14, 0x06, 0x06, 0x07, 0x06,
  0x06, 0x15, 0x15, 0x14, 0x06, 0x23, 0x23, 0x16, 0x26, 0x35, 0x34, 0x36,
  0x33, 0x32, 0x16, 0x15, 0x14, 0x06, 0x23, 0x8e, 0x07, 0x26, 0x25, 0x20,
  0x20, 0x24, 0x1e, 0x21, 0x26, 0x0c, 0x5c, 0x05, 0x07, 0x30, 0x56, 0x38,
  0x52, 0x62, 0x18, 0x22, 0x1b, 0x1c, 0x1b, 0x07, 0x05, 0x5c, 0x0f, 0x27,
  0x27, 0x1f, 0x1f, 0x28, 0x28, 0x1f, 0xd6, 0x07, 0x05, 0x29, 0x30, 0x3a,
  0x22, 0x1d, 0x2f, 0x23, 0x27, 0x2f, 0x31, 0x28, 0x15, 0x0b, 0x04, 0x08,
  0x05, 0x0f, 0x39, 0x59, 0x31, 0x67, 0x55, 0x2d, 0x3f, 0x28, 0x19, 0x19,
  0x25, 0x1b, 0x22, 0x05, 0x07, 0xd7, 0x28, 0x1f, 0x1f, 0x27, 0x27, 0x1f,
  0x1f, 0x28, 0x00, 0x00, 0x00, 0x02, 0x00, 0x16, 0xff, 0x2e, 0x01, 0x88,
  0x01, 0xf5, 0x00, 0x0b, 0x00, 0x36, 0x00, 0x9f, 0xb5, 0x32, 0x01, 0x03,
  0x05, 0x01, 0x4c, 0x4b, 0xb0, 0x2e, 0x50, 0x58, 0x40, 0x25, 0x00, 0x05,
  0x00, 0x03, 0x00, 0x05, 0x03, 0x80, 0x00, 0x03, 0x02, 0x00, 0x03, 0x02,
  0x7e, 0x00, 0x00, 0x00, 0x01, 0x61, 0x06, 0x01, 0x01, 0x01, 0x3f, 0x4d,
  0x00, 0x02, 0x02, 0x04, 0x62, 0x00, 0x04, 0x04, 0x47, 0x04, 0x4e, 0x1b,
  0x4b, 0xb0, 0x31, 0x50, 0x58, 0x40, 0x22, 0x00, 0x05, 0x00, 0x03, 0x00,
  0x05, 0x03, 0x80, 0x00, 0x03, 0x02, 0x00, 0x03, 0x02, 0x7e, 0x00, 0x02,
  0x00, 0x04, 0x02, 0x04, 0x66, 0x00, 0x00, 0x00, 0x01, 0x61, 0x06, 0x01,
  0x01, 0x01, 0x3f, 0x00, 0x4e, 0x1b, 0x40, 0x28, 0x00, 0x05, 0x00, 0x03,
  0x00, 0x05, 0x03, 0x80, 0x00, 0x03, 0x02, 0x00, 0x03, 0x02, 0x7e, 0x06,
  0x01, 0x01, 0x00, 0x00, 0x05, 0x01, 0x00, 0x69, 0x00, 0x02, 0x04, 0x04,
  0x02, 0x59, 0x00, 0x02, 0x02, 0x04, 0x62, 0x00, 0x04, 0x02, 0x04, 0x52,
  0x59, 0x59, 0x40, 0x12, 0x00, 0x00, 0x36, 0x34, 0x28, 0x26, 0x1f, 0x1d,
  0x19, 0x17, 0x00, 0x0b, 0x00, 0x0a, 0x24, 0x07, 0x0a, 0x17, 0x2b, 0x12,
  0x16, 0x15, 0x14, 0x06, 0x23, 0x22, 0x26, 0x35, 0x34, 0x36, 0x33, 0x16,
  0x16, 0x15, 0x15, 0x14, 0x06, 0x07, 0x06, 0x06, 0x15, 0x14, 0x16, 0x33,
  0x32, 0x36, 0x35, 0x35, 0x34, 0x33, 0x17, 0x32, 0x16, 0x15, 0x15, 0x14,
  0x06, 0x06, 0x23, 0x22, 0x26, 0x35, 0x34, 0x36, 0x36, 0x37, 0x36, 0x36,
  0x35, 0x35, 0x34, 0x36, 0x33, 0x33, 0xfb, 0x27, 0x27, 0x1f, 0x1f, 0x28,
  0x28, 0x1f, 0x33, 0x07, 0x26, 0x25, 0x20, 0x20, 0x25, 0x1d, 0x21, 0x26,
  0x0c, 0x5c, 0x05, 0x07, 0x30, 0x56, 0x38, 0x52, 0x62, 0x18, 0x22, 0x1b,
  0x1c, 0x1b, 0x07, 0x05, 0x5c, 0x01, 0xf5, 0x28, 0x1f, 0x1f, 0x27, 0x27,
  0x1f, 0x1f, 0x28, 0xd7, 0x07, 0x05, 0x29, 0x30, 0x3a, 0x22, 0x1d, 0x2f,
  0x23, 0x27, 0x2f, 0x31, 0x28, 0x15, 0x0b, 0x04, 0x08, 0x05, 0x0f, 0x39,
  0x59, 0x31, 0x67, 0x55, 0x2d, 0x3f, 0x28, 0x19, 0x19, 0x25, 0x1b, 0x22,
  0x05, 0x07, 0x00, 0x00, 0xff, 0xff, 0x00, 0x25, 0x00, 0xd7, 0x00, 0xb2,
  0x01, 0x65, 0x01, 0x07, 0x02, 0x22, 0x00, 0x02, 0x00, 0xd9, 0x00, 0x08,
  0xb1, 0x00, 0x01, 0xb0, 0xd9, 0xb0, 0x35, 0x2b, 0x00, 0x01, 0x00, 0x1b,
  0x00, 0x94, 0x01, 0x14, 0x01, 0x8d, 0x00, 0x0d, 0x00, 0x1e, 0x40, 0x1b,
  0x00, 0x00, 0x01, 0x01, 0x00, 0x59, 0x00, 0x00, 0x00, 0x01, 0x61, 0x02,
  0x01, 0x01, 0x00, 0x01, 0x51, 0x00, 0x00, 0x00, 0x0d, 0x00, 0x0c, 0x25,
  0x03, 0x0a, 0x17, 0x2b, 0x36, 0x26, 0x26, 0x35, 0x34, 0x36, 0x33, 0x32,
  0x16, 0x15, 0x14, 0x06, 0x06, 0x23, 0x76, 0x39, 0x22, 0x49, 0x34, 0x33,
  0x49, 0x22, 0x39, 0x21, 0x94, 0x22, 0x3a, 0x21, 0x34, 0x48, 0x48, 0x34,
  0x21, 0x3a, 0x22, 0x00, 0x00, 0x01, 0x00, 0x12, 0x01, 0x8b, 0x01, 0x58,
  0x02, 0xea, 0x00, 0x49, 0x00, 0x3e, 0x40, 0x0d, 0x45, 0x44, 0x36, 0x28,
  0x20, 0x1f, 0x11, 0x03, 0x08, 0x01, 0x00, 0x01, 0x4c, 0x4b, 0xb0, 0x16,
  0x50, 0x58, 0x40, 0x0b, 0x00, 0x01, 0x01, 0x00, 0x61, 0x00, 0x00, 0x00,
  0x44, 0x01, 0x4e, 0x1b, 0x40, 0x10, 0x00, 0x00, 0x01, 0x01, 0x00, 0x59,
  0x00, 0x00, 0x00, 0x01, 0x61, 0x00, 0x01, 0x00, 0x01, 0x51, 0x59, 0xb6,
  0x49, 0x47, 0x24, 0x22, 0x02, 0x0a, 0x16, 0x2b, 0x12, 0x26, 0x35, 0x35,
  0x34, 0x26, 0x07, 0x07, 0x06, 0x23, 0x22, 0x27, 0x27, 0x26, 0x35, 0x34,
  0x37, 0x37, 0x36, 0x34, 0x27, 0x27, 0x26, 0x37, 0x37, 0x36, 0x36, 0x17,
  0x17, 0x16, 0x36, 0x35, 0x35, 0x34, 0x36, 0x33, 0x33, 0x32, 0x16, 0x15,
  0x07, 0x14, 0x16, 0x37, 0x37, 0x36, 0x33, 0x32, 0x17, 0x17, 0x16, 0x15,
  0x14, 0x07, 0x07, 0x06, 0x14, 0x17, 0x17, 0x16, 0x07, 0x07, 0x06, 0x06,
  0x27, 0x27, 0x26, 0x06, 0x15, 0x17, 0x14, 0x06, 0x23, 0x23, 0x9a, 0x07,
  0x04, 0x02, 0x51, 0x04, 0x02, 0x06, 0x04, 0x15, 0x02, 0x06, 0x55, 0x02,
  0x02, 0x55, 0x09, 0x05, 0x15, 0x02, 0x0a, 0x05, 0x50, 0x02, 0x04, 0x07,
  0x05, 0x2c, 0x05, 0x07, 0x01, 0x04, 0x02, 0x50, 0x04, 0x02, 0x07, 0x04,
  0x15, 0x02, 0x06, 0x54, 0x02, 0x02, 0x54, 0x0a, 0x05, 0x16, 0x03, 0x09,
  0x05, 0x50, 0x02, 0x04, 0x01, 0x07, 0x05, 0x2c, 0x01, 0x8b, 0x07, 0x05,
  0x5f, 0x03, 0x02, 0x02, 0x30, 0x02, 0x07, 0x27, 0x04, 0x02, 0x06, 0x04,
  0x32, 0x02, 0x04, 0x01, 0x31, 0x06, 0x0a, 0x29, 0x05, 0x03, 0x03, 0x31,
  0x02, 0x02, 0x03, 0x5f, 0x05, 0x07, 0x07, 0x05, 0x5f, 0x03, 0x02, 0x02,
  0x31, 0x02, 0x07, 0x29, 0x04, 0x02, 0x05, 0x05, 0x31, 0x01, 0x04, 0x02,
  0x32, 0x06, 0x0a, 0x29, 0x05, 0x02, 0x03, 0x31, 0x02, 0x02, 0x03, 0x5f,
  0x05, 0x07, 0x00, 0x00, 0x00, 0x02, 0x00, 0x2a, 0x00, 0x17, 0x02, 0x35,
  0x02, 0xa2, 0x00, 0x5b, 0x00, 0x67, 0x00, 0xb5, 0x40, 0x0c, 0x5b, 0x3b,
  0x02, 0x00, 0x09, 0x2d, 0x0d, 0x02, 0x02, 0x01, 0x02, 0x4c, 0x4b, 0xb0,
  0x09, 0x50, 0x58, 0x40, 0x28, 0x0c, 0x01, 0x0a, 0x09, 0x09, 0x0a, 0x70,
  0x0f, 0x07, 0x02, 0x01, 0x06, 0x04, 0x02, 0x02, 0x03, 0x01, 0x02, 0x67,
  0x0e, 0x08, 0x02, 0x00, 0x00, 0x09, 0x5f, 0x0d, 0x0b, 0x02, 0x09, 0x09,
  0x3f, 0x4d, 0x05, 0x01, 0x03, 0x03, 0x3d, 0x03, 0x4e, 0x1b, 0x4b, 0xb0,
  0x16, 0x50, 0x58, 0x40, 0x27, 0x0c, 0x01, 0x0a, 0x09, 0x0a, 0x85, 0x0f,
  0x07, 0x02, 0x01, 0x06, 0x04, 0x02, 0x02, 0x03, 0x01, 0x02, 0x67, 0x0e,
  0x08, 0x02, 0x00, 0x00, 0x09, 0x5f, 0x0d, 0x0b, 0x02, 0x09, 0x09, 0x3f,
  0x4d, 0x05, 0x01, 0x03, 0x03, 0x3d, 0x03, 0x4e, 0x1b, 0x40, 0x27, 0x0c,
  0x01, 0x0a, 0x09, 0x0a, 0x85, 0x05, 0x01, 0x03, 0x02, 0x03, 0x86, 0x0f,
  0x07, 0x02, 0x01, 0x06, 0x04, 0x02, 0x02, 0x03, 0x01, 0x02, 0x67, 0x0e,
  0x08, 0x02, 0x00, 0x00, 0x09, 0x5f, 0x0d, 0x0b, 0x02, 0x09, 0x09, 0x3f,
  0x00, 0x4e, 0x59, 0x59, 0x40, 0x1a, 0x67, 0x66, 0x61, 0x60, 0x57, 0x56,
  0x52, 0x4f, 0x4b, 0x4a, 0x46, 0x43, 0x3f, 0x3d, 0x15, 0x26, 0x14, 0x34,
  0x14, 0x34, 0x26, 0x15, 0x21, 0x10, 0x0a, 0x1f, 0x2b, 0x00, 0x06, 0x23,
  0x23, 0x22, 0x15, 0x07, 0x14, 0x33, 0x33, 0x32, 0x16, 0x15, 0x15, 0x14,
  0x06, 0x23, 0x23, 0x22, 0x15, 0x07, 0x06, 0x23, 0x27, 0x22, 0x37, 0x37,
  0x34, 0x23, 0x23, 0x22, 0x15, 0x07, 0x06, 0x23, 0x27, 0x22, 0x37, 0x37,
  0x34, 0x23, 0x23, 0x22, 0x26, 0x35, 0x35, 0x34, 0x36, 0x33, 0x33, 0x32,
  0x35, 0x37, 0x34, 0x23, 0x23, 0x22, 0x26, 0x35, 0x35, 0x34, 0x36, 0x33,
  0x33, 0x32, 0x35, 0x37, 0x36, 0x33, 0x17, 0x32, 0x07, 0x07, 0x14, 0x33,
  0x33, 0x32, 0x35, 0x37, 0x36, 0x33, 0x17, 0x32, 0x07, 0x07, 0x14, 0x33,
  0x33, 0x32, 0x16, 0x15, 0x15, 0x06, 0x35, 0x37, 0x34, 0x23, 0x23, 0x22,
  0x15, 0x07, 0x14, 0x33, 0x33, 0x02, 0x35, 0x07, 0x05, 0x3d, 0x06, 0x11,
  0x04, 0x2e, 0x05, 0x07, 0x07, 0x05, 0x3d, 0x06, 0x15, 0x01, 0x0c, 0x5c,
  0x0c, 0x01, 0x15, 0x04, 0x69, 0x06, 0x15, 0x01, 0x0c, 0x5c, 0x0c, 0x01,
  0x15, 0x04, 0x2f, 0x05, 0x07, 0x07, 0x05, 0x3e, 0x06, 0x11, 0x04, 0x2f,
  0x05, 0x07, 0x07, 0x05, 0x3e, 0x06, 0x15, 0x01, 0x0c, 0x5c, 0x0c, 0x01,
  0x15, 0x04, 0x69, 0x06, 0x15, 0x01, 0x0c, 0x5c, 0x0c, 0x01, 0x15, 0x04,
  0x2e, 0x05, 0x07, 0xd4, 0x11, 0x04, 0x69, 0x06, 0x11, 0x04, 0x69, 0x01,
  0xa4, 0x07, 0x05, 0x78, 0x05, 0x07, 0x05, 0x4b, 0x05, 0x07, 0x05, 0x91,
  0x0b, 0x01, 0x0d, 0x8e, 0x05, 0x05, 0x91, 0x0b, 0x01, 0x0d, 0x8e, 0x05,
  0x07, 0x05, 0x4b, 0x05, 0x07, 0x05, 0x78, 0x05, 0x07, 0x05, 0x4c, 0x05,
  0x07, 0x05, 0x91, 0x0b, 0x01, 0x0d, 0x8e, 0x05, 0x05, 0x91, 0x0b, 0x01,
  0x0d, 0x8e, 0x05, 0x07, 0x05, 0x4c, 0x8e, 0x05, 0x78, 0x05, 0x05, 0x78,
  0x05, 0x00, 0x00, 0x00, 0x00, 0x01, 0x00, 0x13, 0x00, 0x00, 0x01, 0x57,
  0x02, 0xbc, 0x00, 0x0d, 0x00, 0x13, 0x40, 0x10, 0x00, 0x00, 0x00, 0x3c,
  0x4d, 0x00, 0x01, 0x01, 0x3d, 0x01, 0x4e, 0x25, 0x24, 0x02, 0x0a, 0x18,
  0x2b, 0x32, 0x26, 0x37, 0x13, 0x36, 0x33, 0x33, 0x32, 0x16, 0x07, 0x03,
  0x06, 0x23, 0x23, 0x19, 0x06, 0x02, 0xcd, 0x03, 0x0a, 0x5c, 0x06, 0x06,
  0x02, 0xcd, 0x03, 0x0a, 0x5c, 0x08, 0x06, 0x02, 0xa4, 0x0a, 0x08, 0x06,
  0xfd, 0x5c, 0x0a, 0x00, 0x00, 0x01, 0x00, 0x2d, 0x00, 0x00, 0x01, 0x6f,
  0x02, 0xbc, 0x00, 0x0d, 0x00, 0x13, 0x40, 0x10, 0x00, 0x01, 0x01, 0x3c,
  0x4d, 0x00, 0x00, 0x00, 0x3d, 0x00, 0x4e, 0x34, 0x31, 0x02, 0x0a, 0x18,
  0x2b, 0x25, 0x14, 0x23, 0x23, 0x22, 0x27, 0x03, 0x27, 0x34, 0x33, 0x33,
  0x32, 0x17, 0x13, 0x01, 0x6f, 0x0b, 0x5c, 0x0a, 0x03, 0xcd, 0x01, 0x0b,
  0x5c, 0x0a, 0x03, 0xcd, 0x0a, 0x0a, 0x0a, 0x02, 0xa4, 0x04, 0x0a, 0x0a,
  0xfd, 0x5c, 0x00, 0x00, 0x00, 0x01, 0x00, 0x00, 0xff, 0xa0, 0x00, 0xdb,
  0x02, 0xf8, 0x00, 0x19, 0x00, 0x1e, 0x40, 0x1b, 0x00, 0x00, 0x01, 0x01,
  0x00, 0x57, 0x00, 0x00, 0x00, 0x01, 0x5f, 0x02, 0x01, 0x01, 0x00, 0x01,
  0x4f, 0x00, 0x00, 0x00, 0x19, 0x00, 0x17, 0x28, 0x03, 0x0a, 0x17, 0x2b,
  0x16, 0x27, 0x26, 0x26, 0x35, 0x34, 0x36, 0x37, 0x36, 0x33, 0x33, 0x32,
  0x16, 0x07, 0x06, 0x06, 0x15, 0x14, 0x16, 0x17, 0x16, 0x15, 0x14, 0x06,
  0x23, 0x23, 0x6a, 0x04, 0x2e, 0x38, 0x39, 0x2e, 0x04, 0x0a, 0x5a, 0x07,
  0x05, 0x02, 0x25, 0x32, 0x31, 0x26, 0x01, 0x06, 0x05, 0x5b, 0x60, 0x08,
  0x4c, 0xd6, 0x80, 0x81, 0xda, 0x4b, 0x08, 0x08, 0x06, 0x52, 0xd4, 0x7a,
  0x78, 0xd2, 0x52, 0x02, 0x03, 0x04, 0x05, 0x00, 0x00, 0x01, 0x00, 0x3d,
  0xff, 0xa0, 0x01, 0x18, 0x02, 0xf8, 0x00, 0x18, 0x00, 0x1f, 0x40, 0x1c,
  0x02, 0x01, 0x01, 0x00, 0x00, 0x01, 0x57, 0x02, 0x01, 0x01, 0x01, 0x00,
  0x5f, 0x00, 0x00, 0x01, 0x00, 0x4f, 0x00, 0x00, 0x00, 0x18, 0x00, 0x16,
  0x28, 0x03, 0x0a, 0x17, 0x2b, 0x12, 0x17, 0x16, 0x16, 0x15, 0x14, 0x06,
  0x07, 0x06, 0x23, 0x23, 0x22, 0x26, 0x37, 0x36, 0x36, 0x35, 0x34, 0x26,
  0x27, 0x26, 0x35, 0x34, 0x33, 0x33, 0xad, 0x04, 0x2e, 0x39, 0x39, 0x2f,
  0x04, 0x0a, 0x5a, 0x07, 0x04, 0x02, 0x25, 0x31, 0x31, 0x25, 0x01, 0x0a,
  0x5b, 0x02, 0xf8, 0x08, 0x4b, 0xd7, 0x7f, 0x81, 0xda, 0x4c, 0x08, 0x08,
  0x06, 0x54, 0xd3, 0x79, 0x79, 0xd0, 0x53, 0x02, 0x04, 0x08, 0x00, 0x00,
  0x00, 0x01, 0x00, 0x1b, 0xff, 0x76, 0x01, 0x23, 0x03, 0x17, 0x00, 0x30,
  0x00, 0x36, 0x40, 0x33, 0x15, 0x01, 0x01, 0x00, 0x1f, 0x01, 0x02, 0x01,
  0x2c, 0x01, 0x03, 0x02, 0x03, 0x4c, 0x00, 0x00, 0x00, 0x01, 0x02, 0x00,
  0x01, 0x69, 0x00, 0x02, 0x03, 0x03, 0x02, 0x59, 0x00, 0x02, 0x02, 0x03,
  0x5f, 0x04, 0x01, 0x03, 0x02, 0x03, 0x4f, 0x00, 0x00, 0x00, 0x30, 0x00,
  0x2e, 0x2c, 0x36, 0x2f, 0x05, 0x0a, 0x19, 0x2b, 0x16, 0x26, 0x35, 0x35,
  0x34, 0x27, 0x26, 0x35, 0x35, 0x34, 0x37, 0x36, 0x35, 0x35, 0x34, 0x36,
  0x33, 0x33, 0x32, 0x16, 0x15, 0x15, 0x14, 0x06, 0x23, 0x23, 0x22, 0x06,
  0x15, 0x15, 0x14, 0x07, 0x06, 0x17, 0x16, 0x15, 0x15, 0x14, 0x16, 0x33,
  0x33, 0x32, 0x16, 0x15, 0x15, 0x14, 0x06, 0x23, 0x23, 0x98, 0x3b, 0x37,
  0x0b, 0x0b, 0x37, 0x3b, 0x38, 0x47, 0x05, 0x07, 0x07, 0x05, 0x14, 0x17,
  0x1b, 0x35, 0x04, 0x04, 0x35, 0x1b, 0x17, 0x14, 0x05, 0x07, 0x07, 0x05,
  0x47, 0x8a, 0x3d, 0x3b, 0xd3, 0x51, 0x09, 0x02, 0x0a, 0x45, 0x0b, 0x02,
  0x09, 0x4f, 0xce, 0x3b, 0x3d, 0x07, 0x05, 0x4c, 0x05, 0x07, 0x24, 0x1f,
  0xad, 0x5b, 0x1b, 0x03, 0x03, 0x1d, 0x5b, 0xb1, 0x20, 0x23, 0x07, 0x05,
  0x4d, 0x05, 0x07, 0x00, 0x00, 0x01, 0x00, 0x1b, 0xff, 0x76, 0x01, 0x23,
  0x03, 0x17, 0x00, 0x31, 0x00, 0x36, 0x40, 0x33, 0x1b, 0x01, 0x01, 0x02,
  0x0e, 0x01, 0x00, 0x01, 0x04, 0x01, 0x03, 0x00, 0x03, 0x4c, 0x00, 0x02,
  0x00, 0x01, 0x00, 0x02, 0x01, 0x69, 0x00, 0x00, 0x03, 0x03, 0x00, 0x59,
  0x00, 0x00, 0x00, 0x03, 0x5f, 0x04, 0x01, 0x03, 0x00, 0x03, 0x4f, 0x00,
  0x00, 0x00, 0x31, 0x00, 0x30, 0x36, 0x2c, 0x36, 0x05, 0x0a, 0x19, 0x2b,
  0x17, 0x22, 0x26, 0x35, 0x35, 0x34, 0x36, 0x33, 0x33, 0x32, 0x36, 0x35,
  0x35, 0x34, 0x37, 0x36, 0x27, 0x26, 0x35, 0x35, 0x34, 0x26, 0x23, 0x23,
  0x22, 0x26, 0x35, 0x35, 0x34, 0x36, 0x33, 0x33, 0x32, 0x16, 0x15, 0x15,
  0x14, 0x17, 0x16, 0x15, 0x15, 0x14, 0x07, 0x06, 0x06, 0x15, 0x15, 0x14,
  0x06, 0x23, 0x27, 0x05, 0x07, 0x07, 0x05, 0x14, 0x18, 0x1b, 0x34, 0x05,
  0x05, 0x34, 0x1c, 0x17, 0x14, 0x05, 0x07, 0x07, 0x05, 0x48, 0x38, 0x3b,
  0x36, 0x0b, 0x0b, 0x1b, 0x1b, 0x3b, 0x38, 0x8a, 0x07, 0x05, 0x4d, 0x05,
  0x07, 0x23, 0x20, 0xb1, 0x5b, 0x1d, 0x03, 0x03, 0x1c, 0x5a, 0xad, 0x1f,
  0x24, 0x07, 0x05, 0x4c, 0x05, 0x07, 0x3e, 0x3a, 0xce, 0x4f, 0x09, 0x02,
  0x0a, 0x46, 0x0a, 0x02, 0x05, 0x2c, 0x29, 0xd3, 0x3a, 0x3e, 0x00, 0x00,
  0x00, 0x01, 0x00, 0x1b, 0xff, 0x76, 0x00, 0xed, 0x03, 0x17, 0x00, 0x1d,
  0x00, 0x32, 0x40, 0x2f, 0x0b, 0x03, 0x02, 0x01, 0x00, 0x12, 0x11, 0x02,
  0x02, 0x01, 0x19, 0x01, 0x03, 0x02, 0x03, 0x4c, 0x00, 0x00, 0x00, 0x01,
  0x02, 0x00, 0x01, 0x67, 0x00, 0x02, 0x03, 0x03, 0x02, 0x57, 0x00, 0x02,
  0x02, 0x03, 0x5f, 0x00, 0x03, 0x02, 0x03, 0x4f, 0x26, 0x15, 0x26, 0x25,
  0x04, 0x0a, 0x1a, 0x2b, 0x16, 0x26, 0x35, 0x11, 0x34, 0x36, 0x33, 0x33,
  0x32, 0x16, 0x15, 0x15, 0x14, 0x06, 0x23, 0x23, 0x22, 0x15, 0x11, 0x14,
  0x33, 0x33, 0x32, 0x16, 0x15, 0x15, 0x14, 0x06, 0x23, 0x23, 0x22, 0x07,
  0x07, 0x05, 0xba, 0x05, 0x07, 0x07, 0x05, 0x4d, 0x05, 0x05, 0x4d, 0x05,
  0x07, 0x07, 0x05, 0xba, 0x8a, 0x07, 0x05, 0x03, 0x89, 0x05, 0x07, 0x07,
  0x05, 0x4c, 0x05, 0x07, 0x05, 0xfd, 0x32, 0x05, 0x07, 0x05, 0x4d, 0x05,
  0x07, 0x00, 0x00, 0x00, 0x00, 0x01, 0x00, 0x5d, 0xff, 0x76, 0x01, 0x2e,
  0x03, 0x17, 0x00, 0x1d, 0x00, 0x32, 0x40, 0x2f, 0x15, 0x01, 0x02, 0x03,
  0x0e, 0x0d, 0x02, 0x01, 0x02, 0x1d, 0x07, 0x02, 0x00, 0x01, 0x03, 0x4c,
  0x00, 0x03, 0x00, 0x02, 0x01, 0x03, 0x02, 0x67, 0x00, 0x01, 0x00, 0x00,
  0x01, 0x57, 0x00, 0x01, 0x01, 0x00, 0x5f, 0x00, 0x00, 0x01, 0x00, 0x4f,
  0x26, 0x15, 0x26, 0x21, 0x04, 0x0a, 0x1a, 0x2b, 0x04, 0x06, 0x23, 0x23,
  0x22, 0x26, 0x35, 0x35, 0x34, 0x36, 0x33, 0x33, 0x32, 0x35, 0x11, 0x34,
  0x23, 0x23, 0x22, 0x26, 0x35, 0x35, 0x34, 0x36, 0x33, 0x33, 0x32, 0x16,
  0x15, 0x11, 0x01, 0x2e, 0x07, 0x05, 0xb9, 0x05, 0x07, 0x07, 0x05, 0x4c,
  0x05, 0x05, 0x4c, 0x05, 0x07, 0x07, 0x05, 0xb9, 0x05, 0x07, 0x83, 0x07,
  0x07, 0x05, 0x4d, 0x05, 0x07, 0x05, 0x02, 0xce, 0x05, 0x07, 0x05, 0x4c,
  0x05, 0x07, 0x07, 0x05, 0xfc, 0x77, 0x00, 0x00, 0x00, 0x01, 0x00, 0x1b,
  0x00, 0xfb, 0x01, 0x2a, 0x01, 0x5f, 0x00, 0x0f, 0x00, 0x1f, 0x40, 0x1c,
  0x0b, 0x03, 0x02, 0x01, 0x00, 0x01, 0x4c, 0x00, 0x00, 0x01, 0x01, 0x00,
  0x57, 0x00, 0x00, 0x00, 0x01, 0x5f, 0x00, 0x01, 0x00, 0x01, 0x4f, 0x26,
  0x25, 0x02, 0x0a, 0x18, 0x2b, 0x36, 0x26, 0x35, 0x35, 0x34, 0x36, 0x33,
  0x33, 0x32, 0x16, 0x15, 0x15, 0x14, 0x06, 0x23, 0x23, 0x22, 0x07, 0x07,
  0x05, 0xf7, 0x05, 0x07, 0x07, 0x05, 0xf7, 0xfb, 0x07, 0x05, 0x4c, 0x05,
  0x07, 0x07, 0x05, 0x4c, 0x05, 0x07, 0x00, 0x00, 0xff, 0xff, 0x00, 0x1b,
  0x00, 0xfb, 0x01, 0x2a, 0x01, 0x5f, 0x00, 0x02, 0x02, 0x37, 0x00, 0x00,
  0x00, 0x01, 0x00, 0x1b, 0x00, 0xea, 0x01, 0x5f, 0x01, 0x4e, 0x00, 0x0f,
  0x00, 0x1f, 0x40, 0x1c, 0x0b, 0x03, 0x02, 0x01, 0x00, 0x01, 0x4c, 0x00,
  0x00, 0x01, 0x01, 0x00, 0x57, 0x00, 0x00, 0x00, 0x01, 0x5f, 0x00, 0x01,
  0x00, 0x01, 0x4f, 0x26, 0x25, 0x02, 0x0a, 0x18, 0x2b, 0x36, 0x26, 0x35,
  0x35, 0x34, 0x36, 0x33, 0x21, 0x32, 0x16, 0x15, 0x15, 0x14, 0x06, 0x23,
  0x21, 0x22, 0x07, 0x07, 0x05, 0x01, 0x2c, 0x05, 0x07, 0x07, 0x05, 0xfe,
  0xd4, 0xea, 0x07, 0x05, 0x4c, 0x05, 0x07, 0x07, 0x05, 0x4c, 0x05, 0x07,
  0x00, 0x01, 0x00, 0x1b, 0x00, 0xea, 0x02, 0x36, 0x01, 0x4e, 0x00, 0x0f,
  0x00, 0x1f, 0x40, 0x1c, 0x0b, 0x03, 0x02, 0x01, 0x00, 0x01, 0x4c, 0x00,
  0x00, 0x01, 0x01, 0x00, 0x57, 0x00, 0x00, 0x00, 0x01, 0x5f, 0x00, 0x01,
  0x00, 0x01, 0x4f, 0x26, 0x25, 0x02, 0x0a, 0x18, 0x2b, 0x36, 0x26, 0x35,
  0x35, 0x34, 0x36, 0x33, 0x21, 0x32, 0x16, 0x15, 0x15, 0x14, 0x06, 0x23,
  0x21, 0x22, 0x07, 0x07, 0x05, 0x02, 0x03, 0x05, 0x07, 0x07, 0x05, 0xfd,
  0xfd, 0xea, 0x07, 0x05, 0x4c, 0x05, 0x07, 0x07, 0x05, 0x4c, 0x05, 0x07,
  0xff, 0xff, 0x00, 0x1b, 0x00, 0xfb, 0x01, 0x2a, 0x01, 0x5f, 0x00, 0x02,
  0x02, 0x37, 0x00, 0x00, 0x00, 0x01, 0x00, 0x11, 0x00, 0x00, 0x01, 0x84,
  0x00, 0x59, 0x00, 0x0f, 0x00, 0x27, 0xb1, 0x06, 0x64, 0x44, 0x40, 0x1c,
  0x0b, 0x03, 0x02, 0x01, 0x00, 0x01, 0x4c, 0x00, 0x00, 0x01, 0x01, 0x00,
  0x57, 0x00, 0x00, 0x00, 0x01, 0x5f, 0x00, 0x01, 0x00, 0x01, 0x4f, 0x26,
  0x25, 0x02, 0x0a, 0x18, 0x2b, 0xb1, 0x06, 0x00, 0x44, 0x32, 0x26, 0x35,
  0x35, 0x34, 0x36, 0x33, 0x21, 0x32, 0x16, 0x15, 0x15, 0x14, 0x06, 0x23,
  0x21, 0x18, 0x07, 0x07, 0x05, 0x01, 0x5b, 0x05, 0x07, 0x07, 0x05, 0xfe,
  0xa5, 0x07, 0x05, 0x41, 0x05, 0x07, 0x07, 0x05, 0x41, 0x05, 0x07, 0x00,
  0xff, 0xff, 0x00, 0x20, 0xff, 0xa5, 0x00, 0xa4, 0x00, 0x9d, 0x00, 0x02,
  0x02, 0x23, 0x00, 0x00, 0xff, 0xff, 0x00, 0x00, 0xff, 0xa6, 0x01, 0x39,
  0x00, 0x80, 0x01, 0x07, 0x02, 0x40, 0x00, 0x00, 0xfd, 0xc4, 0x00, 0x09,
  0xb1, 0x00, 0x02, 0xb8, 0xfd, 0xc4, 0xb0, 0x35, 0x2b, 0x00, 0x00, 0x00,
  0x00, 0x02, 0x00, 0x03, 0x01, 0xe2, 0x01, 0x3c, 0x02, 0xbc, 0x00, 0x0c,
  0x00, 0x19, 0x00, 0x17, 0x40, 0x14, 0x03, 0x01, 0x01, 0x01, 0x00, 0x61,
  0x02, 0x01, 0x00, 0x00, 0x3c, 0x01, 0x4e, 0x23, 0x35, 0x23, 0x34, 0x04,
  0x0a, 0x1a, 0x2b, 0x12, 0x26, 0x37, 0x37, 0x36, 0x33, 0x33, 0x32, 0x07,
  0x07, 0x06, 0x23, 0x23, 0x32, 0x26, 0x37, 0x37, 0x36, 0x33, 0x33, 0x32,
  0x07, 0x07, 0x06, 0x23, 0x23, 0x09, 0x06, 0x02, 0x43, 0x03, 0x0a, 0x42,
  0x0e, 0x03, 0x2f, 0x03, 0x0a, 0x57, 0x92, 0x05, 0x02, 0x42, 0x03, 0x0a,
  0x41, 0x0e, 0x03, 0x2d, 0x03, 0x0a, 0x58, 0x01, 0xe2, 0x07, 0x07, 0xc2,
  0x0a, 0x0d, 0xc3, 0x0a, 0x07, 0x07, 0xc2, 0x0a, 0x0d, 0xc2, 0x0b, 0x00,
  0x00, 0x02, 0x00, 0x00, 0x01, 0xe2, 0x01, 0x39, 0x02, 0xbc, 0x00, 0x0c,
  0x00, 0x19, 0x00, 0x17, 0x40, 0x14, 0x02, 0x01, 0x00, 0x00, 0x01, 0x5f,
  0x03, 0x01, 0x01, 0x01, 0x3c, 0x00, 0x4e, 0x23, 0x35, 0x23, 0x34, 0x04,
  0x0a, 0x1a, 0x2b, 0x12, 0x16, 0x07, 0x07, 0x06, 0x23, 0x23, 0x22, 0x37,
  0x37, 0x36, 0x33, 0x33, 0x32, 0x16, 0x07, 0x07, 0x06, 0x23, 0x23, 0x22,
  0x37, 0x37, 0x36, 0x33, 0x33, 0x9b, 0x05, 0x02, 0x42, 0x03, 0x0a, 0x41,
  0x0e, 0x03, 0x2d, 0x03, 0x0a, 0x58, 0x9e, 0x06, 0x02, 0x43, 0x03, 0x0a,
  0x42, 0x0e, 0x03, 0x2f, 0x03, 0x0a, 0x57, 0x02, 0xbc, 0x07, 0x07, 0xc2,
  0x0a, 0x0d, 0xc2, 0x0b, 0x07, 0x07, 0xc2, 0x0a, 0x0d, 0xc3, 0x0a, 0x00,
  0x00, 0x01, 0x00, 0x03, 0x01, 0xe2, 0x00, 0xa5, 0x02, 0xbc, 0x00, 0x0c,
  0x00, 0x13, 0x40, 0x10, 0x00, 0x01, 0x01, 0x00, 0x61, 0x00, 0x00, 0x00,
  0x3c, 0x01, 0x4e, 0x23, 0x34, 0x02, 0x0a, 0x18, 0x2b, 0x12, 0x26, 0x37,
  0x37, 0x36, 0x33, 0x33, 0x32, 0x07, 0x07, 0x06, 0x23, 0x23, 0x08, 0x05,
  0x02, 0x41, 0x03, 0x0a, 0x44, 0x0e, 0x03, 0x2b, 0x02, 0x0b, 0x5c, 0x01,
  0xe2, 0x07, 0x07, 0xc2, 0x0a, 0x0d, 0xc2, 0x0b, 0x00, 0x01, 0x00, 0x00,
  0x01, 0xe2, 0x00, 0xa2, 0x02, 0xbc, 0x00, 0x0c, 0x00, 0x13, 0x40, 0x10,
  0x00, 0x00, 0x00, 0x01, 0x5f, 0x00, 0x01, 0x01, 0x3c, 0x00, 0x4e, 0x23,
  0x34, 0x02, 0x0a, 0x18, 0x2b, 0x12, 0x16, 0x07, 0x07, 0x06, 0x23, 0x23,
  0x22, 0x37, 0x37, 0x36, 0x33, 0x33, 0x9d, 0x05, 0x02, 0x41, 0x03, 0x0a,
  0x45, 0x0d, 0x03, 0x2a, 0x02, 0x0b, 0x5d, 0x02, 0xbc, 0x07, 0x07, 0xc2,
  0x0a, 0x0d, 0xc2, 0x0b, 0x00, 0x02, 0x00, 0x34, 0x00, 0x6b, 0x01, 0x96,
  0x01, 0xc7, 0x00, 0x15, 0x00, 0x2b, 0x00, 0x26, 0x40, 0x23, 0x28, 0x1e,
  0x12, 0x08, 0x04, 0x00, 0x01, 0x01, 0x4c, 0x03, 0x01, 0x01, 0x00, 0x00,
  0x01, 0x57, 0x03, 0x01, 0x01, 0x01, 0x00, 0x5f, 0x02, 0x01, 0x00, 0x01,
  0x00, 0x4f, 0x28, 0x39, 0x28, 0x31, 0x04, 0x0a, 0x1a, 0x2b, 0x37, 0x14,
  0x23, 0x23, 0x22, 0x27, 0x27, 0x26, 0x35, 0x34, 0x37, 0x37, 0x36, 0x33,
  0x33, 0x32, 0x16, 0x07, 0x07, 0x06, 0x1f, 0x02, 0x14, 0x23, 0x23, 0x22,
  0x27, 0x27, 0x26, 0x35, 0x34, 0x37, 0x37, 0x36, 0x33, 0x33, 0x32, 0x16,
  0x07, 0x07, 0x06, 0x17, 0x17, 0xf7, 0x0b, 0x50, 0x0a, 0x05, 0x57, 0x02,
  0x02, 0x57, 0x05, 0x0a, 0x50, 0x07, 0x06, 0x04, 0x5a, 0x01, 0x01, 0x5a,
  0x9f, 0x0b, 0x50, 0x0a, 0x05, 0x57, 0x02, 0x02, 0x57, 0x05, 0x0a, 0x50,
  0x07, 0x06, 0x04, 0x5a, 0x01, 0x01, 0x5a, 0x73, 0x08, 0x08, 0x9e, 0x06,
  0x02, 0x04, 0x04, 0x9e, 0x08, 0x08, 0x06, 0x9d, 0x03, 0x03, 0x9d, 0x06,
  0x08, 0x08, 0x9e, 0x06, 0x02, 0x04, 0x04, 0x9e, 0x08, 0x08, 0x06, 0x9d,
  0x03, 0x03, 0x9d, 0x00, 0xff, 0xff, 0x00, 0x3a, 0x00, 0x6b, 0x01, 0x9b,
  0x01, 0xc7, 0x00, 0x22, 0x02, 0x46, 0x00, 0x00, 0x00, 0x03, 0x02, 0x46,
  0x00, 0x9d, 0x00, 0x00, 0x00, 0x01, 0x00, 0x2c, 0x00, 0x6b, 0x00, 0xf0,
  0x01, 0xc7, 0x00, 0x15, 0x00, 0x1f, 0x40, 0x1c, 0x12, 0x08, 0x02, 0x00,
  0x01, 0x01, 0x4c, 0x00, 0x01, 0x00, 0x00, 0x01, 0x57, 0x00, 0x01, 0x01,
  0x00, 0x5f, 0x00, 0x00, 0x01, 0x00, 0x4f, 0x28, 0x31, 0x02, 0x0a, 0x18,
  0x2b, 0x37, 0x14, 0x23, 0x23, 0x22, 0x27, 0x27, 0x26, 0x35, 0x34, 0x37,
  0x37, 0x36, 0x33, 0x33, 0x32, 0x16, 0x07, 0x07, 0x06, 0x17, 0x17, 0xee,
  0x0b, 0x50, 0x0a, 0x05, 0x56, 0x02, 0x02, 0x56, 0x05, 0x0a, 0x50, 0x07,
  0x06, 0x04, 0x59, 0x01, 0x01, 0x59, 0x73, 0x08, 0x08, 0x9e, 0x06, 0x02,
  0x04, 0x04, 0x9e, 0x08, 0x08, 0x06, 0x9d, 0x03, 0x03, 0x9d, 0x00, 0x00,
  0x00, 0x01, 0x00, 0x3a, 0x00, 0x6b, 0x00, 0xfe, 0x01, 0xc7, 0x00, 0x15,
  0x00, 0x1f, 0x40, 0x1c, 0x0f, 0x03, 0x02, 0x01, 0x00, 0x01, 0x4c, 0x00,
  0x00, 0x01, 0x01, 0x00, 0x57, 0x00, 0x00, 0x00, 0x01, 0x5f, 0x00, 0x01,
  0x00, 0x01, 0x4f, 0x28, 0x38, 0x02, 0x0a, 0x18, 0x2b, 0x36, 0x26, 0x37,
  0x37, 0x36, 0x2f, 0x02, 0x34, 0x33, 0x33, 0x32, 0x17, 0x17, 0x16, 0x15,
  0x14, 0x07, 0x07, 0x06, 0x23, 0x23, 0x40, 0x06, 0x04, 0x59, 0x02, 0x02,
  0x59, 0x02, 0x0b, 0x4f, 0x0a, 0x05, 0x57, 0x02, 0x02, 0x57, 0x05, 0x0a,
  0x4f, 0x6b, 0x08, 0x06, 0x9d, 0x03, 0x03, 0x9d, 0x06, 0x08, 0x08, 0x9e,
  0x02, 0x06, 0x05, 0x03, 0x9e, 0x08, 0x00, 0x00, 0x00, 0x02, 0x00, 0x12,
  0x01, 0xdd, 0x01, 0x1f, 0x02, 0xb9, 0x00, 0x0d, 0x00, 0x1b, 0x00, 0x1e,
  0x40, 0x1b, 0x17, 0x09, 0x02, 0x01, 0x00, 0x01, 0x4c, 0x03, 0x01, 0x01,
  0x01, 0x00, 0x5f, 0x02, 0x01, 0x00, 0x00, 0x3c, 0x01, 0x4e, 0x24, 0x35,
  0x24, 0x34, 0x04, 0x0a, 0x1a, 0x2b, 0x12, 0x26, 0x35, 0x27, 0x34, 0x33,
  0x33, 0x32, 0x15, 0x07, 0x14, 0x06, 0x23, 0x23, 0x32, 0x26, 0x35, 0x27,
  0x34, 0x33, 0x33, 0x32, 0x15, 0x07, 0x14, 0x06, 0x23, 0x23, 0x24, 0x08,
  0x0a, 0x0b, 0x57, 0x0b, 0x0a, 0x08, 0x05, 0x3f, 0x9b, 0x08, 0x0a, 0x0b,
  0x57, 0x0b, 0x0a, 0x08, 0x05, 0x3f, 0x01, 0xdd, 0x07, 0x05, 0xc4, 0x0c,
  0x0c, 0xc4, 0x05, 0x07, 0x07, 0x05, 0xc4, 0x0c, 0x0c, 0xc4, 0x05, 0x07,
  0x00, 0x01, 0x00, 0x12, 0x01, 0xe0, 0x00, 0x85, 0x02, 0xbb, 0x00, 0x0d,
  0x00, 0x19, 0x40, 0x16, 0x09, 0x01, 0x01, 0x00, 0x01, 0x4c, 0x00, 0x01,
  0x01, 0x00, 0x5f, 0x00, 0x00, 0x00, 0x3c, 0x01, 0x4e, 0x24, 0x34, 0x02,
  0x0a, 0x18, 0x2b, 0x12, 0x26, 0x35, 0x27, 0x34, 0x33, 0x33, 0x32, 0x15,
  0x07, 0x14, 0x06, 0x23, 0x23, 0x24, 0x08, 0x0a, 0x0b, 0x5d, 0x0b, 0x0b,
  0x08, 0x05, 0x44, 0x01, 0xe0, 0x07, 0x05, 0xc3, 0x0c, 0x0c, 0xc3, 0x05,
  0x07, 0x00, 0x00, 0x00, 0xff, 0xff, 0x00, 0x1b, 0x00, 0xf7, 0x02, 0x36,
  0x01, 0x5b, 0x01, 0x06, 0x02, 0x3a, 0x00, 0x0d, 0x00, 0x08, 0xb1, 0x00,
  0x01, 0xb0, 0x0d, 0xb0, 0x35, 0x2b, 0x00, 0x00, 0x00, 0x01, 0x00, 0x37,
  0xff, 0xa3, 0x00, 0xfb, 0x02, 0x8f, 0x00, 0x14, 0x00, 0x1e, 0x40, 0x1b,
  0x0e, 0x02, 0x02, 0x01, 0x00, 0x01, 0x4c, 0x00, 0x00, 0x01, 0x00, 0x85,
  0x02, 0x01, 0x01, 0x01, 0x76, 0x00, 0x00, 0x00, 0x14, 0x00, 0x12, 0x37,
  0x03, 0x06, 0x17, 0x2b, 0x16, 0x37, 0x13, 0x36, 0x27, 0x03, 0x27, 0x34,
  0x33, 0x33, 0x32, 0x17, 0x13, 0x16, 0x15, 0x14, 0x07, 0x03, 0x06, 0x23,
  0x23, 0x37, 0x03, 0x63, 0x01, 0x01, 0x63, 0x01, 0x0b, 0x48, 0x0b, 0x03,
  0x60, 0x01, 0x01, 0x60, 0x03, 0x0b, 0x48, 0x5d, 0x0d, 0x01, 0x66, 0x03,
  0x03, 0x01, 0x66, 0x04, 0x09, 0x0a, 0xfe, 0x9c, 0x02, 0x06, 0x05, 0x03,
  0xfe, 0x9c, 0x0a, 0x00, 0x00, 0x01, 0x00, 0x26, 0x00, 0x01, 0x01, 0x89,
  0x02, 0xb2, 0x00, 0x44, 0x00, 0x76, 0x40, 0x16, 0x3e, 0x36, 0x35, 0x03,
  0x01, 0x05, 0x44, 0x01, 0x00, 0x01, 0x14, 0x01, 0x02, 0x03, 0x2a, 0x22,
  0x21, 0x03, 0x04, 0x02, 0x04, 0x4c, 0x4b, 0xb0, 0x31, 0x50, 0x58, 0x40,
  0x24, 0x00, 0x00, 0x01, 0x03, 0x01, 0x00, 0x03, 0x80, 0x00, 0x03, 0x02,
  0x01, 0x03, 0x02, 0x7e, 0x00, 0x01, 0x01, 0x05, 0x5f, 0x00, 0x05, 0x05,
  0x3c, 0x4d, 0x00, 0x02, 0x02, 0x04, 0x5f, 0x00, 0x04, 0x04, 0x3d, 0x04,
  0x4e, 0x1b, 0x40, 0x22, 0x00, 0x00, 0x01, 0x03, 0x01, 0x00, 0x03, 0x80,
  0x00, 0x03, 0x02, 0x01, 0x03, 0x02, 0x7e, 0x00, 0x05, 0x00, 0x01, 0x00,
  0x05, 0x01, 0x69, 0x00, 0x02, 0x02, 0x04, 0x5f, 0x00, 0x04, 0x04, 0x3d,
  0x04, 0x4e, 0x59, 0x40, 0x0a, 0x3a, 0x38, 0x2c, 0x25, 0x25, 0x24, 0x31,
  0x06, 0x0a, 0x1b, 0x2b, 0x00, 0x06, 0x23, 0x07, 0x22, 0x35, 0x35, 0x34,
  0x26, 0x23, 0x22, 0x06, 0x15, 0x15, 0x14, 0x16, 0x33, 0x32, 0x36, 0x35,
  0x35, 0x34, 0x36, 0x33, 0x17, 0x32, 0x16, 0x15, 0x15, 0x14, 0x06, 0x07,
  0x06, 0x15, 0x17, 0x14, 0x06, 0x23, 0x23, 0x22, 0x26, 0x35, 0x37, 0x34,
  0x27, 0x26, 0x26, 0x35, 0x35, 0x34, 0x36, 0x37, 0x36, 0x35, 0x27, 0x34,
  0x36, 0x33, 0x33, 0x32, 0x16, 0x15, 0x07, 0x14, 0x17, 0x16, 0x16, 0x15,
  0x15, 0x01, 0x89, 0x07, 0x05, 0x5c, 0x0c, 0x23, 0x1b, 0x1b, 0x22, 0x22,
  0x1b, 0x1b, 0x23, 0x07, 0x05, 0x5c, 0x05, 0x07, 0x43, 0x3c, 0x05, 0x03,
  0x07, 0x05, 0x4a, 0x05, 0x07, 0x03, 0x05, 0x3b, 0x43, 0x43, 0x3b, 0x05,
  0x03, 0x07, 0x05, 0x4a, 0x05, 0x07, 0x03, 0x05, 0x3b, 0x44, 0x01, 0xb4,
  0x07, 0x04, 0x0c, 0x0a, 0x19, 0x25, 0x28, 0x1f, 0xb9, 0x1f, 0x28, 0x25,
  0x1a, 0x0a, 0x05, 0x07, 0x01, 0x07, 0x05, 0x12, 0x3a, 0x4f, 0x0c, 0x02,
  0x04, 0x44, 0x05, 0x07, 0x07, 0x05, 0x44, 0x04, 0x02, 0x0c, 0x54, 0x3e,
  0xca, 0x3c, 0x54, 0x0d, 0x02, 0x04, 0x44, 0x05, 0x07, 0x07, 0x05, 0x44,
  0x04, 0x02, 0x0d, 0x50, 0x38, 0x0e, 0x00, 0x00, 0x00, 0x02, 0x00, 0x12,
  0x00, 0x36, 0x02, 0x11, 0x02, 0x26, 0x00, 0x4b, 0x00, 0x57, 0x00, 0x41,
  0x40, 0x3e, 0x44, 0x3a, 0x34, 0x2c, 0x04, 0x03, 0x01, 0x47, 0x27, 0x01,
  0x03, 0x02, 0x03, 0x21, 0x1e, 0x14, 0x0e, 0x06, 0x05, 0x00, 0x02, 0x03,
  0x4c, 0x3f, 0x31, 0x02, 0x01, 0x4a, 0x19, 0x0b, 0x02, 0x00, 0x49, 0x00,
  0x02, 0x00, 0x00, 0x02, 0x00, 0x65, 0x00, 0x03, 0x03, 0x01, 0x61, 0x00,
  0x01, 0x01, 0x3f, 0x03, 0x4e, 0x55, 0x53, 0x4f, 0x4d, 0x39, 0x37, 0x13,
  0x11, 0x04, 0x0a, 0x16, 0x2b, 0x24, 0x07, 0x06, 0x17, 0x17, 0x16, 0x15,
  0x14, 0x07, 0x07, 0x06, 0x23, 0x22, 0x27, 0x27, 0x26, 0x07, 0x06, 0x23,
  0x22, 0x27, 0x26, 0x07, 0x07, 0x06, 0x23, 0x22, 0x27, 0x27, 0x26, 0x35,
  0x34, 0x37, 0x37, 0x36, 0x27, 0x26, 0x35, 0x34, 0x37, 0x36, 0x27, 0x27,
  0x26, 0x35, 0x34, 0x37, 0x37, 0x36, 0x33, 0x32, 0x17, 0x17, 0x16, 0x37,
  0x36, 0x33, 0x32, 0x17, 0x16, 0x37, 0x37, 0x36, 0x33, 0x32, 0x17, 0x17,
  0x16, 0x15, 0x14, 0x07, 0x07, 0x06, 0x17, 0x16, 0x15, 0x04, 0x16, 0x33,
  0x32, 0x36, 0x35, 0x34, 0x26, 0x23, 0x22, 0x06, 0x15, 0x01, 0xe3, 0x1d,
  0x01, 0x02, 0x40, 0x04, 0x04, 0x39, 0x04, 0x05, 0x04, 0x04, 0x3e, 0x02,
  0x05, 0x2f, 0x3b, 0x38, 0x2e, 0x04, 0x03, 0x3b, 0x04, 0x04, 0x05, 0x04,
  0x39, 0x04, 0x04, 0x3c, 0x03, 0x02, 0x21, 0x1e, 0x02, 0x03, 0x3f, 0x04,
  0x04, 0x38, 0x04, 0x05, 0x04, 0x04, 0x3c, 0x03, 0x04, 0x31, 0x3b, 0x3e,
  0x31, 0x05, 0x02, 0x3f, 0x04, 0x05, 0x05, 0x03, 0x39, 0x04, 0x04, 0x44,
  0x02, 0x01, 0x1b, 0xfe, 0xba, 0x43, 0x2e, 0x2f, 0x42, 0x43, 0x2e, 0x2f,
  0x42, 0xf3, 0x2f, 0x04, 0x03, 0x40, 0x04, 0x05, 0x04, 0x04, 0x32, 0x04,
  0x04, 0x3d, 0x03, 0x02, 0x1d, 0x1a, 0x02, 0x03, 0x3a, 0x04, 0x04, 0x32,
  0x04, 0x04, 0x05, 0x04, 0x3b, 0x03, 0x04, 0x32, 0x3d, 0x3a, 0x31, 0x05,
  0x02, 0x40, 0x04, 0x05, 0x04, 0x04, 0x31, 0x04, 0x04, 0x3c, 0x02, 0x01,
  0x1d, 0x20, 0x01, 0x02, 0x3f, 0x04, 0x04, 0x31, 0x03, 0x05, 0x05, 0x04,
  0x44, 0x02, 0x05, 0x30, 0x37, 0x2e, 0x43, 0x42, 0x2f, 0x2f, 0x43, 0x43,
  0x2f, 0x00, 0x00, 0x00, 0x00, 0x01, 0x00, 0x20, 0xff, 0xaf, 0x01, 0x94,
  0x03, 0x14, 0x00, 0x52, 0x00, 0x4c, 0x40, 0x49, 0x37, 0x2f, 0x2e, 0x03,
  0x05, 0x03, 0x3d, 0x01, 0x04, 0x05, 0x13, 0x01, 0x02, 0x01, 0x0d, 0x05,
  0x04, 0x03, 0x00, 0x02, 0x04, 0x4c, 0x00, 0x04, 0x05, 0x01, 0x05, 0x04,
  0x01, 0x80, 0x00, 0x01, 0x02, 0x05, 0x01, 0x02, 0x7e, 0x00, 0x03, 0x00,
  0x05, 0x04, 0x03, 0x05, 0x69, 0x00, 0x02, 0x00, 0x00, 0x02, 0x59, 0x00,
  0x02, 0x02, 0x00, 0x61, 0x00, 0x00, 0x02, 0x00, 0x51, 0x49, 0x47, 0x41,
  0x3f, 0x33, 0x31, 0x26, 0x2c, 0x27, 0x06, 0x0a, 0x19, 0x2b, 0x24, 0x06,
  0x07, 0x06, 0x15, 0x17, 0x14, 0x06, 0x23, 0x23, 0x22, 0x26, 0x35, 0x37,
  0x34, 0x27, 0x26, 0x26, 0x35, 0x35, 0x34, 0x36, 0x33, 0x33, 0x32, 0x16,
  0x15, 0x15, 0x14, 0x16, 0x33, 0x32, 0x36, 0x35, 0x34, 0x26, 0x26, 0x27,
  0x2e, 0x02, 0x35, 0x34, 0x36, 0x37, 0x36, 0x35, 0x27, 0x34, 0x36, 0x33,
  0x33, 0x32, 0x16, 0x15, 0x07, 0x14, 0x17, 0x16, 0x16, 0x15, 0x15, 0x14,
  0x06, 0x23, 0x23, 0x22, 0x26, 0x35, 0x35, 0x34, 0x26, 0x23, 0x22, 0x06,
  0x15, 0x14, 0x16, 0x17, 0x1e, 0x02, 0x15, 0x01, 0x94, 0x4b, 0x3f, 0x05,
  0x01, 0x07, 0x05, 0x3f, 0x05, 0x07, 0x01, 0x04, 0x40, 0x4a, 0x07, 0x05,
  0x5b, 0x05, 0x07, 0x27, 0x1f, 0x1f, 0x28, 0x16, 0x28, 0x2c, 0x32, 0x3d,
  0x29, 0x4a, 0x40, 0x05, 0x01, 0x07, 0x05, 0x3e, 0x05, 0x07, 0x02, 0x04,
  0x3f, 0x4a, 0x07, 0x05, 0x5a, 0x05, 0x07, 0x27, 0x20, 0x1e, 0x26, 0x29,
  0x3c, 0x3d, 0x3e, 0x22, 0x6b, 0x61, 0x0d, 0x02, 0x04, 0x3c, 0x05, 0x07,
  0x07, 0x05, 0x3c, 0x05, 0x01, 0x0d, 0x5f, 0x44, 0x1a, 0x05, 0x07, 0x07,
  0x05, 0x14, 0x27, 0x30, 0x2d, 0x25, 0x1a, 0x26, 0x22, 0x20, 0x24, 0x38,
  0x4f, 0x34, 0x47, 0x5e, 0x0c, 0x02, 0x04, 0x42, 0x05, 0x07, 0x07, 0x05,
  0x43, 0x05, 0x01, 0x0e, 0x62, 0x47, 0x18, 0x05, 0x07, 0x07, 0x05, 0x1a,
  0x27, 0x2f, 0x2b, 0x26, 0x24, 0x32, 0x2c, 0x2d, 0x39, 0x44, 0x2f, 0x00,
  0x00, 0x01, 0x00, 0x2a, 0xff, 0xf8, 0x01, 0xc9, 0x02, 0xc4, 0x00, 0x5c,
  0x00, 0xab, 0x40, 0x20, 0x38, 0x31, 0x02, 0x06, 0x07, 0x3f, 0x2a, 0x02,
  0x04, 0x06, 0x24, 0x01, 0x03, 0x04, 0x4c, 0x4b, 0x1d, 0x1c, 0x04, 0x02,
  0x03, 0x16, 0x01, 0x01, 0x02, 0x58, 0x0f, 0x02, 0x0c, 0x01, 0x06, 0x4c,
  0x4b, 0xb0, 0x11, 0x50, 0x58, 0x40, 0x31, 0x00, 0x06, 0x07, 0x04, 0x07,
  0x06, 0x72, 0x08, 0x01, 0x04, 0x09, 0x01, 0x03, 0x02, 0x04, 0x03, 0x67,
  0x0a, 0x01, 0x02, 0x0b, 0x01, 0x01, 0x0c, 0x02, 0x01, 0x67, 0x00, 0x07,
  0x07, 0x05, 0x61, 0x00, 0x05, 0x05, 0x42, 0x4d, 0x0d, 0x01, 0x0c, 0x0c,
  0x00, 0x61, 0x00, 0x00, 0x00, 0x43, 0x00, 0x4e, 0x1b, 0x40, 0x32, 0x00,
  0x06, 0x07, 0x04, 0x07, 0x06, 0x04, 0x80, 0x08, 0x01, 0x04, 0x09, 0x01,
  0x03, 0x02, 0x04, 0x03, 0x67, 0x0a, 0x01, 0x02, 0x0b, 0x01, 0x01, 0x0c,
  0x02, 0x01, 0x67, 0x00, 0x07, 0x07, 0x05, 0x61, 0x00, 0x05, 0x05, 0x42,
  0x4d, 0x0d, 0x01, 0x0c, 0x0c, 0x00, 0x61, 0x00, 0x00, 0x00, 0x43, 0x00,
  0x4e, 0x59, 0x40, 0x18, 0x00, 0x00, 0x00, 0x5c, 0x00, 0x5b, 0x56, 0x54,
  0x4f, 0x4e, 0x49, 0x47, 0x15, 0x23, 0x26, 0x25, 0x26, 0x15, 0x26, 0x15,
  0x2a, 0x0e, 0x0a, 0x1f, 0x2b, 0x24, 0x36, 0x37, 0x36, 0x17, 0x17, 0x16,
  0x16, 0x07, 0x06, 0x06, 0x23, 0x22, 0x26, 0x35, 0x35, 0x34, 0x23, 0x23,
  0x22, 0x26, 0x35, 0x35, 0x34, 0x36, 0x33, 0x33, 0x32, 0x35, 0x35, 0x34,
  0x23, 0x23, 0x22, 0x26, 0x35, 0x35, 0x34, 0x36, 0x33, 0x33, 0x32, 0x35,
  0x35, 0x34, 0x36, 0x33, 0x32, 0x16, 0x17, 0x15, 0x14, 0x07, 0x07, 0x23,
  0x22, 0x27, 0x26, 0x26, 0x23, 0x22, 0x06, 0x15, 0x15, 0x14, 0x33, 0x33,
  0x32, 0x16, 0x07, 0x07, 0x06, 0x23, 0x23, 0x22, 0x15, 0x15, 0x14, 0x33,
  0x33, 0x32, 0x16, 0x07, 0x07, 0x06, 0x23, 0x23, 0x22, 0x15, 0x15, 0x14,
  0x16, 0x33, 0x01, 0x33, 0x1f, 0x03, 0x02, 0x0b, 0x5b, 0x06, 0x05, 0x01,
  0x0b, 0x5c, 0x45, 0x4f, 0x5f, 0x05, 0x32, 0x05, 0x07, 0x07, 0x05, 0x32,
  0x05, 0x05, 0x32, 0x05, 0x07, 0x07, 0x05, 0x32, 0x05, 0x5f, 0x4f, 0x47,
  0x5d, 0x0a, 0x0b, 0x5c, 0x02, 0x09, 0x02, 0x02, 0x1f, 0x19, 0x1a, 0x20,
  0x05, 0x96, 0x06, 0x06, 0x02, 0x0d, 0x03, 0x0a, 0x86, 0x05, 0x05, 0x77,
  0x06, 0x05, 0x02, 0x0d, 0x03, 0x0a, 0x66, 0x05, 0x20, 0x1a, 0x5c, 0x21,
  0x1d, 0x0c, 0x01, 0x0c, 0x01, 0x07, 0x06, 0x45, 0x4e, 0x67, 0x55, 0x4c,
  0x05, 0x07, 0x05, 0x27, 0x05, 0x07, 0x05, 0x28, 0x05, 0x07, 0x05, 0x26,
  0x05, 0x07, 0x05, 0x50, 0x56, 0x65, 0x51, 0x46, 0x02, 0x09, 0x02, 0x0b,
  0x0b, 0x1d, 0x23, 0x2c, 0x23, 0x58, 0x05, 0x07, 0x07, 0x26, 0x0a, 0x05,
  0x28, 0x05, 0x07, 0x07, 0x27, 0x0a, 0x05, 0x55, 0x23, 0x2c, 0x00, 0x00,
  0x00, 0x01, 0x00, 0x16, 0xff, 0x31, 0x01, 0xc2, 0x02, 0xc3, 0x00, 0x3b,
  0x00, 0x65, 0x40, 0x0f, 0x07, 0x01, 0x01, 0x00, 0x34, 0x16, 0x02, 0x03,
  0x02, 0x25, 0x01, 0x04, 0x05, 0x03, 0x4c, 0x4b, 0xb0, 0x2e, 0x50, 0x58,
  0x40, 0x1f, 0x07, 0x01, 0x02, 0x06, 0x01, 0x03, 0x05, 0x02, 0x03, 0x67,
  0x00, 0x01, 0x01, 0x00, 0x61, 0x00, 0x00, 0x00, 0x42, 0x4d, 0x00, 0x05,
  0x05, 0x04, 0x61, 0x00, 0x04, 0x04, 0x47, 0x04, 0x4e, 0x1b, 0x40, 0x1c,
  0x07, 0x01, 0x02, 0x06, 0x01, 0x03, 0x05, 0x02, 0x03, 0x67, 0x00, 0x05,
  0x00, 0x04, 0x05, 0x04, 0x65, 0x00, 0x01, 0x01, 0x00, 0x61, 0x00, 0x00,
  0x00, 0x42, 0x01, 0x4e, 0x59, 0x40, 0x0b, 0x26, 0x15, 0x36, 0x25, 0x26,
  0x15, 0x36, 0x21, 0x08, 0x0a, 0x1e, 0x2b, 0x12, 0x36, 0x33, 0x32, 0x17,
  0x16, 0x15, 0x07, 0x14, 0x06, 0x23, 0x23, 0x06, 0x06, 0x07, 0x07, 0x14,
  0x33, 0x33, 0x32, 0x16, 0x15, 0x15, 0x14, 0x06, 0x23, 0x23, 0x22, 0x15,
  0x03, 0x06, 0x06, 0x23, 0x22, 0x27, 0x26, 0x35, 0x37, 0x34, 0x36, 0x33,
  0x33, 0x36, 0x36, 0x37, 0x13, 0x34, 0x23, 0x23, 0x22, 0x26, 0x35, 0x35,
  0x34, 0x36, 0x33, 0x33, 0x32, 0x35, 0x37, 0xee, 0x4e, 0x52, 0x0c, 0x1c,
  0x0c, 0x02, 0x07, 0x05, 0x1a, 0x20, 0x1f, 0x07, 0x13, 0x04, 0x3e, 0x05,
  0x07, 0x07, 0x05, 0x4c, 0x06, 0x3c, 0x0c, 0x4e, 0x51, 0x0c, 0x1c, 0x0c,
  0x01, 0x07, 0x05, 0x1a, 0x1f, 0x21, 0x06, 0x37, 0x04, 0x2e, 0x05, 0x07,
  0x07, 0x05, 0x3d, 0x06, 0x17, 0x02, 0x7b, 0x48, 0x02, 0x01, 0x0c, 0x47,
  0x05, 0x07, 0x01, 0x29, 0x27, 0x77, 0x05, 0x07, 0x05, 0x3e, 0x05, 0x07,
  0x05, 0xfe, 0x91, 0x50, 0x49, 0x02, 0x01, 0x0b, 0x48, 0x05, 0x07, 0x01,
  0x2a, 0x26, 0x01, 0x55, 0x05, 0x07, 0x05, 0x3e, 0x05, 0x07, 0x05, 0x91,
  0x00, 0x01, 0x00, 0x36, 0x00, 0x00, 0x01, 0xce, 0x02, 0xbc, 0x00, 0x40,
  0x00, 0x52, 0x40, 0x4f, 0x40, 0x38, 0x02, 0x00, 0x08, 0x06, 0x05, 0x02,
  0x01, 0x00, 0x0d, 0x01, 0x02, 0x01, 0x37, 0x14, 0x13, 0x03, 0x03, 0x02,
  0x31, 0x1b, 0x02, 0x04, 0x03, 0x2a, 0x22, 0x21, 0x03, 0x05, 0x04, 0x06,
  0x4c, 0x00, 0x01, 0x00, 0x02, 0x03, 0x01, 0x02, 0x67, 0x07, 0x01, 0x03,
  0x06, 0x01, 0x04, 0x05, 0x03, 0x04, 0x67, 0x00, 0x00, 0x00, 0x08, 0x5f,
  0x00, 0x08, 0x08, 0x3c, 0x4d, 0x00, 0x05, 0x05, 0x3d, 0x05, 0x4e, 0x25,
  0x26, 0x16, 0x25, 0x26, 0x15, 0x26, 0x15, 0x21, 0x09, 0x0a, 0x1f, 0x2b,
  0x00, 0x06, 0x23, 0x23, 0x22, 0x15, 0x15, 0x14, 0x33, 0x33, 0x32, 0x16,
  0x15, 0x15, 0x14, 0x06, 0x23, 0x23, 0x22, 0x15, 0x15, 0x14, 0x33, 0x33,
  0x32, 0x16, 0x15, 0x15, 0x14, 0x06, 0x23, 0x23, 0x22, 0x15, 0x15, 0x14,
  0x06, 0x23, 0x23, 0x22, 0x26, 0x35, 0x35, 0x34, 0x23, 0x23, 0x22, 0x26,
  0x35, 0x35, 0x34, 0x36, 0x33, 0x33, 0x32, 0x35, 0x11, 0x34, 0x36, 0x33,
  0x21, 0x32, 0x16, 0x15, 0x15, 0x01, 0xce, 0x07, 0x05, 0xd7, 0x05, 0x05,
  0x80, 0x05, 0x07, 0x07, 0x05, 0x80, 0x05, 0x05, 0x56, 0x05, 0x07, 0x07,
  0x05, 0x56, 0x05, 0x07, 0x05, 0x5c, 0x05, 0x07, 0x05, 0x2b, 0x05, 0x07,
  0x07, 0x05, 0x2b, 0x05, 0x07, 0x05, 0x01, 0x44, 0x05, 0x07, 0x02, 0x5f,
  0x07, 0x05, 0xbd, 0x05, 0x07, 0x05, 0x4d, 0x05, 0x07, 0x05, 0x5d, 0x05,
  0x07, 0x05, 0x2f, 0x05, 0x07, 0x05, 0x6d, 0x05, 0x07, 0x07, 0x05, 0x6d,
  0x05, 0x07, 0x05, 0x2f, 0x05, 0x07, 0x05, 0x01, 0xe6, 0x05, 0x07, 0x07,
  0x05, 0x4c, 0x00, 0x00, 0x00, 0x01, 0x00, 0x36, 0x00, 0x00, 0x01, 0xe7,
  0x02, 0xc4, 0x00, 0x45, 0x00, 0x7f, 0x40, 0x16, 0x34, 0x21, 0x02, 0x03,
  0x05, 0x3b, 0x1b, 0x02, 0x02, 0x03, 0x41, 0x14, 0x02, 0x00, 0x02, 0x0f,
  0x07, 0x02, 0x01, 0x00, 0x04, 0x4c, 0x4b, 0xb0, 0x11, 0x50, 0x58, 0x40,
  0x26, 0x00, 0x05, 0x06, 0x03, 0x06, 0x05, 0x72, 0x07, 0x01, 0x03, 0x08,
  0x01, 0x02, 0x00, 0x03, 0x02, 0x67, 0x00, 0x06, 0x06, 0x04, 0x61, 0x00,
  0x04, 0x04, 0x42, 0x4d, 0x00, 0x00, 0x00, 0x01, 0x5f, 0x00, 0x01, 0x01,
  0x3d, 0x01, 0x4e, 0x1b, 0x40, 0x27, 0x00, 0x05, 0x06, 0x03, 0x06, 0x05,
  0x03, 0x80, 0x07, 0x01, 0x03, 0x08, 0x01, 0x02, 0x00, 0x03, 0x02, 0x67,
  0x00, 0x06, 0x06, 0x04, 0x61, 0x00, 0x04, 0x04, 0x42, 0x4d, 0x00, 0x00,
  0x00, 0x01, 0x5f, 0x00, 0x01, 0x01, 0x3d, 0x01, 0x4e, 0x59, 0x40, 0x0c,
  0x26, 0x14, 0x22, 0x26, 0x25, 0x26, 0x1b, 0x26, 0x12, 0x09, 0x0a, 0x1f,
  0x2b, 0x36, 0x16, 0x33, 0x21, 0x32, 0x16, 0x15, 0x15, 0x14, 0x06, 0x23,
  0x21, 0x22, 0x26, 0x35, 0x35, 0x34, 0x37, 0x36, 0x35, 0x35, 0x34, 0x23,
  0x23, 0x22, 0x26, 0x35, 0x35, 0x34, 0x36, 0x33, 0x33, 0x32, 0x35, 0x35,
  0x34, 0x36, 0x33, 0x32, 0x16, 0x17, 0x17, 0x14, 0x07, 0x07, 0x23, 0x22,
  0x27, 0x26, 0x23, 0x22, 0x15, 0x15, 0x14, 0x33, 0x33, 0x32, 0x16, 0x15,
  0x15, 0x14, 0x06, 0x23, 0x23, 0x22, 0x15, 0x15, 0x14, 0x06, 0x07, 0xd3,
  0x02, 0x03, 0x01, 0x03, 0x05, 0x07, 0x07, 0x05, 0xfe, 0x86, 0x05, 0x07,
  0x07, 0x20, 0x05, 0x35, 0x05, 0x07, 0x07, 0x05, 0x35, 0x05, 0x61, 0x53,
  0x45, 0x59, 0x10, 0x01, 0x0a, 0x59, 0x02, 0x0a, 0x02, 0x0e, 0x31, 0x40,
  0x05, 0x86, 0x05, 0x07, 0x07, 0x05, 0x86, 0x05, 0x0f, 0x0b, 0x68, 0x04,
  0x07, 0x05, 0x4c, 0x05, 0x07, 0x07, 0x05, 0x4f, 0x08, 0x07, 0x20, 0x47,
  0x51, 0x05, 0x07, 0x05, 0x46, 0x05, 0x07, 0x05, 0x68, 0x63, 0x6f, 0x4f,
  0x4b, 0x04, 0x08, 0x02, 0x0b, 0x0b, 0x44, 0x69, 0x6d, 0x05, 0x07, 0x05,
  0x46, 0x05, 0x07, 0x05, 0x50, 0x21, 0x36, 0x11, 0x00, 0x01, 0x00, 0x2c,
  0x00, 0x00, 0x02, 0x17, 0x02, 0xbc, 0x00, 0x55, 0x00, 0x35, 0x40, 0x32,
  0x4c, 0x3e, 0x3d, 0x2f, 0x27, 0x26, 0x18, 0x17, 0x09, 0x09, 0x02, 0x01,
  0x4d, 0x01, 0x00, 0x02, 0x02, 0x4c, 0x03, 0x01, 0x02, 0x01, 0x00, 0x01,
  0x02, 0x00, 0x80, 0x00, 0x01, 0x01, 0x3c, 0x4d, 0x00, 0x00, 0x00, 0x3d,
  0x00, 0x4e, 0x00, 0x00, 0x00, 0x55, 0x00, 0x53, 0x2b, 0x29, 0x43, 0x04,
  0x0a, 0x17, 0x2b, 0x00, 0x15, 0x06, 0x06, 0x07, 0x06, 0x23, 0x22, 0x35,
  0x11, 0x34, 0x26, 0x0f, 0x02, 0x22, 0x2f, 0x02, 0x34, 0x37, 0x37, 0x36,
  0x35, 0x35, 0x34, 0x26, 0x0f, 0x02, 0x22, 0x2f, 0x02, 0x34, 0x37, 0x37,
  0x36, 0x35, 0x35, 0x34, 0x36, 0x33, 0x33, 0x32, 0x16, 0x15, 0x15, 0x14,
  0x16, 0x3f, 0x02, 0x32, 0x1f, 0x02, 0x14, 0x07, 0x07, 0x06, 0x15, 0x15,
  0x14, 0x16, 0x3f, 0x02, 0x32, 0x1f, 0x02, 0x14, 0x07, 0x07, 0x06, 0x15,
  0x15, 0x14, 0x33, 0x36, 0x36, 0x37, 0x34, 0x33, 0x33, 0x02, 0x17, 0x02,
  0x85, 0x80, 0x39, 0x3a, 0x0c, 0x04, 0x02, 0x42, 0x04, 0x08, 0x03, 0x0d,
  0x01, 0x09, 0x58, 0x04, 0x04, 0x02, 0x42, 0x04, 0x08, 0x03, 0x0d, 0x01,
  0x09, 0x58, 0x04, 0x07, 0x05, 0x5c, 0x05, 0x07, 0x04, 0x02, 0x7e, 0x05,
  0x07, 0x03, 0x0d, 0x01, 0x09, 0x94, 0x04, 0x04, 0x02, 0x7e, 0x05, 0x07,
  0x03, 0x0d, 0x01, 0x09, 0x94, 0x04, 0x05, 0x4b, 0x4d, 0x01, 0x0c, 0x5c,
  0x01, 0x15, 0x0c, 0x6e, 0x90, 0x08, 0x03, 0x0c, 0x01, 0x13, 0x02, 0x03,
  0x01, 0x14, 0x01, 0x0a, 0x2a, 0x04, 0x07, 0x03, 0x1b, 0x02, 0x03, 0x2f,
  0x02, 0x03, 0x01, 0x14, 0x01, 0x0a, 0x2a, 0x04, 0x07, 0x03, 0x1b, 0x02,
  0x03, 0xc0, 0x05, 0x07, 0x07, 0x05, 0x9a, 0x02, 0x03, 0x01, 0x26, 0x01,
  0x09, 0x2b, 0x04, 0x07, 0x03, 0x2d, 0x02, 0x03, 0x2f, 0x02, 0x03, 0x01,
  0x26, 0x01, 0x09, 0x2b, 0x04, 0x07, 0x03, 0x2d, 0x02, 0x03, 0xdc, 0x05,
  0x06, 0x54, 0x4b, 0x0c, 0x00, 0x02, 0x00, 0x36, 0x00, 0x00, 0x01, 0xf1,
  0x02, 0xbd, 0x00, 0x40, 0x00, 0x4d, 0x00, 0x5f, 0x40, 0x5c, 0x35, 0x01,
  0x0a, 0x07, 0x43, 0x42, 0x34, 0x03, 0x06, 0x0a, 0x2e, 0x01, 0x05, 0x06,
  0x27, 0x26, 0x03, 0x02, 0x04, 0x00, 0x05, 0x20, 0x0a, 0x02, 0x01, 0x00,
  0x19, 0x11, 0x10, 0x03, 0x02, 0x01, 0x06, 0x4c, 0x09, 0x01, 0x06, 0x0b,
  0x08, 0x02, 0x05, 0x00, 0x06, 0x05, 0x67, 0x04, 0x01, 0x00, 0x03, 0x01,
  0x01, 0x02, 0x00, 0x01, 0x67, 0x00, 0x0a, 0x0a, 0x07, 0x5f, 0x00, 0x07,
  0x07, 0x3c, 0x4d, 0x00, 0x02, 0x02, 0x3d, 0x02, 0x4e, 0x00, 0x00, 0x4d,
  0x4b, 0x47, 0x45, 0x00, 0x40, 0x00, 0x3f, 0x35, 0x26, 0x15, 0x26, 0x16,
  0x25, 0x26, 0x15, 0x0c, 0x0a, 0x1e, 0x2b, 0x13, 0x22, 0x15, 0x15, 0x14,
  0x33, 0x33, 0x32, 0x16, 0x15, 0x15, 0x14, 0x06, 0x23, 0x23, 0x22, 0x15,
  0x15, 0x14, 0x06, 0x23, 0x23, 0x22, 0x26, 0x35, 0x35, 0x34, 0x23, 0x23,
  0x22, 0x26, 0x35, 0x35, 0x34, 0x36, 0x33, 0x33, 0x32, 0x35, 0x35, 0x34,
  0x23, 0x23, 0x22, 0x26, 0x35, 0x35, 0x34, 0x36, 0x33, 0x33, 0x32, 0x35,
  0x11, 0x34, 0x36, 0x33, 0x33, 0x32, 0x16, 0x16, 0x15, 0x14, 0x06, 0x23,
  0x02, 0x15, 0x15, 0x14, 0x33, 0x33, 0x32, 0x36, 0x35, 0x34, 0x26, 0x23,
  0x23, 0xef, 0x05, 0x05, 0x9d, 0x05, 0x07, 0x07, 0x05, 0x9d, 0x05, 0x07,
  0x05, 0x5c, 0x05, 0x07, 0x05, 0x2e, 0x05, 0x07, 0x07, 0x05, 0x2e, 0x05,
  0x05, 0x2f, 0x05, 0x07, 0x07, 0x05, 0x2f, 0x05, 0x07, 0x05, 0xbc, 0x35,
  0x51, 0x2d, 0x5f, 0x4e, 0x5a, 0x05, 0x3d, 0x24, 0x2d, 0x2d, 0x24, 0x3d,
  0x01, 0x27, 0x05, 0x3e, 0x05, 0x07, 0x05, 0x2b, 0x05, 0x07, 0x05, 0x8b,
  0x05, 0x07, 0x07, 0x05, 0x8b, 0x05, 0x07, 0x05, 0x2b, 0x05, 0x07, 0x05,
  0x3e, 0x05, 0x07, 0x05, 0x43, 0x05, 0x07, 0x05, 0x01, 0x2a, 0x05, 0x07,
  0x34, 0x5e, 0x3c, 0x5a, 0x6e, 0x01, 0x32, 0x05, 0xcd, 0x05, 0x39, 0x31,
  0x32, 0x3b, 0x00, 0x00, 0x00, 0x01, 0x00, 0x3f, 0x00, 0x01, 0x01, 0xce,
  0x02, 0xbc, 0x00, 0x52, 0x00, 0x50, 0x40, 0x4d, 0x4b, 0x01, 0x00, 0x09,
  0x3c, 0x0a, 0x02, 0x01, 0x00, 0x35, 0x34, 0x11, 0x10, 0x04, 0x02, 0x01,
  0x2e, 0x18, 0x02, 0x03, 0x02, 0x27, 0x1f, 0x1e, 0x03, 0x04, 0x03, 0x05,
  0x4c, 0x08, 0x01, 0x00, 0x07, 0x01, 0x01, 0x02, 0x00, 0x01, 0x68, 0x06,
  0x01, 0x02, 0x05, 0x01, 0x03, 0x04, 0x02, 0x03, 0x67, 0x0a, 0x01, 0x09,
  0x09, 0x3c, 0x4d, 0x00, 0x04, 0x04, 0x3d, 0x04, 0x4e, 0x52, 0x50, 0x49,
  0x46, 0x26, 0x15, 0x26, 0x16, 0x25, 0x26, 0x15, 0x26, 0x15, 0x0b, 0x0a,
  0x1f, 0x2b, 0x00, 0x16, 0x07, 0x03, 0x06, 0x33, 0x33, 0x32, 0x16, 0x15,
  0x15, 0x14, 0x06, 0x23, 0x23, 0x22, 0x15, 0x15, 0x14, 0x33, 0x33, 0x32,
  0x16, 0x15, 0x15, 0x14, 0x06, 0x23, 0x23, 0x22, 0x15, 0x15, 0x14, 0x06,
  0x23, 0x23, 0x22, 0x26, 0x35, 0x35, 0x34, 0x23, 0x23, 0x22, 0x26, 0x35,
  0x35, 0x34, 0x36, 0x33, 0x33, 0x32, 0x35, 0x35, 0x34, 0x23, 0x23, 0x22,
  0x26, 0x35, 0x35, 0x34, 0x36, 0x33, 0x33, 0x32, 0x27, 0x03, 0x26, 0x35,
  0x34, 0x33, 0x33, 0x32, 0x17, 0x13, 0x16, 0x32, 0x37, 0x13, 0x36, 0x33,
  0x33, 0x01, 0xc8, 0x06, 0x02, 0x79, 0x01, 0x05, 0x68, 0x05, 0x07, 0x07,
  0x05, 0x7a, 0x05, 0x05, 0x7a, 0x05, 0x07, 0x07, 0x05, 0x7a, 0x05, 0x07,
  0x05, 0x5c, 0x05, 0x07, 0x05, 0x79, 0x05, 0x07, 0x07, 0x05, 0x79, 0x05,
  0x05, 0x79, 0x05, 0x07, 0x07, 0x05, 0x67, 0x06, 0x02, 0x79, 0x01, 0x0b,
  0x60, 0x0b, 0x03, 0x4b, 0x01, 0x04, 0x01, 0x4b, 0x03, 0x0b, 0x60, 0x02,
  0xbc, 0x07, 0x07, 0xfe, 0xa9, 0x06, 0x07, 0x05, 0x2a, 0x05, 0x07, 0x05,
  0x2f, 0x05, 0x07, 0x05, 0x2a, 0x05, 0x07, 0x05, 0x82, 0x05, 0x07, 0x07,
  0x05, 0x82, 0x05, 0x07, 0x05, 0x2a, 0x05, 0x07, 0x05, 0x2f, 0x05, 0x07,
  0x05, 0x2a, 0x05, 0x07, 0x06, 0x01, 0x57, 0x02, 0x03, 0x09, 0x0a, 0xfe,
  0xff, 0x03, 0x03, 0x01, 0x01, 0x0a, 0x00, 0x00, 0x00, 0x01, 0x00, 0x1b,
  0x00, 0xb1, 0x01, 0x14, 0x01, 0xaa, 0x00, 0x0d, 0x00, 0x1e, 0x40, 0x1b,
  0x00, 0x00, 0x01, 0x01, 0x00, 0x59, 0x00, 0x00, 0x00, 0x01, 0x61, 0x02,
  0x01, 0x01, 0x00, 0x01, 0x51, 0x00, 0x00, 0x00, 0x0d, 0x00, 0x0c, 0x25,
  0x03, 0x06, 0x17, 0x2b, 0x36, 0x26, 0x26, 0x35, 0x34, 0x36, 0x33, 0x32,
  0x16, 0x15, 0x14, 0x06, 0x06, 0x23, 0x76, 0x39, 0x22, 0x49, 0x34, 0x33,
  0x49, 0x22, 0x39, 0x21, 0xb1, 0x22, 0x3a, 0x21, 0x34, 0x48, 0x48, 0x34,
  0x21, 0x3a, 0x22, 0x00, 0x00, 0x01, 0x00, 0x15, 0x00, 0x00, 0x01, 0xa4,
  0x02, 0xbc, 0x00, 0x0d, 0x00, 0x11, 0x40, 0x0e, 0x00, 0x00, 0x01, 0x00,
  0x85, 0x00, 0x01, 0x01, 0x76, 0x25, 0x24, 0x02, 0x06, 0x18, 0x2b, 0x32,
  0x26, 0x37, 0x01, 0x36, 0x33, 0x33, 0x32, 0x16, 0x07, 0x01, 0x06, 0x23,
  0x23, 0x19, 0x04, 0x02, 0x01, 0x22, 0x04, 0x0a, 0x52, 0x07, 0x04, 0x02,
  0xfe, 0xdf, 0x04, 0x0a, 0x53, 0x08, 0x06, 0x02, 0xa5, 0x09, 0x08, 0x06,
  0xfd, 0x5b, 0x09, 0x00, 0x00, 0x01, 0x00, 0x1b, 0x00, 0x79, 0x01, 0x9d,
  0x01, 0xfb, 0x00, 0x2b, 0x00, 0x34, 0x40, 0x31, 0x28, 0x20, 0x1f, 0x03,
  0x03, 0x04, 0x19, 0x03, 0x02, 0x00, 0x03, 0x12, 0x0a, 0x09, 0x03, 0x01,
  0x00, 0x03, 0x4c, 0x05, 0x01, 0x03, 0x02, 0x01, 0x00, 0x01, 0x03, 0x00,
  0x67, 0x00, 0x01, 0x01, 0x04, 0x61, 0x00, 0x04, 0x04, 0x3f, 0x01, 0x4e,
  0x16, 0x25, 0x26, 0x16, 0x25, 0x25, 0x06, 0x0a, 0x1c, 0x2b, 0x00, 0x16,
  0x15, 0x15, 0x14, 0x06, 0x23, 0x23, 0x22, 0x15, 0x15, 0x14, 0x06, 0x23,
  0x23, 0x22, 0x26, 0x35, 0x35, 0x34, 0x23, 0x23, 0x22, 0x26, 0x35, 0x35,
  0x34, 0x36, 0x33, 0x33, 0x32, 0x35, 0x35, 0x34, 0x36, 0x33, 0x33, 0x32,
  0x16, 0x15, 0x15, 0x14, 0x33, 0x33, 0x01, 0x96, 0x07, 0x07, 0x05, 0x84,
  0x05, 0x07, 0x05, 0x40, 0x05, 0x07, 0x05, 0x84, 0x05, 0x07, 0x07, 0x05,
  0x84, 0x05, 0x07, 0x05, 0x40, 0x05, 0x07, 0x05, 0x84, 0x01, 0x66, 0x07,
  0x05, 0x40, 0x05, 0x07, 0x05, 0x84, 0x05, 0x07, 0x07, 0x05, 0x84, 0x05,
  0x07, 0x05, 0x40, 0x05, 0x07, 0x05, 0x84, 0x05, 0x07, 0x07, 0x05, 0x84,
  0x05, 0x00, 0x00, 0x00, 0x00, 0x01, 0x00, 0x1b, 0x01, 0x0c, 0x01, 0x9d,
  0x01, 0x64, 0x00, 0x0f, 0x00, 0x1f, 0x40, 0x1c, 0x0b, 0x03, 0x02, 0x01,
  0x00, 0x01, 0x4c, 0x00, 0x00, 0x01, 0x01, 0x00, 0x57, 0x00, 0x00, 0x00,
  0x01, 0x5f, 0x00, 0x01, 0x00, 0x01, 0x4f, 0x26, 0x25, 0x02, 0x06, 0x18,
  0x2b, 0x12, 0x26, 0x35, 0x35, 0x34, 0x36, 0x33, 0x21, 0x32, 0x16, 0x15,
  0x15, 0x14, 0x06, 0x23, 0x21, 0x22, 0x07, 0x07, 0x05, 0x01, 0x6a, 0x05,
  0x07, 0x07, 0x05, 0xfe, 0x96, 0x01, 0x0c, 0x07, 0x05, 0x40, 0x05, 0x07,
  0x07, 0x05, 0x40, 0x05, 0x07, 0x00, 0x00, 0x00, 0x00, 0x01, 0x00, 0x1e,
  0x00, 0x93, 0x01, 0x66, 0x01, 0xda, 0x00, 0x36, 0x00, 0x06, 0xb3, 0x29,
  0x0e, 0x01, 0x32, 0x2b, 0x00, 0x15, 0x14, 0x07, 0x07, 0x06, 0x14, 0x17,
  0x17, 0x16, 0x15, 0x14, 0x07, 0x07, 0x06, 0x23, 0x22, 0x27, 0x27, 0x26,
  0x22, 0x07, 0x07, 0x06, 0x23, 0x22, 0x27, 0x27, 0x26, 0x35, 0x34, 0x37,
  0x37, 0x36, 0x27, 0x27, 0x26, 0x35, 0x34, 0x37, 0x37, 0x36, 0x33, 0x32,
  0x17, 0x17, 0x16, 0x32, 0x37, 0x37, 0x36, 0x33, 0x32, 0x17, 0x17, 0x01,
  0x65, 0x04, 0x5c, 0x02, 0x02, 0x5d, 0x04, 0x05, 0x2e, 0x04, 0x04, 0x02,
  0x06, 0x5d, 0x02, 0x04, 0x02, 0x5d, 0x04, 0x05, 0x04, 0x04, 0x2e, 0x04,
  0x04, 0x5e, 0x04, 0x04, 0x5d, 0x04, 0x04, 0x2e, 0x04, 0x04, 0x05, 0x03,
  0x5d, 0x02, 0x04, 0x02, 0x5d, 0x04, 0x04, 0x05, 0x03, 0x2e, 0x01, 0xa4,
  0x04, 0x05, 0x04, 0x5c, 0x02, 0x04, 0x02, 0x5d, 0x06, 0x02, 0x04, 0x05,
  0x2e, 0x04, 0x04, 0x5d, 0x02, 0x02, 0x5d, 0x04, 0x04, 0x2e, 0x06, 0x02,
  0x04, 0x04, 0x5e, 0x04, 0x04, 0x5c, 0x04, 0x05, 0x04, 0x04, 0x2e, 0x04,
  0x04, 0x5d, 0x02, 0x02, 0x5d, 0x04, 0x04, 0x2e, 0x00, 0x03, 0x00, 0x1b,
  0x00, 0x5e, 0x01, 0x9d, 0x02, 0x1e, 0x00, 0x0b, 0x00, 0x1b, 0x00, 0x27,
  0x00, 0x6a, 0xb6, 0x17, 0x0f, 0x02, 0x03, 0x02, 0x01, 0x4c, 0x4b, 0xb0,
  0x16, 0x50, 0x58, 0x40, 0x1c, 0x00, 0x02, 0x00, 0x03, 0x04, 0x02, 0x03,
  0x67, 0x00, 0x04, 0x07, 0x01, 0x05, 0x04, 0x05, 0x65, 0x06, 0x01, 0x01,
  0x01, 0x00, 0x61, 0x00, 0x00, 0x00, 0x45, 0x01, 0x4e, 0x1b, 0x40, 0x22,
  0x00, 0x00, 0x06, 0x01, 0x01, 0x02, 0x00, 0x01, 0x69, 0x00, 0x02, 0x00,
  0x03, 0x04, 0x02, 0x03, 0x67, 0x00, 0x04, 0x05, 0x05, 0x04, 0x59, 0x00,
  0x04, 0x04, 0x05, 0x61, 0x07, 0x01, 0x05, 0x04, 0x05, 0x51, 0x59, 0x40,
  0x16, 0x1c, 0x1c, 0x00, 0x00, 0x1c, 0x27, 0x1c, 0x26, 0x22, 0x20, 0x1b,
  0x19, 0x13, 0x11, 0x00, 0x0b, 0x00, 0x0a, 0x24, 0x08, 0x0a, 0x17, 0x2b,
  0x12, 0x26, 0x35, 0x34, 0x36, 0x33, 0x32, 0x16, 0x15, 0x14, 0x06, 0x23,
  0x06, 0x26, 0x35, 0x35, 0x34, 0x36, 0x33, 0x21, 0x32, 0x16, 0x15, 0x15,
  0x14, 0x06, 0x23, 0x21, 0x16, 0x26, 0x35, 0x34, 0x36, 0x33, 0x32, 0x16,
  0x15, 0x14, 0x06, 0x23, 0xc2, 0x25, 0x25, 0x1a, 0x1a, 0x25, 0x25, 0x1a,
  0xba, 0x07, 0x07, 0x05, 0x01, 0x6a, 0x05, 0x07, 0x07, 0x05, 0xfe, 0x96,
  0x9b, 0x25, 0x25, 0x1a, 0x1a, 0x25, 0x25, 0x1a, 0x01, 0xa1, 0x25, 0x1a,
  0x1a, 0x24, 0x25, 0x19, 0x1a, 0x25, 0x91, 0x07, 0x05, 0x40, 0x05, 0x07,
  0x07, 0x05, 0x40, 0x05, 0x07, 0xb2, 0x25, 0x1a, 0x1a, 0x24, 0x25, 0x19,
  0x1a, 0x25, 0x00, 0x00, 0xff, 0xff, 0x00, 0x1b, 0x00, 0xb5, 0x01, 0x9d,
  0x01, 0xcc, 0x00, 0x26, 0x02, 0x59, 0x00, 0x68, 0x01, 0x06, 0x02, 0x59,
  0x00, 0xa9, 0x00, 0x11, 0xb1, 0x00, 0x01, 0xb0, 0x68, 0xb0, 0x35, 0x2b,
  0xb1, 0x01, 0x01, 0xb8, 0xff, 0xa9, 0xb0, 0x35, 0x2b, 0x00, 0x00, 0x00,
  0x00, 0x01, 0x00, 0x1b, 0x00, 0x55, 0x01, 0x9d, 0x02, 0x28, 0x00, 0x49,
  0x00, 0xab, 0x40, 0x0c, 0x49, 0x33, 0x02, 0x00, 0x07, 0x24, 0x0e, 0x02,
  0x02, 0x01, 0x02, 0x4c, 0x4b, 0xb0, 0x0d, 0x50, 0x58, 0x40, 0x29, 0x00,
  0x08, 0x07, 0x07, 0x08, 0x70, 0x00, 0x03, 0x02, 0x02, 0x03, 0x71, 0x09,
  0x01, 0x07, 0x06, 0x01, 0x00, 0x01, 0x07, 0x00, 0x68, 0x05, 0x01, 0x01,
  0x02, 0x02, 0x01, 0x57, 0x05, 0x01, 0x01, 0x01, 0x02, 0x5f, 0x04, 0x01,
  0x02, 0x01, 0x02, 0x4f, 0x1b, 0x4b, 0xb0, 0x0e, 0x50, 0x58, 0x40, 0x28,
  0x00, 0x08, 0x07, 0x07, 0x08, 0x70, 0x00, 0x03, 0x02, 0x03, 0x86, 0x09,
  0x01, 0x07, 0x06, 0x01, 0x00, 0x01, 0x07, 0x00, 0x68, 0x05, 0x01, 0x01,
  0x02, 0x02, 0x01, 0x57, 0x05, 0x01, 0x01, 0x01, 0x02, 0x5f, 0x04, 0x01,
  0x02, 0x01, 0x02, 0x4f, 0x1b, 0x40, 0x27, 0x00, 0x08, 0x07, 0x08, 0x85,
  0x00, 0x03, 0x02, 0x03, 0x86, 0x09, 0x01, 0x07, 0x06, 0x01, 0x00, 0x01,
  0x07, 0x00, 0x68, 0x05, 0x01, 0x01, 0x02, 0x02, 0x01, 0x57, 0x05, 0x01,
  0x01, 0x01, 0x02, 0x5f, 0x04, 0x01, 0x02, 0x01, 0x02, 0x4f, 0x59, 0x59,
  0x40, 0x0e, 0x45, 0x44, 0x24, 0x26, 0x16, 0x26, 0x17, 0x24, 0x26, 0x16,
  0x21, 0x0a, 0x06, 0x1f, 0x2b, 0x00, 0x06, 0x23, 0x23, 0x22, 0x07, 0x07,
  0x06, 0x16, 0x33, 0x33, 0x32, 0x16, 0x15, 0x15, 0x14, 0x06, 0x23, 0x23,
  0x22, 0x07, 0x07, 0x06, 0x23, 0x23, 0x22, 0x26, 0x37, 0x37, 0x36, 0x26,
  0x23, 0x23, 0x22, 0x26, 0x35, 0x35, 0x34, 0x36, 0x33, 0x33, 0x32, 0x37,
  0x37, 0x36, 0x26, 0x23, 0x23, 0x22, 0x26, 0x35, 0x35, 0x34, 0x36, 0x33,
  0x33, 0x32, 0x37, 0x37, 0x36, 0x33, 0x33, 0x32, 0x16, 0x07, 0x07, 0x06,
  0x16, 0x33, 0x33, 0x32, 0x16, 0x15, 0x15, 0x01, 0x9d, 0x07, 0x05, 0x7b,
  0x04, 0x02, 0x28, 0x01, 0x02, 0x02, 0xa6, 0x05, 0x07, 0x07, 0x05, 0xcf,
  0x04, 0x02, 0x24, 0x04, 0x0a, 0x2f, 0x07, 0x04, 0x02, 0x21, 0x01, 0x02,
  0x02, 0x49, 0x05, 0x07, 0x07, 0x05, 0x72, 0x04, 0x02, 0x28, 0x01, 0x02,
  0x02, 0x9d, 0x05, 0x07, 0x07, 0x05, 0xc6, 0x04, 0x02, 0x22, 0x04, 0x0a,
  0x2f, 0x07, 0x05, 0x03, 0x1f, 0x01, 0x02, 0x02, 0x52, 0x05, 0x07, 0x01,
  0x7c, 0x07, 0x04, 0x5e, 0x02, 0x04, 0x07, 0x05, 0x40, 0x05, 0x07, 0x04,
  0x53, 0x09, 0x08, 0x06, 0x4c, 0x02, 0x04, 0x07, 0x05, 0x40, 0x05, 0x07,
  0x04, 0x5e, 0x02, 0x04, 0x07, 0x05, 0x40, 0x05, 0x07, 0x04, 0x4e, 0x09,
  0x07, 0x07, 0x47, 0x02, 0x04, 0x07, 0x05, 0x40, 0x00, 0x01, 0x00, 0x1b,
  0x00, 0x39, 0x01, 0x9d, 0x02, 0x00, 0x00, 0x17, 0x00, 0x06, 0xb3, 0x0f,
  0x00, 0x01, 0x32, 0x2b, 0x36, 0x23, 0x22, 0x35, 0x35, 0x34, 0x37, 0x25,
  0x36, 0x27, 0x25, 0x26, 0x35, 0x35, 0x34, 0x36, 0x17, 0x05, 0x16, 0x15,
  0x15, 0x14, 0x07, 0x05, 0x25, 0x02, 0x08, 0x09, 0x01, 0x03, 0x06, 0x06,
  0xfe, 0xfd, 0x09, 0x08, 0x06, 0x01, 0x6b, 0x09, 0x09, 0xfe, 0x95, 0x39,
  0x0b, 0x55, 0x0a, 0x04, 0x72, 0x03, 0x03, 0x72, 0x05, 0x09, 0x55, 0x07,
  0x05, 0x03, 0xab, 0x04, 0x0a, 0x51, 0x09, 0x05, 0xaa, 0x00, 0x00, 0x00,
  0x00, 0x01, 0x00, 0x1b, 0x00, 0x38, 0x01, 0x9d, 0x01, 0xff, 0x00, 0x17,
  0x00, 0x06, 0xb3, 0x0a, 0x01, 0x01, 0x32, 0x2b, 0x24, 0x06, 0x27, 0x25,
  0x26, 0x35, 0x35, 0x34, 0x37, 0x25, 0x36, 0x33, 0x32, 0x15, 0x15, 0x14,
  0x07, 0x05, 0x06, 0x17, 0x05, 0x16, 0x15, 0x15, 0x01, 0x9d, 0x08, 0x06,
  0xfe, 0x95, 0x09, 0x09, 0x01, 0x6b, 0x04, 0x02, 0x08, 0x09, 0xfe, 0xfd,
  0x06, 0x06, 0x01, 0x03, 0x09, 0x3d, 0x05, 0x03, 0xaa, 0x05, 0x09, 0x51,
  0x0a, 0x04, 0xab, 0x02, 0x0b, 0x55, 0x09, 0x05, 0x72, 0x03, 0x03, 0x72,
  0x04, 0x0a, 0x55, 0x00, 0xff, 0xff, 0x00, 0x1b, 0x00, 0x12, 0x01, 0x9d,
  0x02, 0x4b, 0x00, 0x27, 0x02, 0x59, 0x00, 0x00, 0xff, 0x06, 0x01, 0x06,
  0x02, 0x5e, 0x00, 0x4b, 0x00, 0x11, 0xb1, 0x00, 0x01, 0xb8, 0xff, 0x06,
  0xb0, 0x35, 0x2b, 0xb1, 0x01, 0x01, 0xb0, 0x4b, 0xb0, 0x35, 0x2b, 0x00,
  0x00, 0x02, 0x00, 0x1b, 0x00, 0x11, 0x01, 0x9d, 0x02, 0x4a, 0x00, 0x17,
  0x00, 0x27, 0x00, 0x25, 0x40, 0x22, 0x27, 0x1f, 0x02, 0x00, 0x01, 0x01,
  0x4c, 0x17, 0x01, 0x01, 0x4a, 0x00, 0x01, 0x00, 0x00, 0x01, 0x57, 0x00,
  0x01, 0x01, 0x00, 0x5f, 0x00, 0x00, 0x01, 0x00, 0x4f, 0x23, 0x21, 0x1b,
  0x19, 0x02, 0x06, 0x16, 0x2b, 0x24, 0x06, 0x27, 0x25, 0x26, 0x35, 0x35,
  0x34, 0x37, 0x25, 0x36, 0x33, 0x32, 0x15, 0x15, 0x14, 0x07, 0x05, 0x06,
  0x17, 0x05, 0x16, 0x15, 0x15, 0x14, 0x06, 0x23, 0x21, 0x22, 0x26, 0x35,
  0x35, 0x34, 0x36, 0x33, 0x21, 0x32, 0x16, 0x15, 0x15, 0x01, 0x9d, 0x08,
  0x06, 0xfe, 0x95, 0x09, 0x09, 0x01, 0x6b, 0x04, 0x02, 0x08, 0x09, 0xfe,
  0xfd, 0x06, 0x06, 0x01, 0x03, 0x09, 0x07, 0x05, 0xfe, 0x96, 0x05, 0x07,
  0x07, 0x05, 0x01, 0x6a, 0x05, 0x07, 0x87, 0x05, 0x03, 0xab, 0x05, 0x09,
  0x51, 0x0a, 0x04, 0xab, 0x02, 0x0b, 0x55, 0x09, 0x05, 0x72, 0x03, 0x03,
  0x72, 0x04, 0x0a, 0x56, 0x76, 0x07, 0x07, 0x05, 0x40, 0x05, 0x07, 0x07,
  0x05, 0x40, 0x00, 0x00, 0xff, 0xff, 0x00, 0x1b, 0x00, 0x12, 0x01, 0x9d,
  0x02, 0x38, 0x00, 0x26, 0x02, 0x58, 0x00, 0x3d, 0x01, 0x07, 0x02, 0x59,
  0x00, 0x00, 0xff, 0x06, 0x00, 0x11, 0xb1, 0x00, 0x01, 0xb0, 0x3d, 0xb0,
  0x35, 0x2b, 0xb1, 0x01, 0x01, 0xb8, 0xff, 0x06, 0xb0, 0x35, 0x2b, 0x00,
  0xff, 0xff, 0x00, 0x1b, 0x00, 0x83, 0x01, 0xc5, 0x01, 0xf4, 0x00, 0x27,
  0x02, 0x65, 0x00, 0x00, 0x00, 0x80, 0x01, 0x06, 0x02, 0x65, 0x00, 0xae,
  0x00, 0x11, 0xb1, 0x00, 0x01, 0xb0, 0x80, 0xb0, 0x35, 0x2b, 0xb1, 0x01,
  0x01, 0xb8, 0xff, 0xae, 0xb0, 0x35, 0x2b, 0x00, 0x00, 0x01, 0x00, 0x1b,
  0x00, 0xa8, 0x01, 0x9d, 0x01, 0x64, 0x00, 0x19, 0x00, 0x4b, 0x40, 0x0b,
  0x15, 0x01, 0x01, 0x02, 0x0e, 0x06, 0x02, 0x00, 0x01, 0x02, 0x4c, 0x4b,
  0xb0, 0x0c, 0x50, 0x58, 0x40, 0x16, 0x00, 0x00, 0x01, 0x01, 0x00, 0x71,
  0x00, 0x02, 0x01, 0x01, 0x02, 0x57, 0x00, 0x02, 0x02, 0x01, 0x5f, 0x00,
  0x01, 0x02, 0x01, 0x4f, 0x1b, 0x40, 0x15, 0x00, 0x00, 0x01, 0x00, 0x86,
  0x00, 0x02, 0x01, 0x01, 0x02, 0x57, 0x00, 0x02, 0x02, 0x01, 0x5f, 0x00,
  0x01, 0x02, 0x01, 0x4f, 0x59, 0xb5, 0x26, 0x16, 0x28, 0x03, 0x0a, 0x19,
  0x2b, 0x00, 0x16, 0x1d, 0x02, 0x23, 0x15, 0x14, 0x06, 0x23, 0x23, 0x22,
  0x26, 0x35, 0x35, 0x34, 0x23, 0x21, 0x22, 0x26, 0x35, 0x35, 0x34, 0x36,
  0x33, 0x21, 0x01, 0x96, 0x07, 0x01, 0x07, 0x05, 0x41, 0x05, 0x07, 0x05,
  0xfe, 0xe9, 0x05, 0x07, 0x07, 0x05, 0x01, 0x6a, 0x01, 0x64, 0x07, 0x05,
  0x45, 0x07, 0x58, 0x05, 0x07, 0x07, 0x05, 0x53, 0x05, 0x07, 0x05, 0x40,
  0x05, 0x07, 0x00, 0x00, 0x00, 0x01, 0x00, 0x1b, 0x00, 0xd5, 0x01, 0xc5,
  0x01, 0x74, 0x00, 0x20, 0x00, 0x30, 0xb1, 0x06, 0x64, 0x44, 0x40, 0x25,
  0x00, 0x02, 0x00, 0x03, 0x02, 0x59, 0x00, 0x01, 0x00, 0x00, 0x03, 0x01,
  0x00, 0x69, 0x00, 0x02, 0x02, 0x03, 0x61, 0x04, 0x01, 0x03, 0x02, 0x03,
  0x51, 0x00, 0x00, 0x00, 0x20, 0x00, 0x1f, 0x24, 0x28, 0x24, 0x05, 0x0a,
  0x19, 0x2b, 0xb1, 0x06, 0x00, 0x44, 0x24, 0x26, 0x27, 0x26, 0x26, 0x23,
  0x22, 0x07, 0x06, 0x27, 0x27, 0x26, 0x37, 0x36, 0x36, 0x33, 0x32, 0x16,
  0x17, 0x16, 0x16, 0x33, 0x32, 0x36, 0x37, 0x36, 0x17, 0x17, 0x16, 0x07,
  0x06, 0x06, 0x23, 0x01, 0x2d, 0x25, 0x1a, 0x19, 0x1c, 0x11, 0x27, 0x1c,
  0x07, 0x09, 0x31, 0x09, 0x03, 0x10, 0x46, 0x2a, 0x16, 0x24, 0x15, 0x1b,
  0x22, 0x14, 0x12, 0x1a, 0x0c, 0x07, 0x0a, 0x34, 0x0a, 0x05, 0x17, 0x3e,
  0x26, 0xd5, 0x0e, 0x0f, 0x0f, 0x0e, 0x26, 0x0a, 0x06, 0x1e, 0x06, 0x0a,
  0x2b, 0x36, 0x0e, 0x0c, 0x11, 0x0f, 0x13, 0x11, 0x0a, 0x06, 0x21, 0x07,
  0x09, 0x29, 0x33, 0x00, 0x00, 0x01, 0x00, 0x1d, 0x01, 0x2d, 0x01, 0x7f,
  0x02, 0xbc, 0x00, 0x18, 0x00, 0x1b, 0xb1, 0x06, 0x64, 0x44, 0x40, 0x10,
  0x00, 0x00, 0x01, 0x00, 0x85, 0x02, 0x01, 0x01, 0x01, 0x76, 0x27, 0x35,
  0x34, 0x03, 0x0a, 0x19, 0x2b, 0xb1, 0x06, 0x00, 0x44, 0x12, 0x26, 0x37,
  0x13, 0x36, 0x33, 0x33, 0x32, 0x17, 0x13, 0x16, 0x15, 0x14, 0x23, 0x23,
  0x22, 0x27, 0x27, 0x26, 0x26, 0x07, 0x07, 0x06, 0x23, 0x23, 0x23, 0x06,
  0x02, 0x7b, 0x03, 0x0a, 0x4e, 0x0a, 0x03, 0x7c, 0x01, 0x0b, 0x4a, 0x0a,
  0x03, 0x4b, 0x01, 0x04, 0x01, 0x4c, 0x03, 0x0a, 0x4a, 0x01, 0x2d, 0x07,
  0x07, 0x01, 0x77, 0x0a, 0x0a, 0xfe, 0x89, 0x02, 0x03, 0x09, 0x0a, 0xff,
  0x03, 0x01, 0x04, 0xff, 0x0a, 0x00, 0x00, 0x00, 0x00, 0x03, 0x00, 0x1b,
  0x00, 0x90, 0x02, 0x70, 0x01, 0xef, 0x00, 0x1e, 0x00, 0x2c, 0x00, 0x3a,
  0x00, 0x4a, 0x40, 0x47, 0x35, 0x21, 0x19, 0x0a, 0x04, 0x05, 0x04, 0x01,
  0x4c, 0x08, 0x03, 0x02, 0x02, 0x06, 0x01, 0x04, 0x05, 0x02, 0x04, 0x69,
  0x0a, 0x07, 0x09, 0x03, 0x05, 0x00, 0x00, 0x05, 0x59, 0x0a, 0x07, 0x09,
  0x03, 0x05, 0x05, 0x00, 0x61, 0x01, 0x01, 0x00, 0x05, 0x00, 0x51, 0x2d,
  0x2d, 0x1f, 0x1f, 0x00, 0x00, 0x2d, 0x3a, 0x2d, 0x39, 0x33, 0x31, 0x1f,
  0x2c, 0x1f, 0x2b, 0x27, 0x25, 0x00, 0x1e, 0x00, 0x1d, 0x26, 0x25, 0x26,
  0x0b, 0x06, 0x19, 0x2b, 0x00, 0x16, 0x16, 0x15, 0x14, 0x06, 0x06, 0x23,
  0x22, 0x26, 0x27, 0x26, 0x07, 0x06, 0x23, 0x22, 0x26, 0x26, 0x35, 0x34,
  0x36, 0x36, 0x33, 0x32, 0x16, 0x17, 0x16, 0x37, 0x36, 0x36, 0x33, 0x00,
  0x36, 0x37, 0x36, 0x27, 0x26, 0x26, 0x23, 0x22, 0x06, 0x15, 0x14, 0x16,
  0x33, 0x20, 0x36, 0x35, 0x34, 0x26, 0x23, 0x22, 0x06, 0x07, 0x06, 0x17,
  0x16, 0x16, 0x33, 0x02, 0x02, 0x46, 0x28, 0x29, 0x46, 0x2c, 0x2b, 0x45,
  0x20, 0x04, 0x04, 0x43, 0x4a, 0x29, 0x44, 0x28, 0x28, 0x46, 0x29, 0x2b,
  0x43, 0x1f, 0x03, 0x04, 0x1f, 0x46, 0x2c, 0xfe, 0xef, 0x27, 0x1f, 0x01,
  0x01, 0x1c, 0x26, 0x17, 0x1a, 0x24, 0x23, 0x19, 0x01, 0x41, 0x24, 0x23,
  0x1a, 0x18, 0x30, 0x1c, 0x02, 0x04, 0x19, 0x2c, 0x1a, 0x01, 0xef, 0x2d,
  0x51, 0x32, 0x33, 0x4f, 0x2d, 0x30, 0x2c, 0x04, 0x04, 0x5c, 0x2e, 0x51,
  0x32, 0x32, 0x50, 0x2c, 0x31, 0x2a, 0x04, 0x04, 0x2b, 0x30, 0xfe, 0xfb,
  0x25, 0x2e, 0x04, 0x04, 0x2c, 0x24, 0x2e, 0x26, 0x26, 0x31, 0x2f, 0x26,
  0x26, 0x30, 0x27, 0x2b, 0x05, 0x05, 0x28, 0x27, 0x00, 0x01, 0x00, 0x16,
  0xff, 0x34, 0x01, 0x34, 0x02, 0xc0, 0x00, 0x1d, 0x00, 0x32, 0x40, 0x2f,
  0x11, 0x01, 0x02, 0x01, 0x02, 0x01, 0x03, 0x00, 0x02, 0x4c, 0x00, 0x01,
  0x00, 0x02, 0x00, 0x01, 0x02, 0x69, 0x00, 0x00, 0x03, 0x03, 0x00, 0x59,
  0x00, 0x00, 0x00, 0x03, 0x61, 0x04, 0x01, 0x03, 0x00, 0x03, 0x51, 0x00,
  0x00, 0x00, 0x1d, 0x00, 0x1c, 0x34, 0x26, 0x34, 0x05, 0x06, 0x19, 0x2b,
  0x16, 0x35, 0x35, 0x34, 0x36, 0x33, 0x33, 0x36, 0x36, 0x35, 0x13, 0x3e,
  0x02, 0x37, 0x32, 0x15, 0x15, 0x14, 0x06, 0x23, 0x23, 0x06, 0x06, 0x07,
  0x03, 0x0e, 0x02, 0x07, 0x16, 0x07, 0x05, 0x0d, 0x1f, 0x19, 0x03, 0x01,
  0x24, 0x50, 0x49, 0x0c, 0x07, 0x05, 0x0e, 0x20, 0x19, 0x01, 0x02, 0x01,
  0x24, 0x4f, 0x48, 0xcc, 0x0c, 0x47, 0x05, 0x07, 0x01, 0x29, 0x27, 0x02,
  0x46, 0x3b, 0x3f, 0x1b, 0x01, 0x0c, 0x47, 0x05, 0x07, 0x01, 0x29, 0x27,
  0xfd, 0xba, 0x3b, 0x3f, 0x1b, 0x01, 0x00, 0x00, 0xff, 0xff, 0x00, 0x2a,
  0x00, 0x00, 0x01, 0xc1, 0x02, 0xc4, 0x00, 0x02, 0x01, 0xe6, 0x00, 0x00,
  0x00, 0x02, 0x00, 0x0b, 0x00, 0x00, 0x02, 0x02, 0x02, 0xbc, 0x00, 0x13,
  0x00, 0x1d, 0x00, 0x25, 0x40, 0x22, 0x0f, 0x0e, 0x02, 0x01, 0x02, 0x01,
  0x4c, 0x00, 0x00, 0x02, 0x00, 0x85, 0x00, 0x02, 0x01, 0x01, 0x02, 0x57,
  0x00, 0x02, 0x02, 0x01, 0x5f, 0x00, 0x01, 0x02, 0x01, 0x4f, 0x12, 0x27,
  0x37, 0x03, 0x06, 0x19, 0x2b, 0x32, 0x26, 0x35, 0x35, 0x34, 0x37, 0x13,
  0x36, 0x33, 0x33, 0x32, 0x17, 0x13, 0x16, 0x15, 0x15, 0x14, 0x06, 0x23,
  0x21, 0x36, 0x33, 0x21, 0x32, 0x27, 0x03, 0x26, 0x22, 0x07, 0x03, 0x12,
  0x07, 0x02, 0xcd, 0x03, 0x0a, 0x3f, 0x0a, 0x03, 0xcd, 0x02, 0x07, 0x05,
  0xfe, 0x21, 0x66, 0x05, 0x01, 0x09, 0x06, 0x02, 0x85, 0x01, 0x04, 0x01,
  0x86, 0x07, 0x05, 0x4f, 0x09, 0x06, 0x02, 0x48, 0x0a, 0x0a, 0xfd, 0xb7,
  0x06, 0x09, 0x4e, 0x05, 0x07, 0x64, 0x06, 0x01, 0xb4, 0x04, 0x04, 0xfe,
  0x4c, 0x00, 0x00, 0x00, 0x00, 0x01, 0x00, 0x36, 0xff, 0x38, 0x01, 0xa8,
  0x03, 0x20, 0x00, 0x1d, 0x00, 0x2d, 0x40, 0x2a, 0x19, 0x01, 0x01, 0x03,
  0x11, 0x10, 0x0b, 0x03, 0x04, 0x00, 0x01, 0x02, 0x4c, 0x02, 0x01, 0x00,
  0x01, 0x00, 0x86, 0x00, 0x03, 0x01, 0x01, 0x03, 0x57, 0x00, 0x03, 0x03,
  0x01, 0x5f, 0x00, 0x01, 0x03, 0x01, 0x4f, 0x26, 0x25, 0x16, 0x25, 0x04,
  0x06, 0x1a, 0x2b, 0x00, 0x16, 0x15, 0x11, 0x14, 0x06, 0x23, 0x23, 0x22,
  0x26, 0x35, 0x11, 0x34, 0x23, 0x23, 0x22, 0x15, 0x11, 0x14, 0x06, 0x23,
  0x23, 0x22, 0x26, 0x35, 0x11, 0x34, 0x36, 0x33, 0x21, 0x01, 0xa1, 0x07,
  0x07, 0x05, 0x5c, 0x05, 0x07, 0x05, 0x80, 0x05, 0x07, 0x05, 0x5c, 0x05,
  0x07, 0x07, 0x05, 0x01, 0x5a, 0x03, 0x20, 0x07, 0x05, 0xfc, 0x30, 0x05,
  0x07, 0x07, 0x05, 0x03, 0x73, 0x05, 0x05, 0xfc, 0x8d, 0x05, 0x07, 0x07,
  0x05, 0x03, 0xd0, 0x05, 0x07, 0x00, 0x00, 0x00, 0x00, 0x01, 0x00, 0x36,
  0xff, 0x38, 0x01, 0xd8, 0x02, 0xf4, 0x00, 0x2a, 0x00, 0x32, 0x40, 0x2f,
  0x14, 0x0c, 0x02, 0x01, 0x00, 0x06, 0x01, 0x02, 0x01, 0x26, 0x03, 0x02,
  0x03, 0x02, 0x03, 0x4c, 0x00, 0x00, 0x00, 0x01, 0x02, 0x00, 0x01, 0x67,
  0x00, 0x02, 0x03, 0x03, 0x02, 0x57, 0x00, 0x02, 0x02, 0x03, 0x5f, 0x00,
  0x03, 0x02, 0x03, 0x4f, 0x26, 0x19, 0x26, 0x2e, 0x04, 0x06, 0x1a, 0x2b,
  0x16, 0x26, 0x35, 0x35, 0x34, 0x37, 0x13, 0x36, 0x27, 0x03, 0x26, 0x35,
  0x35, 0x34, 0x36, 0x33, 0x21, 0x32, 0x16, 0x15, 0x15, 0x14, 0x06, 0x23,
  0x21, 0x22, 0x17, 0x13, 0x16, 0x07, 0x03, 0x06, 0x16, 0x33, 0x21, 0x32,
  0x16, 0x15, 0x15, 0x14, 0x06, 0x23, 0x21, 0x3d, 0x07, 0x03, 0xc4, 0x01,
  0x01, 0xc2, 0x04, 0x07, 0x05, 0x01, 0x89, 0x05, 0x07, 0x07, 0x05, 0xfe,
  0xdd, 0x06, 0x03, 0xc7, 0x05, 0x04, 0xc9, 0x01, 0x02, 0x03, 0x01, 0x23,
  0x05, 0x07, 0x07, 0x05, 0xfe, 0x76, 0xc8, 0x07, 0x05, 0x50, 0x07, 0x08,
  0x01, 0x93, 0x04, 0x02, 0x01, 0x4d, 0x07, 0x08, 0x50, 0x05, 0x07, 0x07,
  0x05, 0x4c, 0x05, 0x07, 0x06, 0xfe, 0xb7, 0x0a, 0x06, 0xfe, 0x71, 0x03,
  0x03, 0x07, 0x05, 0x4c, 0x05, 0x07, 0x00, 0x00, 0x00, 0x01, 0x00, 0x14,
  0xff, 0x38, 0x02, 0x8e, 0x03, 0x19, 0x00, 0x21, 0x00, 0x2c, 0x40, 0x29,
  0x17, 0x01, 0x01, 0x00, 0x01, 0x4c, 0x03, 0x01, 0x02, 0x01, 0x02, 0x86,
  0x00, 0x00, 0x01, 0x01, 0x00, 0x57, 0x00, 0x00, 0x00, 0x01, 0x5f, 0x00,
  0x01, 0x00, 0x01, 0x4f, 0x00, 0x00, 0x00, 0x21, 0x00, 0x1f, 0x1b, 0x19,
  0x13, 0x11, 0x04, 0x06, 0x16, 0x2b, 0x16, 0x27, 0x03, 0x26, 0x35, 0x34,
  0x37, 0x37, 0x36, 0x33, 0x32, 0x17, 0x17, 0x16, 0x36, 0x37, 0x13, 0x36,
  0x33, 0x33, 0x32, 0x16, 0x15, 0x15, 0x14, 0x06, 0x23, 0x23, 0x22, 0x07,
  0x03, 0x06, 0x23, 0x23, 0x96, 0x03, 0x7e, 0x01, 0x08, 0x55, 0x02, 0x03,
  0x07, 0x04, 0x42, 0x01, 0x05, 0x01, 0xb1, 0x03, 0x0a, 0xfa, 0x05, 0x07,
  0x07, 0x05, 0xa7, 0x04, 0x01, 0xcd, 0x03, 0x0a, 0x5c, 0xc8, 0x0a, 0x01,
  0x76, 0x02, 0x03, 0x07, 0x03, 0x1c, 0x01, 0x09, 0xde, 0x04, 0x01, 0x03,
  0x03, 0x11, 0x0b, 0x07, 0x05, 0x4c, 0x05, 0x07, 0x04, 0xfc, 0x91, 0x0a,
  0x00, 0x01, 0x00, 0x2e, 0xff, 0x38, 0x01, 0x8d, 0x01, 0xff, 0x00, 0x2e,
  0x00, 0x9a, 0x4b, 0xb0, 0x22, 0x50, 0x58, 0x40, 0x11, 0x2e, 0x20, 0x02,
  0x05, 0x00, 0x0f, 0x07, 0x02, 0x01, 0x05, 0x18, 0x17, 0x02, 0x03, 0x01,
  0x03, 0x4c, 0x1b, 0x40, 0x11, 0x2e, 0x20, 0x02, 0x05, 0x00, 0x0f, 0x07,
  0x02, 0x01, 0x05, 0x18, 0x17, 0x02, 0x03, 0x02, 0x03, 0x4c, 0x59, 0x4b,
  0xb0, 0x22, 0x50, 0x58, 0x40, 0x17, 0x04, 0x01, 0x00, 0x00, 0x3f, 0x4d,
  0x00, 0x05, 0x05, 0x01, 0x61, 0x02, 0x01, 0x01, 0x01, 0x3d, 0x4d, 0x00,
  0x03, 0x03, 0x41, 0x03, 0x4e, 0x1b, 0x4b, 0xb0, 0x2e, 0x50, 0x58, 0x40,
  0x1b, 0x04, 0x01, 0x00, 0x00, 0x3f, 0x4d, 0x00, 0x01, 0x01, 0x3d, 0x4d,
  0x00, 0x05, 0x05, 0x02, 0x61, 0x00, 0x02, 0x02, 0x43, 0x4d, 0x00, 0x03,
  0x03, 0x41, 0x03, 0x4e, 0x1b, 0x40, 0x1b, 0x00, 0x01, 0x01, 0x3d, 0x4d,
  0x00, 0x05, 0x05, 0x02, 0x61, 0x00, 0x02, 0x02, 0x43, 0x4d, 0x00, 0x03,
  0x03, 0x00, 0x5f, 0x04, 0x01, 0x00, 0x00, 0x3f, 0x03, 0x4e, 0x59, 0x59,
  0x40, 0x09, 0x25, 0x26, 0x25, 0x28, 0x26, 0x21, 0x06, 0x0a, 0x1c, 0x2b,
  0x00, 0x36, 0x33, 0x33, 0x32, 0x16, 0x15, 0x11, 0x14, 0x06, 0x23, 0x23,
  0x22, 0x26, 0x35, 0x35, 0x34, 0x26, 0x07, 0x06, 0x23, 0x23, 0x26, 0x15,
  0x15, 0x14, 0x06, 0x23, 0x23, 0x22, 0x26, 0x35, 0x11, 0x34, 0x36, 0x33,
  0x33, 0x32, 0x16, 0x15, 0x11, 0x14, 0x33, 0x32, 0x36, 0x35, 0x11, 0x01,
  0x19, 0x07, 0x05, 0x5c, 0x05, 0x07, 0x07, 0x05, 0x5c, 0x05, 0x07, 0x04,
  0x02, 0x1d, 0x40, 0x0f, 0x05, 0x07, 0x05, 0x5c, 0x05, 0x07, 0x07, 0x05,
  0x5c, 0x05, 0x07, 0x3a, 0x1d, 0x20, 0x01, 0xf8, 0x07, 0x07, 0x05, 0xfe,
  0x19, 0x05, 0x07, 0x07, 0x05, 0x16, 0x03, 0x02, 0x03, 0x2b, 0x02, 0x06,
  0xb1, 0x05, 0x07, 0x07, 0x05, 0x02, 0xaf, 0x05, 0x07, 0x07, 0x05, 0xfe,
  0xb4, 0x4b, 0x2b, 0x25, 0x01, 0x47, 0x00, 0x00, 0x00, 0x02, 0x00, 0x26,
  0xff, 0xf8, 0x01, 0xde, 0x02, 0xc2, 0x00, 0x27, 0x00, 0x35, 0x00, 0x3d,
  0x40, 0x3a, 0x1b, 0x01, 0x01, 0x02, 0x2a, 0x01, 0x05, 0x04, 0x02, 0x4c,
  0x00, 0x03, 0x00, 0x02, 0x01, 0x03, 0x02, 0x69, 0x00, 0x01, 0x00, 0x04,
  0x05, 0x01, 0x04, 0x69, 0x06, 0x01, 0x05, 0x00, 0x00, 0x05, 0x59, 0x06,
  0x01, 0x05, 0x05, 0x00, 0x61, 0x00, 0x00, 0x05, 0x00, 0x51, 0x28, 0x28,
  0x28, 0x35, 0x28, 0x34, 0x29, 0x2c, 0x26, 0x25, 0x26, 0x07, 0x06, 0x1b,
  0x2b, 0x00, 0x16, 0x15, 0x14, 0x07, 0x06, 0x06, 0x23, 0x22, 0x26, 0x35,
  0x34, 0x36, 0x36, 0x33, 0x32, 0x17, 0x16, 0x35, 0x26, 0x27, 0x26, 0x23,
  0x22, 0x06, 0x07, 0x06, 0x23, 0x22, 0x27, 0x27, 0x26, 0x35, 0x34, 0x37,
  0x36, 0x33, 0x32, 0x16, 0x17, 0x02, 0x36, 0x37, 0x34, 0x27, 0x26, 0x26,
  0x23, 0x22, 0x06, 0x15, 0x14, 0x16, 0x33, 0x01, 0xb7, 0x27, 0x04, 0x0c,
  0x6f, 0x6a, 0x5c, 0x73, 0x3a, 0x5d, 0x33, 0x3d, 0x34, 0x06, 0x0e, 0x20,
  0x22, 0x37, 0x14, 0x2f, 0x15, 0x05, 0x03, 0x05, 0x03, 0x1e, 0x01, 0x07,
  0x4b, 0x3a, 0x34, 0x59, 0x1e, 0x5d, 0x35, 0x06, 0x01, 0x0f, 0x3c, 0x20,
  0x2c, 0x3c, 0x38, 0x2d, 0x02, 0x39, 0xa1, 0x53, 0x2a, 0x1d, 0x70, 0x96,
  0x72, 0x6c, 0x4c, 0x67, 0x31, 0x20, 0x03, 0x07, 0x58, 0x2c, 0x32, 0x0e,
  0x0d, 0x03, 0x07, 0x4e, 0x02, 0x04, 0x07, 0x03, 0x27, 0x2d, 0x28, 0xfd,
  0xef, 0x5e, 0x53, 0x04, 0x02, 0x21, 0x27, 0x48, 0x3d, 0x38, 0x42, 0x00,
  0x00, 0x05, 0x00, 0x36, 0xff, 0xf7, 0x02, 0xcd, 0x02, 0xc5, 0x00, 0x0f,
  0x00, 0x1d, 0x00, 0x29, 0x00, 0x39, 0x00, 0x45, 0x00, 0x92, 0x4b, 0xb0,
  0x1a, 0x50, 0x58, 0x40, 0x2b, 0x0b, 0x01, 0x05, 0x0a, 0x01, 0x01, 0x06,
  0x05, 0x01, 0x69, 0x00, 0x06, 0x00, 0x08, 0x09, 0x06, 0x08, 0x6a, 0x00,
  0x04, 0x04, 0x00, 0x61, 0x02, 0x01, 0x00, 0x00, 0x42, 0x4d, 0x0d, 0x01,
  0x09, 0x09, 0x03, 0x61, 0x0c, 0x07, 0x02, 0x03, 0x03, 0x3d, 0x03, 0x4e,
  0x1b, 0x40, 0x33, 0x0b, 0x01, 0x05, 0x0a, 0x01, 0x01, 0x06, 0x05, 0x01,
  0x69, 0x00, 0x06, 0x00, 0x08, 0x09, 0x06, 0x08, 0x6a, 0x00, 0x02, 0x02,
  0x3c, 0x4d, 0x00, 0x04, 0x04, 0x00, 0x61, 0x00, 0x00, 0x00, 0x42, 0x4d,
  0x00, 0x03, 0x03, 0x3d, 0x4d, 0x0d, 0x01, 0x09, 0x09, 0x07, 0x61, 0x0c,
  0x01, 0x07, 0x07, 0x43, 0x07, 0x4e, 0x59, 0x40, 0x26, 0x3a, 0x3a, 0x2a,
  0x2a, 0x1e, 0x1e, 0x00, 0x00, 0x3a, 0x45, 0x3a, 0x44, 0x40, 0x3e, 0x2a,
  0x39, 0x2a, 0x38, 0x32, 0x30, 0x1e, 0x29, 0x1e, 0x28, 0x24, 0x22, 0x1d,
  0x1b, 0x16, 0x14, 0x00, 0x0f, 0x00, 0x0e, 0x26, 0x0e, 0x0a, 0x17, 0x2b,
  0x12, 0x26, 0x26, 0x35, 0x34, 0x36, 0x36, 0x33, 0x32, 0x16, 0x16, 0x15,
  0x14, 0x06, 0x06, 0x23, 0x02, 0x26, 0x37, 0x01, 0x36, 0x33, 0x33, 0x32,
  0x16, 0x07, 0x01, 0x06, 0x23, 0x23, 0x12, 0x36, 0x35, 0x34, 0x26, 0x23,
  0x22, 0x06, 0x15, 0x14, 0x16, 0x33, 0x00, 0x26, 0x26, 0x35, 0x34, 0x36,
  0x36, 0x33, 0x32, 0x16, 0x16, 0x15, 0x14, 0x06, 0x06, 0x23, 0x36, 0x36,
  0x35, 0x34, 0x26, 0x23, 0x22, 0x06, 0x15, 0x14, 0x16, 0x33, 0xa3, 0x45,
  0x28, 0x28, 0x45, 0x29, 0x28, 0x45, 0x28, 0x28, 0x44, 0x29, 0x29, 0x04,
  0x03, 0x01, 0x6c, 0x04, 0x0b, 0x3a, 0x07, 0x04, 0x03, 0xfe, 0x94, 0x04,
  0x0b, 0x3a, 0x46, 0x31, 0x32, 0x23, 0x24, 0x32, 0x32, 0x24, 0x01, 0x43,
  0x44, 0x28, 0x28, 0x44, 0x29, 0x29, 0x44, 0x28, 0x28, 0x44, 0x29, 0x24,
  0x32, 0x32, 0x24, 0x24, 0x32, 0x32, 0x24, 0x01, 0x94, 0x29, 0x46, 0x2a,
  0x29, 0x46, 0x29, 0x29, 0x46, 0x29, 0x2a, 0x46, 0x29, 0xfe, 0x6c, 0x08,
  0x06, 0x02, 0xa6, 0x08, 0x08, 0x06, 0xfd, 0x5a, 0x08, 0x01, 0xd2, 0x35,
  0x26, 0x25, 0x35, 0x34, 0x26, 0x26, 0x35, 0xfe, 0x25, 0x29, 0x46, 0x2a,
  0x29, 0x46, 0x29, 0x29, 0x46, 0x29, 0x2a, 0x46, 0x29, 0x3e, 0x35, 0x26,
  0x26, 0x34, 0x34, 0x26, 0x26, 0x35, 0x00, 0x00, 0xff, 0xff, 0x00, 0x15,
  0xff, 0xf9, 0x03, 0xe3, 0x02, 0xc4, 0x00, 0x22, 0x02, 0x07, 0x00, 0x00,
  0x00, 0x23, 0x02, 0x1a, 0x01, 0x04, 0x00, 0x00, 0x00, 0x23, 0x01, 0xfd,
  0x01, 0xda, 0x00, 0x00, 0x00, 0x03, 0x01, 0xfd, 0x02, 0xe9, 0x00, 0x00,
  0x00, 0x02, 0x00, 0x1d, 0xff, 0xcd, 0x01, 0x91, 0x02, 0xef, 0x00, 0x15,
  0x00, 0x23, 0x00, 0x20, 0x40, 0x1d, 0x20, 0x19, 0x0f, 0x04, 0x04, 0x01,
  0x00, 0x01, 0x4c, 0x00, 0x00, 0x01, 0x00, 0x85, 0x02, 0x01, 0x01, 0x01,
  0x76, 0x00, 0x00, 0x00, 0x15, 0x00, 0x13, 0x38, 0x03, 0x06, 0x17, 0x2b,
  0x16, 0x27, 0x03, 0x26, 0x35, 0x34, 0x37, 0x13, 0x36, 0x33, 0x33, 0x32,
  0x17, 0x13, 0x16, 0x15, 0x14, 0x07, 0x03, 0x06, 0x23, 0x23, 0x36, 0x32,
  0x37, 0x13, 0x36, 0x27, 0x03, 0x26, 0x26, 0x07, 0x03, 0x06, 0x17, 0x13,
  0xad, 0x03, 0x8c, 0x01, 0x01, 0x8d, 0x03, 0x0b, 0x3b, 0x0b, 0x03, 0x8d,
  0x02, 0x02, 0x8c, 0x03, 0x0b, 0x3d, 0x1d, 0x04, 0x01, 0x5b, 0x01, 0x01,
  0x5b, 0x01, 0x04, 0x01, 0x5c, 0x01, 0x01, 0x5c, 0x33, 0x0a, 0x01, 0x7f,
  0x03, 0x05, 0x06, 0x02, 0x01, 0x7f, 0x0a, 0x0a, 0xfe, 0x81, 0x04, 0x04,
  0x02, 0x06, 0xfe, 0x81, 0x0a, 0x7b, 0x03, 0x01, 0x10, 0x03, 0x03, 0x01,
  0x0b, 0x03, 0x01, 0x03, 0xfe, 0xf4, 0x03, 0x03, 0xfe, 0xf0, 0x00, 0x00,
  0x00, 0x02, 0x00, 0x26, 0xff, 0xb2, 0x02, 0xd2, 0x02, 0x81, 0x00, 0x55,
  0x00, 0x69, 0x01, 0x21, 0x4b, 0xb0, 0x1a, 0x50, 0x58, 0x40, 0x17, 0x1f,
  0x01, 0x09, 0x02, 0x66, 0x25, 0x02, 0x04, 0x09, 0x0a, 0x01, 0x00, 0x04,
  0x41, 0x01, 0x06, 0x00, 0x46, 0x01, 0x07, 0x06, 0x05, 0x4c, 0x1b, 0x4b,
  0xb0, 0x26, 0x50, 0x58, 0x40, 0x17, 0x1f, 0x01, 0x09, 0x02, 0x66, 0x25,
  0x02, 0x04, 0x09, 0x0a, 0x01, 0x00, 0x0a, 0x41, 0x01, 0x06, 0x00, 0x46,
  0x01, 0x07, 0x06, 0x05, 0x4c, 0x1b, 0x40, 0x17, 0x1f, 0x01, 0x09, 0x03,
  0x66, 0x25, 0x02, 0x04, 0x09, 0x0a, 0x01, 0x00, 0x0a, 0x41, 0x01, 0x06,
  0x00, 0x46, 0x01, 0x07, 0x06, 0x05, 0x4c, 0x59, 0x59, 0x4b, 0xb0, 0x1a,
  0x50, 0x58, 0x40, 0x2d, 0x0b, 0x01, 0x08, 0x00, 0x05, 0x02, 0x08, 0x05,
  0x69, 0x03, 0x01, 0x02, 0x00, 0x09, 0x04, 0x02, 0x09, 0x69, 0x0c, 0x0a,
  0x02, 0x04, 0x01, 0x01, 0x00, 0x06, 0x04, 0x00, 0x6a, 0x00, 0x06, 0x07,
  0x07, 0x06, 0x59, 0x00, 0x06, 0x06, 0x07, 0x61, 0x00, 0x07, 0x06, 0x07,
  0x51, 0x1b, 0x4b, 0xb0, 0x26, 0x50, 0x58, 0x40, 0x32, 0x0b, 0x01, 0x08,
  0x00, 0x05, 0x02, 0x08, 0x05, 0x69, 0x03, 0x01, 0x02, 0x00, 0x09, 0x04,
  0x02, 0x09, 0x69, 0x00, 0x04, 0x0a, 0x00, 0x04, 0x59, 0x0c, 0x01, 0x0a,
  0x01, 0x01, 0x00, 0x06, 0x0a, 0x00, 0x69, 0x00, 0x06, 0x07, 0x07, 0x06,
  0x59, 0x00, 0x06, 0x06, 0x07, 0x61, 0x00, 0x07, 0x06, 0x07, 0x51, 0x1b,
  0x40, 0x39, 0x00, 0x03, 0x02, 0x09, 0x02, 0x03, 0x09, 0x80, 0x0b, 0x01,
  0x08, 0x00, 0x05, 0x02, 0x08, 0x05, 0x69, 0x00, 0x02, 0x00, 0x09, 0x04,
  0x02, 0x09, 0x69, 0x00, 0x04, 0x0a, 0x00, 0x04, 0x59, 0x0c, 0x01, 0x0a,
  0x01, 0x01, 0x00, 0x06, 0x0a, 0x00, 0x69, 0x00, 0x06, 0x07, 0x07, 0x06,
  0x59, 0x00, 0x06, 0x06, 0x07, 0x61, 0x00, 0x07, 0x06, 0x07, 0x51, 0x59,
  0x59, 0x40, 0x19, 0x56, 0x56, 0x00, 0x00, 0x56, 0x69, 0x56, 0x68, 0x60,
  0x5e, 0x00, 0x55, 0x00, 0x54, 0x2c, 0x28, 0x27, 0x26, 0x36, 0x28, 0x25,
  0x27, 0x0d, 0x0a, 0x1e, 0x2b, 0x00, 0x16, 0x16, 0x15, 0x14, 0x07, 0x06,
  0x06, 0x23, 0x22, 0x27, 0x26, 0x07, 0x06, 0x06, 0x23, 0x22, 0x26, 0x35,
  0x34, 0x37, 0x37, 0x36, 0x37, 0x36, 0x33, 0x32, 0x16, 0x17, 0x16, 0x35,
  0x35, 0x36, 0x33, 0x33, 0x32, 0x07, 0x07, 0x06, 0x15, 0x14, 0x16, 0x33,
  0x32, 0x36, 0x37, 0x36, 0x35, 0x34, 0x26, 0x26, 0x23, 0x22, 0x06, 0x06,
  0x07, 0x06, 0x15, 0x14, 0x16, 0x16, 0x33, 0x32, 0x37, 0x36, 0x33, 0x32,
  0x17, 0x17, 0x16, 0x15, 0x14, 0x07, 0x06, 0x06, 0x23, 0x22, 0x26, 0x26,
  0x35, 0x34, 0x37, 0x3e, 0x02, 0x33, 0x02, 0x36, 0x3f, 0x04, 0x36, 0x26,
  0x23, 0x22, 0x06, 0x07, 0x07, 0x06, 0x15, 0x07, 0x06, 0x16, 0x33, 0x01,
  0xfe, 0x88, 0x4c, 0x03, 0x0d, 0x66, 0x4b, 0x40, 0x22, 0x04, 0x03, 0x0f,
  0x2c, 0x16, 0x33, 0x3b, 0x05, 0x04, 0x02, 0x06, 0x12, 0x63, 0x0d, 0x1d,
  0x0c, 0x07, 0x01, 0x0c, 0x38, 0x0c, 0x01, 0x18, 0x01, 0x20, 0x1a, 0x24,
  0x31, 0x08, 0x03, 0x38, 0x65, 0x42, 0x48, 0x7e, 0x54, 0x0a, 0x03, 0x3c,
  0x62, 0x38, 0x4b, 0x3c, 0x05, 0x03, 0x06, 0x03, 0x1a, 0x02, 0x05, 0x24,
  0x61, 0x38, 0x50, 0x80, 0x49, 0x04, 0x0d, 0x6c, 0xa5, 0x5e, 0x35, 0x1b,
  0x04, 0x03, 0x01, 0x0a, 0x02, 0x03, 0x15, 0x13, 0x13, 0x1c, 0x03, 0x03,
  0x06, 0x08, 0x01, 0x14, 0x13, 0x02, 0x81, 0x48, 0x83, 0x56, 0x19, 0x1a,
  0x61, 0x6d, 0x28, 0x03, 0x04, 0x15, 0x13, 0x3c, 0x2f, 0x11, 0x20, 0x21,
  0x18, 0x28, 0x72, 0x0a, 0x0b, 0x05, 0x07, 0x02, 0x0b, 0x0d, 0xb8, 0x06,
  0x0c, 0x22, 0x24, 0x49, 0x3c, 0x17, 0x14, 0x43, 0x64, 0x36, 0x4b, 0x85,
  0x54, 0x18, 0x16, 0x49, 0x69, 0x36, 0x2a, 0x03, 0x06, 0x2a, 0x03, 0x05,
  0x05, 0x04, 0x19, 0x1e, 0x49, 0x87, 0x5b, 0x20, 0x1b, 0x68, 0xa5, 0x5c,
  0xfe, 0x20, 0x1c, 0x17, 0x15, 0x0a, 0x53, 0x11, 0x16, 0x1c, 0x1c, 0x16,
  0x15, 0x27, 0x07, 0x40, 0x18, 0x1b, 0x00, 0x00, 0x00, 0x03, 0x00, 0x20,
  0xff, 0xf7, 0x02, 0x1e, 0x02, 0xc4, 0x00, 0x35, 0x00, 0x43, 0x00, 0x50,
  0x00, 0x67, 0x40, 0x11, 0x49, 0x45, 0x3d, 0x31, 0x25, 0x20, 0x11, 0x07,
  0x04, 0x03, 0x07, 0x01, 0x02, 0x00, 0x04, 0x02, 0x4c, 0x4b, 0xb0, 0x1a,
  0x50, 0x58, 0x40, 0x18, 0x05, 0x01, 0x03, 0x03, 0x02, 0x61, 0x00, 0x02,
  0x02, 0x42, 0x4d, 0x06, 0x01, 0x04, 0x04, 0x00, 0x61, 0x01, 0x01, 0x00,
  0x00, 0x3d, 0x00, 0x4e, 0x1b, 0x40, 0x1c, 0x05, 0x01, 0x03, 0x03, 0x02,
  0x61, 0x00, 0x02, 0x02, 0x42, 0x4d, 0x00, 0x00, 0x00, 0x3d, 0x4d, 0x06,
  0x01, 0x04, 0x04, 0x01, 0x61, 0x00, 0x01, 0x01, 0x43, 0x01, 0x4e, 0x59,
  0x40, 0x12, 0x44, 0x44, 0x36, 0x36, 0x44, 0x50, 0x44, 0x4f, 0x36, 0x43,
  0x36, 0x42, 0x2c, 0x25, 0x23, 0x07, 0x0a, 0x19, 0x2b, 0x24, 0x15, 0x14,
  0x23, 0x23, 0x22, 0x27, 0x27, 0x26, 0x07, 0x06, 0x23, 0x22, 0x26, 0x35,
  0x34, 0x36, 0x37, 0x36, 0x27, 0x26, 0x26, 0x35, 0x34, 0x36, 0x33, 0x32,
  0x16, 0x16, 0x15, 0x14, 0x06, 0x07, 0x06, 0x17, 0x16, 0x17, 0x17, 0x16,
  0x32, 0x37, 0x36, 0x37, 0x36, 0x17, 0x17, 0x16, 0x07, 0x06, 0x07, 0x06,
  0x17, 0x16, 0x17, 0x00, 0x06, 0x15, 0x14, 0x16, 0x17, 0x16, 0x37, 0x36,
  0x36, 0x35, 0x34, 0x26, 0x23, 0x12, 0x37, 0x36, 0x2f, 0x02, 0x26, 0x07,
  0x06, 0x15, 0x14, 0x16, 0x33, 0x02, 0x1e, 0x0a, 0x63, 0x09, 0x06, 0x1d,
  0x03, 0x04, 0x48, 0x5d, 0x56, 0x63, 0x3c, 0x34, 0x04, 0x03, 0x30, 0x1c,
  0x5d, 0x4d, 0x33, 0x50, 0x2e, 0x3f, 0x36, 0x04, 0x03, 0x04, 0x22, 0x34,
  0x02, 0x04, 0x01, 0x19, 0x15, 0x06, 0x0b, 0x44, 0x0a, 0x06, 0x22, 0x24,
  0x03, 0x02, 0x19, 0x37, 0xfe, 0xbd, 0x1f, 0x0f, 0x1d, 0x03, 0x04, 0x1f,
  0x21, 0x21, 0x19, 0x1f, 0x2f, 0x04, 0x03, 0x25, 0x45, 0x03, 0x04, 0x3c,
  0x2a, 0x26, 0x0b, 0x04, 0x07, 0x07, 0x27, 0x03, 0x02, 0x38, 0x58, 0x54,
  0x42, 0x5d, 0x29, 0x03, 0x04, 0x43, 0x3f, 0x25, 0x4e, 0x5d, 0x2b, 0x4e,
  0x33, 0x3e, 0x59, 0x29, 0x03, 0x04, 0x06, 0x2e, 0x47, 0x02, 0x02, 0x23,
  0x29, 0x0b, 0x06, 0x27, 0x07, 0x09, 0x41, 0x30, 0x04, 0x03, 0x1f, 0x4a,
  0x02, 0x4c, 0x27, 0x1f, 0x16, 0x24, 0x2a, 0x05, 0x03, 0x19, 0x32, 0x1d,
  0x1e, 0x26, 0xfe, 0x00, 0x27, 0x03, 0x04, 0x30, 0x5a, 0x04, 0x03, 0x32,
  0x36, 0x23, 0x2e, 0x00, 0x00, 0x01, 0x00, 0x19, 0xff, 0x38, 0x01, 0xbc,
  0x02, 0xbc, 0x00, 0x23, 0x00, 0x4a, 0x40, 0x0a, 0x1a, 0x12, 0x11, 0x0c,
  0x04, 0x05, 0x00, 0x01, 0x01, 0x4c, 0x4b, 0xb0, 0x2e, 0x50, 0x58, 0x40,
  0x12, 0x00, 0x01, 0x01, 0x03, 0x5f, 0x04, 0x01, 0x03, 0x03, 0x3c, 0x4d,
  0x02, 0x01, 0x00, 0x00, 0x41, 0x00, 0x4e, 0x1b, 0x40, 0x12, 0x02, 0x01,
  0x00, 0x01, 0x00, 0x86, 0x00, 0x01, 0x01, 0x03, 0x5f, 0x04, 0x01, 0x03,
  0x03, 0x3c, 0x01, 0x4e, 0x59, 0x40, 0x0c, 0x00, 0x00, 0x00, 0x23, 0x00,
  0x22, 0x25, 0x16, 0x26, 0x05, 0x0a, 0x19, 0x2b, 0x01, 0x32, 0x16, 0x15,
  0x11, 0x14, 0x06, 0x23, 0x23, 0x22, 0x26, 0x35, 0x11, 0x34, 0x23, 0x23,
  0x22, 0x15, 0x11, 0x14, 0x06, 0x23, 0x23, 0x22, 0x26, 0x35, 0x11, 0x34,
  0x27, 0x26, 0x26, 0x35, 0x34, 0x36, 0x36, 0x33, 0x01, 0xb0, 0x05, 0x07,
  0x07, 0x05, 0x49, 0x05, 0x07, 0x05, 0x39, 0x05, 0x07, 0x05, 0x4a, 0x05,
  0x07, 0x05, 0x46, 0x52, 0x2e, 0x55, 0x38, 0x02, 0xbc, 0x07, 0x05, 0xfc,
  0x94, 0x05, 0x07, 0x07, 0x05, 0x03, 0x14, 0x05, 0x05, 0xfc, 0xec, 0x05,
  0x07, 0x07, 0x05, 0x01, 0xb3, 0x04, 0x02, 0x0d, 0x78, 0x59, 0x40, 0x67,
  0x3a, 0x00, 0x00, 0x00, 0x00, 0x02, 0x00, 0x22, 0xff, 0x34, 0x01, 0x85,
  0x02, 0xc4, 0x00, 0x4c, 0x00, 0x5e, 0x00, 0xd3, 0x40, 0x0a, 0x2a, 0x01,
  0x03, 0x04, 0x03, 0x01, 0x01, 0x00, 0x02, 0x4c, 0x4b, 0xb0, 0x0e, 0x50,
  0x58, 0x40, 0x32, 0x00, 0x03, 0x04, 0x06, 0x04, 0x03, 0x72, 0x00, 0x06,
  0x07, 0x04, 0x06, 0x07, 0x7e, 0x09, 0x01, 0x07, 0x00, 0x04, 0x07, 0x00,
  0x7e, 0x00, 0x00, 0x01, 0x01, 0x00, 0x70, 0x00, 0x04, 0x04, 0x02, 0x61,
  0x00, 0x02, 0x02, 0x42, 0x4d, 0x00, 0x01, 0x01, 0x05, 0x62, 0x08, 0x01,
  0x05, 0x05, 0x47, 0x05, 0x4e, 0x1b, 0x4b, 0xb0, 0x2e, 0x50, 0x58, 0x40,
  0x34, 0x00, 0x03, 0x04, 0x06, 0x04, 0x03, 0x06, 0x80, 0x00, 0x06, 0x07,
  0x04, 0x06, 0x07, 0x7e, 0x09, 0x01, 0x07, 0x00, 0x04, 0x07, 0x00, 0x7e,
  0x00, 0x00, 0x01, 0x04, 0x00, 0x01, 0x7e, 0x00, 0x04, 0x04, 0x02, 0x61,
  0x00, 0x02, 0x02, 0x42, 0x4d, 0x00, 0x01, 0x01, 0x05, 0x62, 0x08, 0x01,
  0x05, 0x05, 0x47, 0x05, 0x4e, 0x1b, 0x40, 0x31, 0x00, 0x03, 0x04, 0x06,
  0x04, 0x03, 0x06, 0x80, 0x00, 0x06, 0x07, 0x04, 0x06, 0x07, 0x7e, 0x09,
  0x01, 0x07, 0x00, 0x04, 0x07, 0x00, 0x7e, 0x00, 0x00, 0x01, 0x04, 0x00,
  0x01, 0x7e, 0x00, 0x01, 0x08, 0x01, 0x05, 0x01, 0x05, 0x66, 0x00, 0x04,
  0x04, 0x02, 0x61, 0x00, 0x02, 0x02, 0x42, 0x04, 0x4e, 0x59, 0x59, 0x40,
  0x19, 0x4d, 0x4d, 0x00, 0x00, 0x4d, 0x5e, 0x4d, 0x5d, 0x56, 0x54, 0x00,
  0x4c, 0x00, 0x4b, 0x36, 0x34, 0x2e, 0x2c, 0x27, 0x25, 0x26, 0x25, 0x0a,
  0x0a, 0x18, 0x2b, 0x16, 0x26, 0x35, 0x35, 0x34, 0x36, 0x33, 0x33, 0x32,
  0x16, 0x15, 0x15, 0x14, 0x16, 0x33, 0x32, 0x36, 0x35, 0x34, 0x26, 0x26,
  0x27, 0x26, 0x26, 0x27, 0x26, 0x35, 0x34, 0x37, 0x36, 0x37, 0x36, 0x27,
  0x26, 0x35, 0x34, 0x36, 0x36, 0x33, 0x32, 0x16, 0x15, 0x15, 0x14, 0x06,
  0x23, 0x23, 0x22, 0x26, 0x35, 0x35, 0x34, 0x26, 0x23, 0x22, 0x06, 0x15,
  0x14, 0x16, 0x17, 0x16, 0x16, 0x17, 0x16, 0x15, 0x14, 0x07, 0x06, 0x07,
  0x06, 0x17, 0x16, 0x16, 0x15, 0x14, 0x06, 0x23, 0x12, 0x37, 0x36, 0x35,
  0x34, 0x27, 0x26, 0x26, 0x23, 0x22, 0x06, 0x07, 0x06, 0x15, 0x14, 0x17,
  0x16, 0x33, 0x85, 0x5f, 0x07, 0x05, 0x5c, 0x05, 0x07, 0x20, 0x19, 0x19,
  0x21, 0x20, 0x29, 0x25, 0x2c, 0x34, 0x0e, 0x0e, 0x1b, 0x15, 0x21, 0x06,
  0x05, 0x53, 0x2c, 0x50, 0x33, 0x4d, 0x60, 0x07, 0x05, 0x5c, 0x05, 0x07,
  0x20, 0x19, 0x1a, 0x20, 0x2c, 0x31, 0x31, 0x33, 0x12, 0x1b, 0x14, 0x18,
  0x27, 0x06, 0x06, 0x26, 0x29, 0x62, 0x4d, 0x25, 0x10, 0x0a, 0x10, 0x08,
  0x18, 0x0e, 0x11, 0x19, 0x07, 0x0a, 0x0a, 0x0f, 0x23, 0xcc, 0x59, 0x49,
  0x0f, 0x05, 0x07, 0x07, 0x05, 0x07, 0x1f, 0x27, 0x27, 0x1d, 0x19, 0x26,
  0x1a, 0x12, 0x17, 0x2c, 0x21, 0x20, 0x2c, 0x34, 0x28, 0x21, 0x11, 0x04,
  0x03, 0x3d, 0x58, 0x2f, 0x4a, 0x2a, 0x5d, 0x4b, 0x0b, 0x05, 0x07, 0x07,
  0x05, 0x06, 0x20, 0x29, 0x29, 0x1e, 0x24, 0x2c, 0x18, 0x18, 0x21, 0x19,
  0x27, 0x34, 0x33, 0x25, 0x2e, 0x11, 0x04, 0x03, 0x1a, 0x44, 0x31, 0x49,
  0x5a, 0x01, 0x77, 0x20, 0x16, 0x1b, 0x21, 0x15, 0x0b, 0x0d, 0x13, 0x0d,
  0x14, 0x1c, 0x1d, 0x13, 0x1f, 0x00, 0x00, 0x00, 0x00, 0x03, 0x00, 0x2a,
  0xff, 0xf8, 0x02, 0xfd, 0x02, 0xc4, 0x00, 0x0f, 0x00, 0x1f, 0x00, 0x4a,
  0x00, 0xb4, 0xb1, 0x06, 0x64, 0x44, 0xb5, 0x29, 0x01, 0x05, 0x06, 0x01,
  0x4c, 0x4b, 0xb0, 0x18, 0x50, 0x58, 0x40, 0x3a, 0x00, 0x05, 0x06, 0x08,
  0x06, 0x05, 0x72, 0x00, 0x08, 0x07, 0x06, 0x08, 0x07, 0x7e, 0x00, 0x00,
  0x00, 0x02, 0x04, 0x00, 0x02, 0x69, 0x00, 0x04, 0x00, 0x06, 0x05, 0x04,
  0x06, 0x69, 0x00, 0x07, 0x0c, 0x01, 0x09, 0x03, 0x07, 0x09, 0x69, 0x0b,
  0x01, 0x03, 0x01, 0x01, 0x03, 0x59, 0x0b, 0x01, 0x03, 0x03, 0x01, 0x62,
  0x0a, 0x01, 0x01, 0x03, 0x01, 0x52, 0x1b, 0x40, 0x3b, 0x00, 0x05, 0x06,
  0x08, 0x06, 0x05, 0x08, 0x80, 0x00, 0x08, 0x07, 0x06, 0x08, 0x07, 0x7e,
  0x00, 0x00, 0x00, 0x02, 0x04, 0x00, 0x02, 0x69, 0x00, 0x04, 0x00, 0x06,
  0x05, 0x04, 0x06, 0x69, 0x00, 0x07, 0x0c, 0x01, 0x09, 0x03, 0x07, 0x09,
  0x69, 0x0b, 0x01, 0x03, 0x01, 0x01, 0x03, 0x59, 0x0b, 0x01, 0x03, 0x03,
  0x01, 0x62, 0x0a, 0x01, 0x01, 0x03, 0x01, 0x52, 0x59, 0x40, 0x22, 0x20,
  0x20, 0x10, 0x10, 0x00, 0x00, 0x20, 0x4a, 0x20, 0x49, 0x43, 0x41, 0x3c,
  0x3a, 0x35, 0x33, 0x2f, 0x2c, 0x27, 0x25, 0x10, 0x1f, 0x10, 0x1e, 0x18,
  0x16, 0x00, 0x0f, 0x00, 0x0e, 0x26, 0x0d, 0x0a, 0x17, 0x2b, 0xb1, 0x06,
  0x00, 0x44, 0x04, 0x26, 0x26, 0x35, 0x34, 0x36, 0x36, 0x33, 0x32, 0x16,
  0x16, 0x15, 0x14, 0x06, 0x06, 0x23, 0x3e, 0x02, 0x35, 0x34, 0x26, 0x26,
  0x23, 0x22, 0x06, 0x06, 0x15, 0x14, 0x16, 0x16, 0x33, 0x26, 0x26, 0x35,
  0x35, 0x34, 0x36, 0x33, 0x32, 0x16, 0x15, 0x15, 0x14, 0x06, 0x23, 0x07,
  0x22, 0x35, 0x35, 0x34, 0x26, 0x23, 0x22, 0x06, 0x15, 0x15, 0x14, 0x16,
  0x33, 0x32, 0x36, 0x35, 0x35, 0x34, 0x36, 0x33, 0x17, 0x32, 0x16, 0x15,
  0x15, 0x14, 0x06, 0x23, 0x01, 0x2d, 0xa5, 0x5e, 0x5e, 0xa5, 0x66, 0x66,
  0xa5, 0x5f, 0x5f, 0xa5, 0x66, 0x53, 0x86, 0x4d, 0x4d, 0x86, 0x53, 0x53,
  0x86, 0x4d, 0x4c, 0x87, 0x53, 0x2a, 0x33, 0x33, 0x2b, 0x2b, 0x35, 0x07,
  0x05, 0x26, 0x0c, 0x13, 0x0f, 0x0e, 0x12, 0x12, 0x0e, 0x10, 0x12, 0x07,
  0x05, 0x26, 0x05, 0x07, 0x35, 0x2b, 0x08, 0x5e, 0xa5, 0x65, 0x64, 0xa3,
  0x5d, 0x5d, 0xa3, 0x64, 0x65, 0xa5, 0x5e, 0x42, 0x4d, 0x87, 0x52, 0x51,
  0x85, 0x4c, 0x4c, 0x85, 0x51, 0x52, 0x87, 0x4d, 0x7a, 0x32, 0x29, 0x9b,
  0x29, 0x31, 0x31, 0x29, 0x01, 0x05, 0x08, 0x02, 0x0c, 0x09, 0x0d, 0x12,
  0x12, 0x0d, 0xa5, 0x0e, 0x11, 0x11, 0x0e, 0x08, 0x05, 0x07, 0x02, 0x07,
  0x05, 0x01, 0x29, 0x32, 0x00, 0x04, 0x00, 0x11, 0x01, 0x39, 0x01, 0xa3,
  0x02, 0xc7, 0x00, 0x0f, 0x00, 0x1f, 0x00, 0x41, 0x00, 0x4e, 0x00, 0xfd,
  0xb1, 0x06, 0x64, 0x44, 0x40, 0x13, 0x3a, 0x01, 0x09, 0x07, 0x44, 0x43,
  0x02, 0x08, 0x09, 0x21, 0x01, 0x05, 0x08, 0x32, 0x01, 0x04, 0x05, 0x04,
  0x4c, 0x4b, 0xb0, 0x09, 0x50, 0x58, 0x40, 0x38, 0x00, 0x08, 0x09, 0x05,
  0x09, 0x08, 0x05, 0x80, 0x00, 0x05, 0x04, 0x09, 0x05, 0x70, 0x06, 0x01,
  0x04, 0x03, 0x09, 0x04, 0x70, 0x0a, 0x01, 0x01, 0x00, 0x02, 0x07, 0x01,
  0x02, 0x69, 0x00, 0x07, 0x00, 0x09, 0x08, 0x07, 0x09, 0x69, 0x0b, 0x01,
  0x03, 0x00, 0x00, 0x03, 0x59, 0x0b, 0x01, 0x03, 0x03, 0x00, 0x61, 0x00,
  0x00, 0x03, 0x00, 0x51, 0x1b, 0x4b, 0xb0, 0x11, 0x50, 0x58, 0x40, 0x39,
  0x00, 0x08, 0x09, 0x05, 0x09, 0x08, 0x05, 0x80, 0x00, 0x05, 0x04, 0x09,
  0x05, 0x70, 0x06, 0x01, 0x04, 0x03, 0x09, 0x04, 0x03, 0x7e, 0x0a, 0x01,
  0x01, 0x00, 0x02, 0x07, 0x01, 0x02, 0x69, 0x00, 0x07, 0x00, 0x09, 0x08,
  0x07, 0x09, 0x69, 0x0b, 0x01, 0x03, 0x00, 0x00, 0x03, 0x59, 0x0b, 0x01,
  0x03, 0x03, 0x00, 0x61, 0x00, 0x00, 0x03, 0x00, 0x51, 0x1b, 0x40, 0x3a,
  0x00, 0x08, 0x09, 0x05, 0x09, 0x08, 0x05, 0x80, 0x00, 0x05, 0x04, 0x09,
  0x05, 0x04, 0x7e, 0x06, 0x01, 0x04, 0x03, 0x09, 0x04, 0x03, 0x7e, 0x0a,
  0x01, 0x01, 0x00, 0x02, 0x07, 0x01, 0x02, 0x69, 0x00, 0x07, 0x00, 0x09,
  0x08, 0x07, 0x09, 0x69, 0x0b, 0x01, 0x03, 0x00, 0x00, 0x03, 0x59, 0x0b,
  0x01, 0x03, 0x03, 0x00, 0x61, 0x00, 0x00, 0x03, 0x00, 0x51, 0x59, 0x59,
  0x40, 0x1e, 0x10, 0x10, 0x00, 0x00, 0x4e, 0x4c, 0x48, 0x46, 0x3f, 0x3c,
  0x36, 0x34, 0x30, 0x2e, 0x2a, 0x27, 0x10, 0x1f, 0x10, 0x1e, 0x18, 0x16,
  0x00, 0x0f, 0x00, 0x0e, 0x26, 0x0c, 0x0a, 0x17, 0x2b, 0xb1, 0x06, 0x00,
  0x44, 0x00, 0x16, 0x16, 0x15, 0x14, 0x06, 0x06, 0x23, 0x22, 0x26, 0x26,
  0x35, 0x34, 0x36, 0x36, 0x33, 0x12, 0x36, 0x36, 0x35, 0x34, 0x26, 0x26,
  0x23, 0x22, 0x06, 0x06, 0x15, 0x14, 0x16, 0x16, 0x33, 0x36, 0x07, 0x06,
  0x17, 0x17, 0x16, 0x15, 0x14, 0x23, 0x23, 0x22, 0x27, 0x27, 0x26, 0x23,
  0x23, 0x22, 0x15, 0x15, 0x14, 0x06, 0x23, 0x23, 0x22, 0x26, 0x35, 0x35,
  0x34, 0x36, 0x33, 0x33, 0x32, 0x16, 0x15, 0x26, 0x15, 0x15, 0x14, 0x33,
  0x33, 0x32, 0x36, 0x35, 0x34, 0x26, 0x23, 0x23, 0x01, 0x12, 0x5c, 0x35,
  0x35, 0x5c, 0x38, 0x38, 0x5c, 0x35, 0x35, 0x5c, 0x38, 0x2a, 0x44, 0x27,
  0x27, 0x45, 0x29, 0x2a, 0x44, 0x27, 0x27, 0x44, 0x2a, 0x44, 0x19, 0x03,
  0x01, 0x17, 0x01, 0x0b, 0x13, 0x0a, 0x03, 0x16, 0x02, 0x03, 0x06, 0x05,
  0x07, 0x05, 0x11, 0x05, 0x07, 0x07, 0x05, 0x38, 0x1a, 0x1f, 0x54, 0x05,
  0x10, 0x0a, 0x0c, 0x0c, 0x0a, 0x10, 0x02, 0xc7, 0x34, 0x59, 0x37, 0x39,
  0x5c, 0x35, 0x35, 0x5c, 0x39, 0x37, 0x59, 0x34, 0xfe, 0xa5, 0x27, 0x45,
  0x2b, 0x28, 0x43, 0x27, 0x27, 0x43, 0x28, 0x2b, 0x45, 0x27, 0x97, 0x0e,
  0x02, 0x04, 0x3b, 0x02, 0x03, 0x09, 0x0a, 0x3a, 0x04, 0x05, 0x37, 0x05,
  0x07, 0x07, 0x05, 0x9f, 0x05, 0x07, 0x20, 0x19, 0x16, 0x05, 0x23, 0x05,
  0x0d, 0x09, 0x0a, 0x0d, 0x00, 0x02, 0x00, 0x0e, 0x01, 0x5d, 0x01, 0xfa,
  0x02, 0xbc, 0x00, 0x1d, 0x00, 0x4b, 0x00, 0x3f, 0x40, 0x3c, 0x41, 0x0b,
  0x03, 0x03, 0x01, 0x00, 0x48, 0x39, 0x35, 0x2c, 0x24, 0x1a, 0x12, 0x11,
  0x08, 0x02, 0x01, 0x02, 0x4c, 0x06, 0x05, 0x02, 0x02, 0x01, 0x02, 0x86,
  0x07, 0x04, 0x02, 0x00, 0x01, 0x01, 0x00, 0x59, 0x07, 0x04, 0x02, 0x00,
  0x00, 0x01, 0x61, 0x03, 0x01, 0x01, 0x00, 0x01, 0x51, 0x46, 0x43, 0x3d,
  0x3b, 0x26, 0x21, 0x16, 0x25, 0x26, 0x25, 0x08, 0x06, 0x1c, 0x2b, 0x12,
  0x26, 0x35, 0x35, 0x34, 0x36, 0x33, 0x33, 0x32, 0x16, 0x15, 0x15, 0x14,
  0x06, 0x23, 0x23, 0x22, 0x15, 0x11, 0x14, 0x06, 0x23, 0x23, 0x22, 0x26,
  0x35, 0x11, 0x34, 0x23, 0x23, 0x24, 0x33, 0x33, 0x32, 0x16, 0x15, 0x11,
  0x14, 0x06, 0x23, 0x23, 0x22, 0x26, 0x35, 0x35, 0x34, 0x26, 0x07, 0x07,
  0x06, 0x23, 0x22, 0x27, 0x27, 0x26, 0x06, 0x15, 0x15, 0x14, 0x06, 0x23,
  0x23, 0x22, 0x26, 0x35, 0x11, 0x34, 0x36, 0x33, 0x33, 0x32, 0x17, 0x17,
  0x16, 0x37, 0x37, 0x15, 0x07, 0x07, 0x05, 0xc4, 0x05, 0x07, 0x07, 0x05,
  0x3e, 0x05, 0x07, 0x05, 0x29, 0x05, 0x07, 0x05, 0x3b, 0x01, 0xa1, 0x0a,
  0x29, 0x05, 0x07, 0x07, 0x05, 0x29, 0x05, 0x07, 0x04, 0x02, 0x25, 0x04,
  0x03, 0x04, 0x04, 0x26, 0x02, 0x04, 0x07, 0x05, 0x29, 0x05, 0x07, 0x07,
  0x05, 0x2a, 0x0b, 0x04, 0x2c, 0x03, 0x03, 0x2d, 0x02, 0x84, 0x07, 0x05,
  0x20, 0x05, 0x07, 0x07, 0x05, 0x20, 0x05, 0x07, 0x05, 0xfe, 0xea, 0x05,
  0x07, 0x07, 0x05, 0x01, 0x16, 0x05, 0x38, 0x07, 0x05, 0xfe, 0xb9, 0x05,
  0x07, 0x07, 0x05, 0xe4, 0x04, 0x01, 0x03, 0x46, 0x08, 0x08, 0x47, 0x03,
  0x01, 0x04, 0xe5, 0x05, 0x07, 0x07, 0x05, 0x01, 0x47, 0x05, 0x07, 0x09,
  0x52, 0x04, 0x04, 0x53, 0x00, 0x02, 0x00, 0x11, 0x01, 0xde, 0x01, 0x56,
  0x03, 0x28, 0x00, 0x0f, 0x00, 0x1b, 0x00, 0x38, 0xb1, 0x06, 0x64, 0x44,
  0x40, 0x2d, 0x00, 0x00, 0x00, 0x02, 0x03, 0x00, 0x02, 0x69, 0x05, 0x01,
  0x03, 0x01, 0x01, 0x03, 0x59, 0x05, 0x01, 0x03, 0x03, 0x01, 0x61, 0x04,
  0x01, 0x01, 0x03, 0x01, 0x51, 0x10, 0x10, 0x00, 0x00, 0x10, 0x1b, 0x10,
  0x1a, 0x16, 0x14, 0x00, 0x0f, 0x00, 0x0e, 0x26, 0x06, 0x0a, 0x17, 0x2b,
  0xb1, 0x06, 0x00, 0x44, 0x12, 0x26, 0x26, 0x35, 0x34, 0x36, 0x36, 0x33,
  0x32, 0x16, 0x16, 0x15, 0x14, 0x06, 0x06, 0x23, 0x36, 0x36, 0x35, 0x34,
  0x26, 0x23, 0x22, 0x06, 0x15, 0x14, 0x16, 0x33, 0x86, 0x4a, 0x2b, 0x2b,
  0x4a, 0x2d, 0x2d, 0x4b, 0x2b, 0x2b, 0x4b, 0x2d, 0x24, 0x32, 0x32, 0x24,
  0x24, 0x32, 0x32, 0x24, 0x01, 0xde, 0x2c, 0x4c, 0x2e, 0x2d, 0x4b, 0x2c,
  0x2c, 0x4b, 0x2d, 0x2e, 0x4c, 0x2c, 0x4d, 0x34, 0x25, 0x25, 0x34, 0x34,
  0x25, 0x25, 0x34, 0x00, 0x00, 0x01, 0x00, 0x00, 0x01, 0xd7, 0x00, 0xa3,
  0x02, 0xbc, 0x00, 0x0c, 0x00, 0x13, 0x40, 0x10, 0x00, 0x00, 0x00, 0x01,
  0x5f, 0x00, 0x01, 0x01, 0x3c, 0x00, 0x4e, 0x23, 0x34, 0x02, 0x0a, 0x18,
  0x2b, 0x12, 0x16, 0x07, 0x07, 0x06, 0x23, 0x23, 0x22, 0x37, 0x37, 0x36,
  0x33, 0x33, 0x9d, 0x06, 0x02, 0x42, 0x03, 0x0a, 0x45, 0x0d, 0x03, 0x2a,
  0x02, 0x0b, 0x5d, 0x02, 0xbc, 0x07, 0x07, 0xcd, 0x0a, 0x0d, 0xcd, 0x0b,
  0x00, 0x02, 0x00, 0x11, 0x01, 0xd7, 0x01, 0x4a, 0x02, 0xbc, 0x00, 0x0c,
  0x00, 0x19, 0x00, 0x17, 0x40, 0x14, 0x02, 0x01, 0x00, 0x00, 0x01, 0x5f,
  0x03, 0x01, 0x01, 0x01, 0x3c, 0x00, 0x4e, 0x23, 0x35, 0x23, 0x34, 0x04,
  0x0a, 0x1a, 0x2b, 0x12, 0x16, 0x07, 0x07, 0x06, 0x23, 0x23, 0x22, 0x37,
  0x37, 0x36, 0x33, 0x33, 0x32, 0x16, 0x07, 0x07, 0x06, 0x23, 0x23, 0x22,
  0x37, 0x37, 0x36, 0x33, 0x33, 0xac, 0x06, 0x02, 0x43, 0x03, 0x0a, 0x42,
  0x0d, 0x03, 0x2c, 0x02, 0x0b, 0x59, 0x9f, 0x05, 0x02, 0x44, 0x03, 0x0a,
  0x41, 0x0e, 0x03, 0x2e, 0x02, 0x0b, 0x59, 0x02, 0xbc, 0x07, 0x07, 0xcd,
  0x0a, 0x0d, 0xcd, 0x0b, 0x07, 0x07, 0xcd, 0x0a, 0x0d, 0xcd, 0x0b, 0x00,
  0x00, 0x01, 0x00, 0x1b, 0xff, 0xb0, 0x00, 0x8f, 0x02, 0xf8, 0x00, 0x0f,
  0x00, 0x1f, 0x40, 0x1c, 0x0b, 0x03, 0x02, 0x01, 0x00, 0x01, 0x4c, 0x00,
  0x00, 0x01, 0x01, 0x00, 0x57, 0x00, 0x00, 0x00, 0x01, 0x5f, 0x00, 0x01,
  0x00, 0x01, 0x4f, 0x26, 0x25, 0x02, 0x0a, 0x18, 0x2b, 0x16, 0x26, 0x35,
  0x11, 0x34, 0x36, 0x33, 0x33, 0x32, 0x16, 0x15, 0x11, 0x14, 0x06, 0x23,
  0x23, 0x22, 0x07, 0x07, 0x05, 0x5c, 0x05, 0x07, 0x07, 0x05, 0x5c, 0x50,
  0x07, 0x05, 0x03, 0x30, 0x05, 0x07, 0x07, 0x05, 0xfc, 0xd0, 0x05, 0x07,
  0x00, 0x02, 0x00, 0x1b, 0xff, 0xb0, 0x00, 0x8f, 0x02, 0xf8, 0x00, 0x0f,
  0x00, 0x1f, 0x00, 0x2e, 0x40, 0x2b, 0x0b, 0x03, 0x02, 0x01, 0x00, 0x1b,
  0x13, 0x02, 0x03, 0x02, 0x02, 0x4c, 0x00, 0x00, 0x00, 0x01, 0x02, 0x00,
  0x01, 0x67, 0x00, 0x02, 0x03, 0x03, 0x02, 0x57, 0x00, 0x02, 0x02, 0x03,
  0x5f, 0x00, 0x03, 0x02, 0x03, 0x4f, 0x26, 0x26, 0x26, 0x25, 0x04, 0x0a,
  0x1a, 0x2b, 0x12, 0x26, 0x35, 0x11, 0x34, 0x36, 0x33, 0x33, 0x32, 0x16,
  0x15, 0x11, 0x14, 0x06, 0x23, 0x23, 0x02, 0x26, 0x35, 0x11, 0x34, 0x36,
  0x33, 0x33, 0x32, 0x16, 0x15, 0x11, 0x14, 0x06, 0x23, 0x23, 0x22, 0x07,
  0x07, 0x05, 0x5c, 0x05, 0x07, 0x07, 0x05, 0x5c, 0x05, 0x07, 0x07, 0x05,
  0x5c, 0x05, 0x07, 0x07, 0x05, 0x5c, 0x01, 0x81, 0x07, 0x05, 0x01, 0x5f,
  0x05, 0x07, 0x07, 0x05, 0xfe, 0xa1, 0x05, 0x07, 0xfe, 0x2f, 0x07, 0x05,
  0x01, 0x5b, 0x05, 0x07, 0x07, 0x05, 0xfe, 0xa5, 0x05, 0x07, 0x00, 0x00,
  0x00, 0x01, 0x00, 0x1b, 0xff, 0x38, 0x01, 0x49, 0x02, 0xbc, 0x00, 0x2b,
  0x00, 0x56, 0x40, 0x13, 0x28, 0x20, 0x1f, 0x03, 0x03, 0x04, 0x19, 0x03,
  0x02, 0x00, 0x03, 0x12, 0x0a, 0x09, 0x03, 0x01, 0x00, 0x03, 0x4c, 0x4b,
  0xb0, 0x2e, 0x50, 0x58, 0x40, 0x15, 0x05, 0x01, 0x03, 0x02, 0x01, 0x00,
  0x01, 0x03, 0x00, 0x67, 0x00, 0x04, 0x04, 0x3c, 0x4d, 0x00, 0x01, 0x01,
  0x41, 0x01, 0x4e, 0x1b, 0x40, 0x15, 0x05, 0x01, 0x03, 0x02, 0x01, 0x00,
  0x01, 0x03, 0x00, 0x67, 0x00, 0x01, 0x01, 0x04, 0x5f, 0x00, 0x04, 0x04,
  0x3c, 0x01, 0x4e, 0x59, 0x40, 0x09, 0x16, 0x25, 0x26, 0x16, 0x25, 0x25,
  0x06, 0x0a, 0x1c, 0x2b, 0x00, 0x16, 0x15, 0x15, 0x14, 0x06, 0x23, 0x23,
  0x22, 0x15, 0x11, 0x14, 0x06, 0x23, 0x23, 0x22, 0x26, 0x35, 0x11, 0x34,
  0x23, 0x23, 0x22, 0x26, 0x35, 0x35, 0x34, 0x36, 0x33, 0x33, 0x32, 0x35,
  0x35, 0x34, 0x36, 0x33, 0x33, 0x32, 0x16, 0x15, 0x15, 0x14, 0x33, 0x33,
  0x01, 0x42, 0x07, 0x07, 0x05, 0x4c, 0x05, 0x07, 0x05, 0x5c, 0x05, 0x07,
  0x05, 0x4c, 0x05, 0x07, 0x07, 0x05, 0x4c, 0x05, 0x07, 0x05, 0x5c, 0x05,
  0x07, 0x05, 0x4c, 0x01, 0xcc, 0x07, 0x05, 0x40, 0x05, 0x07, 0x05, 0xfd,
  0xd5, 0x05, 0x07, 0x07, 0x05, 0x02, 0x2b, 0x05, 0x07, 0x05, 0x40, 0x05,
  0x07, 0x05, 0xdf, 0x05, 0x07, 0x07, 0x05, 0xdf, 0x05, 0x00, 0x00, 0x00,
  0x00, 0x02, 0x00, 0x2c, 0xff, 0xf8, 0x01, 0x7f, 0x02, 0xc3, 0x00, 0x2f,
  0x00, 0x3b, 0x00, 0x69, 0x40, 0x0f, 0x30, 0x2a, 0x1d, 0x13, 0x10, 0x0e,
  0x06, 0x00, 0x04, 0x06, 0x01, 0x01, 0x03, 0x02, 0x4c, 0x4b, 0xb0, 0x27,
  0x50, 0x58, 0x40, 0x1f, 0x00, 0x00, 0x04, 0x03, 0x03, 0x00, 0x72, 0x00,
  0x02, 0x00, 0x04, 0x00, 0x02, 0x04, 0x69, 0x00, 0x03, 0x01, 0x01, 0x03,
  0x59, 0x00, 0x03, 0x03, 0x01, 0x62, 0x00, 0x01, 0x03, 0x01, 0x52, 0x1b,
  0x40, 0x20, 0x00, 0x00, 0x04, 0x03, 0x04, 0x00, 0x03, 0x80, 0x00, 0x02,
  0x00, 0x04, 0x00, 0x02, 0x04, 0x69, 0x00, 0x03, 0x01, 0x01, 0x03, 0x59,
  0x00, 0x03, 0x03, 0x01, 0x62, 0x00, 0x01, 0x03, 0x01, 0x52, 0x59, 0x40,
  0x0b, 0x39, 0x37, 0x2e, 0x2c, 0x23, 0x21, 0x27, 0x20, 0x05, 0x06, 0x18,
  0x2b, 0x24, 0x33, 0x32, 0x17, 0x17, 0x16, 0x15, 0x14, 0x07, 0x06, 0x23,
  0x22, 0x26, 0x35, 0x35, 0x34, 0x07, 0x07, 0x06, 0x23, 0x22, 0x27, 0x27,
  0x26, 0x35, 0x34, 0x37, 0x37, 0x36, 0x35, 0x27, 0x34, 0x36, 0x36, 0x33,
  0x32, 0x16, 0x15, 0x14, 0x06, 0x07, 0x06, 0x15, 0x15, 0x14, 0x33, 0x32,
  0x37, 0x03, 0x14, 0x16, 0x37, 0x36, 0x35, 0x34, 0x26, 0x23, 0x22, 0x06,
  0x17, 0x01, 0x46, 0x04, 0x05, 0x03, 0x29, 0x04, 0x04, 0x2c, 0x55, 0x43,
  0x4c, 0x06, 0x15, 0x05, 0x03, 0x05, 0x03, 0x13, 0x01, 0x06, 0x36, 0x03,
  0x01, 0x23, 0x46, 0x31, 0x37, 0x44, 0x5e, 0x53, 0x03, 0x3a, 0x21, 0x1b,
  0x77, 0x04, 0x02, 0x58, 0x13, 0x13, 0x1a, 0x1f, 0x01, 0x70, 0x05, 0x30,
  0x03, 0x05, 0x05, 0x04, 0x32, 0x58, 0x4e, 0x30, 0x08, 0x05, 0x0f, 0x03,
  0x08, 0x35, 0x02, 0x03, 0x07, 0x04, 0x28, 0x02, 0x04, 0xbd, 0x31, 0x5e,
  0x3d, 0x4f, 0x3e, 0x4e, 0x87, 0x42, 0x01, 0x05, 0x6a, 0x5f, 0x1b, 0x01,
  0x23, 0x03, 0x02, 0x02, 0x55, 0x4d, 0x1e, 0x26, 0x46, 0x45, 0x00, 0x00,
  0x00, 0x01, 0x00, 0x1b, 0xff, 0x38, 0x01, 0x49, 0x02, 0xbc, 0x00, 0x47,
  0x00, 0x7b, 0x40, 0x1f, 0x40, 0x38, 0x37, 0x03, 0x07, 0x08, 0x47, 0x31,
  0x02, 0x00, 0x07, 0x2a, 0x29, 0x06, 0x05, 0x04, 0x01, 0x00, 0x23, 0x0d,
  0x02, 0x02, 0x01, 0x1c, 0x14, 0x13, 0x03, 0x03, 0x02, 0x05, 0x4c, 0x4b,
  0xb0, 0x2e, 0x50, 0x58, 0x40, 0x1f, 0x09, 0x01, 0x07, 0x06, 0x01, 0x00,
  0x01, 0x07, 0x00, 0x67, 0x05, 0x01, 0x01, 0x04, 0x01, 0x02, 0x03, 0x01,
  0x02, 0x67, 0x00, 0x08, 0x08, 0x3c, 0x4d, 0x00, 0x03, 0x03, 0x41, 0x03,
  0x4e, 0x1b, 0x40, 0x1f, 0x09, 0x01, 0x07, 0x06, 0x01, 0x00, 0x01, 0x07,
  0x00, 0x67, 0x05, 0x01, 0x01, 0x04, 0x01, 0x02, 0x03, 0x01, 0x02, 0x67,
  0x00, 0x03, 0x03, 0x08, 0x5f, 0x00, 0x08, 0x08, 0x3c, 0x03, 0x4e, 0x59,
  0x40, 0x0e, 0x43, 0x42, 0x25, 0x26, 0x15, 0x26, 0x16, 0x25, 0x26, 0x15,
  0x21, 0x0a, 0x0a, 0x1f, 0x2b, 0x00, 0x06, 0x23, 0x23, 0x22, 0x15, 0x15,
  0x14, 0x33, 0x33, 0x32, 0x16, 0x15, 0x15, 0x14, 0x06, 0x23, 0x23, 0x22,
  0x15, 0x15, 0x14, 0x06, 0x23, 0x23, 0x22, 0x26, 0x35, 0x35, 0x34, 0x23,
  0x23, 0x22, 0x26, 0x35, 0x35, 0x34, 0x36, 0x33, 0x33, 0x32, 0x35, 0x35,
  0x34, 0x23, 0x23, 0x22, 0x26, 0x35, 0x35, 0x34, 0x36, 0x33, 0x33, 0x32,
  0x35, 0x35, 0x34, 0x36, 0x33, 0x33, 0x32, 0x16, 0x15, 0x15, 0x14, 0x33,
  0x33, 0x32, 0x16, 0x15, 0x15, 0x01, 0x49, 0x07, 0x05, 0x4c, 0x05, 0x05,
  0x4c, 0x05, 0x07, 0x07, 0x05, 0x4c, 0x05, 0x07, 0x05, 0x5c, 0x05, 0x07,
  0x05, 0x4c, 0x05, 0x07, 0x07, 0x05, 0x4c, 0x05, 0x05, 0x4c, 0x05, 0x07,
  0x07, 0x05, 0x4c, 0x05, 0x07, 0x05, 0x5c, 0x05, 0x07, 0x05, 0x4c, 0x05,
  0x07, 0x01, 0x7b, 0x07, 0x05, 0xea, 0x05, 0x07, 0x05, 0x40, 0x05, 0x07,
  0x05, 0xdf, 0x05, 0x07, 0x07, 0x05, 0xdf, 0x05, 0x07, 0x05, 0x40, 0x05,
  0x07, 0x05, 0xea, 0x05, 0x07, 0x05, 0x40, 0x05, 0x07, 0x05, 0xdf, 0x05,
  0x07, 0x07, 0x05, 0xdf, 0x05, 0x07, 0x05, 0x40, 0x00, 0x02, 0x00, 0x2a,
  0xff, 0xf8, 0x03, 0x0a, 0x02, 0xc4, 0x00, 0x23, 0x00, 0x34, 0x00, 0x52,
  0x40, 0x4f, 0x2c, 0x2b, 0x26, 0x25, 0x04, 0x05, 0x06, 0x03, 0x01, 0x00,
  0x05, 0x09, 0x01, 0x02, 0x00, 0x0a, 0x01, 0x01, 0x02, 0x04, 0x4c, 0x00,
  0x02, 0x00, 0x01, 0x00, 0x02, 0x01, 0x80, 0x07, 0x01, 0x04, 0x00, 0x06,
  0x05, 0x04, 0x06, 0x69, 0x00, 0x05, 0x00, 0x00, 0x02, 0x05, 0x00, 0x67,
  0x00, 0x01, 0x03, 0x03, 0x01, 0x59, 0x00, 0x01, 0x01, 0x03, 0x61, 0x00,
  0x03, 0x01, 0x03, 0x51, 0x00, 0x00, 0x32, 0x30, 0x29, 0x28, 0x00, 0x23,
  0x00, 0x22, 0x25, 0x23, 0x27, 0x25, 0x08, 0x06, 0x1a, 0x2b, 0x00, 0x16,
  0x16, 0x15, 0x14, 0x06, 0x23, 0x21, 0x22, 0x15, 0x15, 0x14, 0x17, 0x16,
  0x16, 0x33, 0x32, 0x36, 0x37, 0x36, 0x33, 0x33, 0x32, 0x16, 0x07, 0x06,
  0x06, 0x23, 0x22, 0x26, 0x26, 0x35, 0x34, 0x36, 0x36, 0x33, 0x04, 0x15,
  0x15, 0x14, 0x33, 0x21, 0x32, 0x35, 0x35, 0x34, 0x27, 0x26, 0x26, 0x23,
  0x22, 0x06, 0x07, 0x02, 0x03, 0xa8, 0x5f, 0x07, 0x05, 0xfd, 0x9b, 0x05,
  0x02, 0x2e, 0x86, 0x4f, 0x5c, 0xa0, 0x2a, 0x06, 0x09, 0x0c, 0x07, 0x05,
  0x03, 0x2c, 0xb4, 0x6a, 0x69, 0xa7, 0x5f, 0x5f, 0xa7, 0x69, 0xfe, 0xfc,
  0x05, 0x02, 0x00, 0x05, 0x02, 0x2e, 0x86, 0x50, 0x4f, 0x85, 0x2e, 0x02,
  0xc4, 0x5e, 0xa4, 0x67, 0x02, 0x02, 0x05, 0xc3, 0x03, 0x04, 0x35, 0x3b,
  0x5d, 0x4b, 0x08, 0x08, 0x06, 0x57, 0x6b, 0x5c, 0xa2, 0x65, 0x67, 0xa4,
  0x5e, 0x94, 0x03, 0xb1, 0x05, 0x05, 0xaf, 0x03, 0x04, 0x36, 0x3c, 0x3b,
  0x35, 0x00, 0x00, 0x00, 0x00, 0x04, 0x00, 0x2a, 0xff, 0xf8, 0x02, 0xfd,
  0x02, 0xc4, 0x00, 0x0f, 0x00, 0x1f, 0x00, 0x48, 0x00, 0x55, 0x00, 0xd2,
  0x40, 0x0f, 0x38, 0x01, 0x06, 0x08, 0x4c, 0x01, 0x0b, 0x0a, 0x2b, 0x23,
  0x02, 0x04, 0x0b, 0x03, 0x4c, 0x4b, 0xb0, 0x22, 0x50, 0x58, 0x40, 0x44,
  0x00, 0x08, 0x07, 0x06, 0x07, 0x08, 0x72, 0x00, 0x04, 0x0b, 0x05, 0x0b,
  0x04, 0x05, 0x80, 0x0c, 0x01, 0x01, 0x00, 0x02, 0x09, 0x01, 0x02, 0x69,
  0x0e, 0x01, 0x09, 0x00, 0x07, 0x08, 0x09, 0x07, 0x69, 0x00, 0x06, 0x00,
  0x0a, 0x0b, 0x06, 0x0a, 0x69, 0x0f, 0x01, 0x0b, 0x00, 0x05, 0x03, 0x0b,
  0x05, 0x69, 0x0d, 0x01, 0x03, 0x00, 0x00, 0x03, 0x59, 0x0d, 0x01, 0x03,
  0x03, 0x00, 0x61, 0x00, 0x00, 0x03, 0x00, 0x51, 0x1b, 0x40, 0x45, 0x00,
  0x08, 0x07, 0x06, 0x07, 0x08, 0x06, 0x80, 0x00, 0x04, 0x0b, 0x05, 0x0b,
  0x04, 0x05, 0x80, 0x0c, 0x01, 0x01, 0x00, 0x02, 0x09, 0x01, 0x02, 0x69,
  0x0e, 0x01, 0x09, 0x00, 0x07, 0x08, 0x09, 0x07, 0x69, 0x00, 0x06, 0x00,
  0x0a, 0x0b, 0x06, 0x0a, 0x69, 0x0f, 0x01, 0x0b, 0x00, 0x05, 0x03, 0x0b,
  0x05, 0x69, 0x0d, 0x01, 0x03, 0x00, 0x00, 0x03, 0x59, 0x0d, 0x01, 0x03,
  0x03, 0x00, 0x61, 0x00, 0x00, 0x03, 0x00, 0x51, 0x59, 0x40, 0x2a, 0x49,
  0x49, 0x20, 0x20, 0x10, 0x10, 0x00, 0x00, 0x49, 0x55, 0x49, 0x54, 0x50,
  0x4e, 0x20, 0x48, 0x20, 0x47, 0x42, 0x40, 0x3d, 0x3b, 0x36, 0x34, 0x31,
  0x2f, 0x27, 0x25, 0x10, 0x1f, 0x10, 0x1e, 0x18, 0x16, 0x00, 0x0f, 0x00,
  0x0e, 0x26, 0x10, 0x06, 0x17, 0x2b, 0x00, 0x16, 0x16, 0x15, 0x14, 0x06,
  0x06, 0x23, 0x22, 0x26, 0x26, 0x35, 0x34, 0x36, 0x36, 0x33, 0x12, 0x36,
  0x36, 0x35, 0x34, 0x26, 0x26, 0x23, 0x22, 0x06, 0x06, 0x15, 0x14, 0x16,
  0x16, 0x33, 0x12, 0x16, 0x15, 0x15, 0x14, 0x06, 0x23, 0x23, 0x22, 0x26,
  0x35, 0x35, 0x34, 0x26, 0x07, 0x06, 0x23, 0x22, 0x35, 0x34, 0x36, 0x33,
  0x33, 0x32, 0x35, 0x35, 0x34, 0x26, 0x23, 0x22, 0x06, 0x07, 0x06, 0x23,
  0x27, 0x22, 0x26, 0x37, 0x36, 0x36, 0x33, 0x12, 0x36, 0x35, 0x35, 0x34,
  0x23, 0x23, 0x22, 0x06, 0x15, 0x14, 0x16, 0x33, 0x01, 0xf9, 0xa5, 0x5f,
  0x5f, 0xa5, 0x66, 0x66, 0xa5, 0x5e, 0x5e, 0xa5, 0x66, 0x53, 0x86, 0x4d,
  0x4d, 0x86, 0x53, 0x53, 0x86, 0x4d, 0x4c, 0x87, 0x53, 0x36, 0x3b, 0x07,
  0x05, 0x30, 0x05, 0x07, 0x04, 0x02, 0x15, 0x29, 0x53, 0x39, 0x38, 0x21,
  0x05, 0x15, 0x11, 0x0d, 0x13, 0x03, 0x03, 0x0a, 0x31, 0x05, 0x07, 0x01,
  0x04, 0x3c, 0x2d, 0x0b, 0x1a, 0x05, 0x1c, 0x15, 0x18, 0x12, 0x10, 0x02,
  0xc4, 0x5d, 0xa3, 0x64, 0x65, 0xa5, 0x5e, 0x5e, 0xa5, 0x65, 0x64, 0xa3,
  0x5d, 0xfd, 0x76, 0x4d, 0x87, 0x52, 0x51, 0x85, 0x4c, 0x4c, 0x85, 0x51,
  0x52, 0x87, 0x4d, 0x01, 0xc6, 0x37, 0x30, 0xca, 0x05, 0x07, 0x07, 0x05,
  0x05, 0x03, 0x01, 0x02, 0x18, 0x5b, 0x37, 0x2c, 0x05, 0x12, 0x16, 0x18,
  0x0f, 0x0b, 0x0c, 0x02, 0x07, 0x05, 0x28, 0x2f, 0xfe, 0xf4, 0x18, 0x12,
  0x25, 0x05, 0x19, 0x15, 0x12, 0x14, 0x00, 0x00, 0xff, 0xff, 0x00, 0x00,
  0x01, 0xe2, 0x00, 0xa2, 0x02, 0xbc, 0x00, 0x02, 0x02, 0x42, 0x00, 0x00,
  0x00, 0x01, 0x00, 0x04, 0x01, 0xe2, 0x00, 0xa2, 0x02, 0xbc, 0x00, 0x0e,
  0x00, 0x26, 0xb1, 0x06, 0x64, 0x44, 0x40, 0x1b, 0x07, 0x01, 0x01, 0x00,
  0x01, 0x4c, 0x00, 0x00, 0x01, 0x01, 0x00, 0x57, 0x00, 0x00, 0x00, 0x01,
  0x61, 0x00, 0x01, 0x00, 0x01, 0x51, 0x34, 0x32, 0x02, 0x0a, 0x18, 0x2b,
  0xb1, 0x06, 0x00, 0x44, 0x12, 0x35, 0x34, 0x33, 0x33, 0x32, 0x17, 0x17,
  0x15, 0x14, 0x23, 0x23, 0x22, 0x27, 0x27, 0x04, 0x0a, 0x5c, 0x0b, 0x02,
  0x2b, 0x0b, 0x44, 0x0a, 0x03, 0x41, 0x02, 0xb0, 0x03, 0x09, 0x0b, 0xc2,
  0x04, 0x09, 0x0a, 0xc2, 0x00, 0x01, 0x00, 0x00, 0x02, 0x6c, 0x00, 0xd6,
  0x02, 0xbc, 0x00, 0x0f, 0x00, 0x27, 0xb1, 0x06, 0x64, 0x44, 0x40, 0x1c,
  0x0b, 0x03, 0x02, 0x01, 0x00, 0x01, 0x4c, 0x00, 0x00, 0x01, 0x01, 0x00,
  0x57, 0x00, 0x00, 0x00, 0x01, 0x5f, 0x00, 0x01, 0x00, 0x01, 0x4f, 0x26,
  0x25, 0x02, 0x0a, 0x18, 0x2b, 0xb1, 0x06, 0x00, 0x44, 0x12, 0x26, 0x35,
  0x35, 0x34, 0x36, 0x33, 0x33, 0x32, 0x16, 0x15, 0x15, 0x14, 0x06, 0x23,
  0x23, 0x07, 0x07, 0x07, 0x05, 0xbe, 0x05, 0x07, 0x07, 0x05, 0xbe, 0x02,
  0x6c, 0x07, 0x05, 0x38, 0x05, 0x07, 0x07, 0x05, 0x38, 0x05, 0x07, 0x00,
  0xff, 0xff, 0xfe, 0xc7, 0x02, 0x45, 0x00, 0x00, 0x02, 0xd3, 0x00, 0x22,
  0x02, 0x88, 0x07, 0x00, 0x00, 0x03, 0x02, 0x88, 0xff, 0x5b, 0x00, 0x00,
  0x00, 0x01, 0xff, 0x6c, 0x02, 0x45, 0xff, 0xf9, 0x02, 0xd3, 0x00, 0x0b,
  0x00, 0x26, 0xb1, 0x06, 0x64, 0x44, 0x40, 0x1b, 0x00, 0x00, 0x01, 0x01,
  0x00, 0x59, 0x00, 0x00, 0x00, 0x01, 0x61, 0x02, 0x01, 0x01, 0x00, 0x01,
  0x51, 0x00, 0x00, 0x00, 0x0b, 0x00, 0x0a, 0x24, 0x03, 0x0a, 0x17, 0x2b,
  0xb1, 0x06, 0x00, 0x44, 0x02, 0x26, 0x35, 0x34, 0x36, 0x33, 0x32, 0x16,
  0x15, 0x14, 0x06, 0x23, 0x6c, 0x28, 0x28, 0x1f, 0x1f, 0x27, 0x28, 0x1e,
  0x02, 0x45, 0x28, 0x1f, 0x1f, 0x28, 0x28, 0x1f, 0x1f, 0x28, 0x00, 0x00,
  0x00, 0x01, 0xff, 0x55, 0x02, 0x3f, 0xff, 0xf4, 0x02, 0xbc, 0x00, 0x0e,
  0x00, 0x26, 0xb1, 0x06, 0x64, 0x44, 0x40, 0x1b, 0x08, 0x01, 0x00, 0x01,
  0x01, 0x4c, 0x00, 0x01, 0x00, 0x00, 0x01, 0x57, 0x00, 0x01, 0x01, 0x00,
  0x61, 0x00, 0x00, 0x01, 0x00, 0x51, 0x26, 0x31, 0x02, 0x0a, 0x18, 0x2b,
  0xb1, 0x06, 0x00, 0x44, 0x03, 0x14, 0x23, 0x23, 0x22, 0x27, 0x27, 0x26,
  0x35, 0x34, 0x33, 0x33, 0x32, 0x17, 0x17, 0x0c, 0x0b, 0x3a, 0x09, 0x05,
  0x49, 0x03, 0x0b, 0x48, 0x0b, 0x04, 0x3b, 0x02, 0x47, 0x08, 0x08, 0x66,
  0x05, 0x02, 0x08, 0x08, 0x67, 0x00, 0x00, 0x00, 0x00, 0x01, 0xff, 0x52,
  0x02, 0x3f, 0xff, 0xf4, 0x02, 0xbc, 0x00, 0x0d, 0x00, 0x20, 0xb1, 0x06,
  0x64, 0x44, 0x40, 0x15, 0x00, 0x00, 0x01, 0x01, 0x00, 0x57, 0x00, 0x00,
  0x00, 0x01, 0x61, 0x00, 0x01, 0x00, 0x01, 0x51, 0x25, 0x24, 0x02, 0x0a,
  0x18, 0x2b, 0xb1, 0x06, 0x00, 0x44, 0x02, 0x26, 0x37, 0x37, 0x36, 0x33,
  0x33, 0x32, 0x16, 0x07, 0x07, 0x06, 0x23, 0x23, 0xa8, 0x06, 0x04, 0x3b,
  0x04, 0x0b, 0x48, 0x08, 0x04, 0x04, 0x4a, 0x05, 0x09, 0x39, 0x02, 0x3f,
  0x08, 0x06, 0x67, 0x08, 0x09, 0x06, 0x67, 0x07, 0x00, 0x02, 0xfe, 0xbf,
  0x02, 0x3f, 0xff, 0xeb, 0x02, 0xbc, 0x00, 0x0d, 0x00, 0x1b, 0x00, 0x25,
  0xb1, 0x06, 0x64, 0x44, 0x40, 0x1a, 0x02, 0x01, 0x00, 0x01, 0x01, 0x00,
  0x59, 0x02, 0x01, 0x00, 0x00, 0x01, 0x61, 0x03, 0x01, 0x01, 0x00, 0x01,
  0x51, 0x25, 0x25, 0x25, 0x24, 0x04, 0x0a, 0x1a, 0x2b, 0xb1, 0x06, 0x00,
  0x44, 0x00, 0x26, 0x37, 0x37, 0x36, 0x33, 0x33, 0x32, 0x16, 0x07, 0x07,
  0x06, 0x23, 0x23, 0x32, 0x26, 0x37, 0x37, 0x36, 0x33, 0x33, 0x32, 0x16,
  0x07, 0x07, 0x06, 0x23, 0x23, 0xfe, 0xc4, 0x05, 0x03, 0x32, 0x04, 0x0a,
  0x4b, 0x07, 0x04, 0x03, 0x36, 0x05, 0x0a, 0x45, 0x8b, 0x04, 0x03, 0x36,
  0x04, 0x0b, 0x46, 0x07, 0x04, 0x03, 0x37, 0x04, 0x0b, 0x45, 0x02, 0x3f,
  0x07, 0x07, 0x66, 0x09, 0x08, 0x06, 0x66, 0x09, 0x08, 0x06, 0x66, 0x09,
  0x08, 0x06, 0x67, 0x08, 0x00, 0x01, 0xfe, 0xde, 0x02, 0x3f, 0xff, 0xe8,
  0x02, 0xbc, 0x00, 0x17, 0x00, 0x29, 0xb1, 0x06, 0x64, 0x44, 0x40, 0x1e,
  0x11, 0x0b, 0x02, 0x01, 0x00, 0x01, 0x4c, 0x00, 0x00, 0x01, 0x01, 0x00,
  0x57, 0x00, 0x00, 0x00, 0x01, 0x61, 0x02, 0x01, 0x01, 0x00, 0x01, 0x51,
  0x26, 0x26, 0x34, 0x03, 0x0a, 0x19, 0x2b, 0xb1, 0x06, 0x00, 0x44, 0x00,
  0x26, 0x37, 0x37, 0x36, 0x33, 0x33, 0x32, 0x17, 0x17, 0x16, 0x15, 0x14,
  0x23, 0x23, 0x22, 0x27, 0x27, 0x26, 0x07, 0x07, 0x06, 0x23, 0x23, 0xfe,
  0xe3, 0x05, 0x04, 0x3f, 0x04, 0x0a, 0x67, 0x09, 0x05, 0x42, 0x02, 0x0a,
  0x46, 0x0a, 0x05, 0x22, 0x03, 0x03, 0x23, 0x05, 0x0a, 0x45, 0x02, 0x3f,
  0x07, 0x07, 0x67, 0x08, 0x08, 0x67, 0x06, 0x01, 0x07, 0x08, 0x3f, 0x05,
  0x05, 0x3f, 0x08, 0x00, 0xff, 0xff, 0xfe, 0xe0, 0x02, 0x3f, 0xff, 0xea,
  0x02, 0xbc, 0x00, 0x03, 0x02, 0xa0, 0xfe, 0xc8, 0x00, 0x00, 0x00, 0x00,
  0x00, 0x01, 0xff, 0x0b, 0x02, 0x3a, 0xff, 0xf0, 0x02, 0xac, 0x00, 0x16,
  0x00, 0x34, 0xb1, 0x06, 0x64, 0x44, 0x40, 0x29, 0x02, 0x01, 0x01, 0x00,
  0x01, 0x4c, 0x02, 0x01, 0x00, 0x01, 0x00, 0x85, 0x00, 0x01, 0x03, 0x03,
  0x01, 0x59, 0x00, 0x01, 0x01, 0x03, 0x61, 0x04, 0x01, 0x03, 0x01, 0x03,
  0x51, 0x00, 0x00, 0x00, 0x16, 0x00, 0x15, 0x33, 0x23, 0x34, 0x05, 0x0a,
  0x19, 0x2b, 0xb1, 0x06, 0x00, 0x44, 0x02, 0x26, 0x27, 0x35, 0x34, 0x33,
  0x33, 0x32, 0x17, 0x16, 0x16, 0x33, 0x32, 0x36, 0x37, 0x36, 0x33, 0x33,
  0x32, 0x07, 0x06, 0x06, 0x23, 0xb3, 0x3e, 0x04, 0x0b, 0x27, 0x0b, 0x02,
  0x03, 0x1c, 0x14, 0x13, 0x1c, 0x04, 0x01, 0x0c, 0x27, 0x0c, 0x01, 0x04,
  0x3f, 0x2f, 0x02, 0x3a, 0x38, 0x2e, 0x02, 0x0a, 0x0c, 0x16, 0x1b, 0x1b,
  0x16, 0x0c, 0x0c, 0x2e, 0x38, 0x00, 0x00, 0x00, 0x00, 0x02, 0xff, 0x23,
  0x02, 0x38, 0x00, 0x0e, 0x03, 0x25, 0x00, 0x0b, 0x00, 0x17, 0x00, 0x38,
  0xb1, 0x06, 0x64, 0x44, 0x40, 0x2d, 0x00, 0x00, 0x00, 0x02, 0x03, 0x00,
  0x02, 0x69, 0x05, 0x01, 0x03, 0x01, 0x01, 0x03, 0x59, 0x05, 0x01, 0x03,
  0x03, 0x01, 0x61, 0x04, 0x01, 0x01, 0x03, 0x01, 0x51, 0x0c, 0x0c, 0x00,
  0x00, 0x0c, 0x17, 0x0c, 0x16, 0x12, 0x10, 0x00, 0x0b, 0x00, 0x0a, 0x24,
  0x06, 0x0a, 0x17, 0x2b, 0xb1, 0x06, 0x00, 0x44, 0x02, 0x26, 0x35, 0x34,
  0x36, 0x33, 0x32, 0x16, 0x15, 0x14, 0x06, 0x23, 0x36, 0x36, 0x35, 0x34,
  0x26, 0x23, 0x22, 0x06, 0x15, 0x14, 0x16, 0x33, 0x99, 0x44, 0x44, 0x32,
  0x31, 0x44, 0x44, 0x31, 0x16, 0x20, 0x20, 0x16, 0x17, 0x20, 0x20, 0x17,
  0x02, 0x38, 0x45, 0x32, 0x32, 0x44, 0x44, 0x32, 0x32, 0x45, 0x3f, 0x21,
  0x17, 0x18, 0x20, 0x20, 0x18, 0x17, 0x21, 0x00, 0x00, 0x01, 0xfe, 0xe1,
  0x02, 0x52, 0xff, 0xfc, 0x02, 0xc3, 0x00, 0x23, 0x00, 0x36, 0xb1, 0x06,
  0x64, 0x44, 0x40, 0x2b, 0x1e, 0x01, 0x00, 0x02, 0x01, 0x4c, 0x00, 0x02,
  0x00, 0x03, 0x02, 0x59, 0x00, 0x01, 0x00, 0x00, 0x03, 0x01, 0x00, 0x69,
  0x00, 0x02, 0x02, 0x03, 0x61, 0x04, 0x01, 0x03, 0x02, 0x03, 0x51, 0x00,
  0x00, 0x00, 0x23, 0x00, 0x22, 0x25, 0x28, 0x25, 0x05, 0x0a, 0x19, 0x2b,
  0xb1, 0x06, 0x00, 0x44, 0x02, 0x26, 0x27, 0x2e, 0x02, 0x23, 0x22, 0x07,
  0x06, 0x27, 0x27, 0x26, 0x37, 0x36, 0x36, 0x33, 0x32, 0x16, 0x17, 0x1e,
  0x02, 0x33, 0x32, 0x37, 0x36, 0x17, 0x17, 0x16, 0x15, 0x14, 0x07, 0x06,
  0x06, 0x23, 0x6b, 0x18, 0x11, 0x07, 0x10, 0x0c, 0x08, 0x17, 0x0f, 0x07,
  0x0a, 0x20, 0x09, 0x04, 0x0e, 0x2b, 0x1a, 0x10, 0x1c, 0x12, 0x04, 0x10,
  0x0f, 0x08, 0x18, 0x0e, 0x06, 0x0a, 0x20, 0x05, 0x04, 0x11, 0x2f, 0x16,
  0x02, 0x52, 0x09, 0x0a, 0x04, 0x0a, 0x05, 0x17, 0x0a, 0x06, 0x17, 0x06,
  0x0a, 0x20, 0x1f, 0x0c, 0x0b, 0x02, 0x0b, 0x06, 0x16, 0x0c, 0x07, 0x16,
  0x03, 0x07, 0x06, 0x07, 0x1c, 0x19, 0x00, 0x00, 0x00, 0x01, 0xff, 0x2a,
  0x02, 0x5b, 0x00, 0x00, 0x02, 0xab, 0x00, 0x0f, 0x00, 0x27, 0xb1, 0x06,
  0x64, 0x44, 0x40, 0x1c, 0x0b, 0x03, 0x02, 0x01, 0x00, 0x01, 0x4c, 0x00,
  0x00, 0x01, 0x01, 0x00, 0x57, 0x00, 0x00, 0x00, 0x01, 0x5f, 0x00, 0x01,
  0x00, 0x01, 0x4f, 0x26, 0x25, 0x02, 0x0a, 0x18, 0x2b, 0xb1, 0x06, 0x00,
  0x44, 0x02, 0x26, 0x35, 0x35, 0x34, 0x36, 0x33, 0x33, 0x32, 0x16, 0x15,
  0x15, 0x14, 0x06, 0x23, 0x23, 0xcf, 0x07, 0x07, 0x05, 0xbe, 0x05, 0x07,
  0x07, 0x05, 0xbe, 0x02, 0x5b, 0x07, 0x05, 0x38, 0x05, 0x07, 0x07, 0x05,
  0x38, 0x05, 0x07, 0x00, 0x00, 0x01, 0xfe, 0x65, 0x02, 0x22, 0xff, 0x2a,
  0x02, 0xea, 0x00, 0x21, 0x00, 0x26, 0xb1, 0x06, 0x64, 0x44, 0x40, 0x1b,
  0x00, 0x01, 0x00, 0x01, 0x86, 0x00, 0x02, 0x00, 0x00, 0x02, 0x59, 0x00,
  0x02, 0x02, 0x00, 0x61, 0x00, 0x00, 0x02, 0x00, 0x51, 0x26, 0x23, 0x28,
  0x03, 0x0a, 0x19, 0x2b, 0xb1, 0x06, 0x00, 0x44, 0x00, 0x37, 0x36, 0x37,
  0x36, 0x36, 0x35, 0x34, 0x26, 0x23, 0x22, 0x06, 0x07, 0x06, 0x23, 0x22,
  0x27, 0x27, 0x26, 0x37, 0x36, 0x36, 0x33, 0x32, 0x16, 0x15, 0x14, 0x06,
  0x07, 0x06, 0x07, 0x06, 0x27, 0x27, 0xfe, 0xaf, 0x06, 0x0a, 0x16, 0x0b,
  0x0a, 0x13, 0x0d, 0x0f, 0x14, 0x0e, 0x04, 0x06, 0x04, 0x03, 0x1a, 0x09,
  0x06, 0x15, 0x2b, 0x21, 0x2b, 0x33, 0x13, 0x13, 0x14, 0x06, 0x05, 0x0b,
  0x1d, 0x02, 0x2d, 0x0c, 0x18, 0x18, 0x0b, 0x12, 0x0e, 0x0b, 0x11, 0x0d,
  0x12, 0x06, 0x03, 0x13, 0x08, 0x09, 0x1e, 0x1a, 0x2f, 0x27, 0x16, 0x1f,
  0x14, 0x14, 0x0b, 0x0a, 0x02, 0x06, 0x00, 0x00, 0x00, 0x01, 0xff, 0x49,
  0x02, 0x3f, 0xff, 0xeb, 0x02, 0xbc, 0x00, 0x0d, 0x00, 0x20, 0xb1, 0x06,
  0x64, 0x44, 0x40, 0x15, 0x00, 0x01, 0x00, 0x00, 0x01, 0x59, 0x00, 0x01,
  0x01, 0x00, 0x5f, 0x00, 0x00, 0x01, 0x00, 0x4f, 0x25, 0x24, 0x02, 0x0a,
  0x18, 0x2b, 0xb1, 0x06, 0x00, 0x44, 0x02, 0x16, 0x07, 0x07, 0x06, 0x23,
  0x23, 0x22, 0x26, 0x37, 0x37, 0x36, 0x33, 0x33, 0x1b, 0x06, 0x04, 0x3b,
  0x04, 0x0b, 0x48, 0x08, 0x04, 0x04, 0x49, 0x05, 0x09, 0x3a, 0x02, 0xbc,
  0x08, 0x06, 0x67, 0x08, 0x09, 0x06, 0x66, 0x08, 0xff, 0xff, 0xff, 0x52,
  0x02, 0x3f, 0xff, 0xf4, 0x02, 0xbc, 0x00, 0x02, 0x02, 0x8a, 0x00, 0x00,
  0x00, 0x01, 0xff, 0x7d, 0x01, 0xca, 0xff, 0xfb, 0x02, 0x52, 0x00, 0x10,
  0x00, 0x25, 0xb1, 0x06, 0x64, 0x44, 0x40, 0x1a, 0x07, 0x01, 0x01, 0x00,
  0x01, 0x4c, 0x00, 0x00, 0x01, 0x00, 0x85, 0x02, 0x01, 0x01, 0x01, 0x76,
  0x00, 0x00, 0x00, 0x10, 0x00, 0x10, 0x28, 0x03, 0x0a, 0x17, 0x2b, 0xb1,
  0x06, 0x00, 0x44, 0x02, 0x35, 0x35, 0x34, 0x37, 0x36, 0x36, 0x37, 0x34,
  0x33, 0x33, 0x32, 0x16, 0x07, 0x06, 0x06, 0x07, 0x83, 0x0b, 0x14, 0x1d,
  0x03, 0x0c, 0x27, 0x05, 0x07, 0x01, 0x04, 0x3f, 0x2e, 0x01, 0xca, 0x0c,
  0x1e, 0x0a, 0x02, 0x04, 0x22, 0x20, 0x0c, 0x09, 0x08, 0x37, 0x3c, 0x04,
  0x00, 0x01, 0xff, 0x6f, 0xff, 0x21, 0xff, 0xf6, 0xff, 0xa8, 0x00, 0x0b,
  0x00, 0x26, 0xb1, 0x06, 0x64, 0x44, 0x40, 0x1b, 0x00, 0x00, 0x01, 0x01,
  0x00, 0x59, 0x00, 0x00, 0x00, 0x01, 0x61, 0x02, 0x01, 0x01, 0x00, 0x01,
  0x51, 0x00, 0x00, 0x00, 0x0b, 0x00, 0x0a, 0x24, 0x03, 0x0a, 0x17, 0x2b,
  0xb1, 0x06, 0x00, 0x44, 0x06, 0x26, 0x35, 0x34, 0x36, 0x33, 0x32, 0x16,
  0x15, 0x14, 0x06, 0x23, 0x6b, 0x26, 0x26, 0x1e, 0x1d, 0x26, 0x26, 0x1d,
  0xdf, 0x27, 0x1d, 0x1d, 0x26, 0x26, 0x1d, 0x1d, 0x27, 0x00, 0x00, 0x00,
  0xff, 0xff, 0xff, 0x3c, 0xff, 0x4d, 0xff, 0xde, 0xff, 0xca, 0x01, 0x07,
  0x02, 0x9e, 0xff, 0x27, 0xfd, 0x0e, 0x00, 0x09, 0xb1, 0x00, 0x01, 0xb8,
  0xfd, 0x0e, 0xb0, 0x35, 0x2b, 0x00, 0x00, 0x00, 0x00, 0x01, 0xff, 0x79,
  0xff, 0x43, 0x00, 0x00, 0x00, 0x00, 0x00, 0x1a, 0x00, 0x20, 0xb1, 0x06,
  0x64, 0x44, 0x40, 0x15, 0x00, 0x00, 0x01, 0x01, 0x00, 0x59, 0x00, 0x00,
  0x00, 0x01, 0x61, 0x00, 0x01, 0x00, 0x01, 0x51, 0x27, 0x3d, 0x02, 0x0a,
  0x18, 0x2b, 0xb1, 0x06, 0x00, 0x44, 0x06, 0x37, 0x37, 0x36, 0x17, 0x16,
  0x36, 0x35, 0x34, 0x27, 0x26, 0x35, 0x34, 0x36, 0x33, 0x33, 0x32, 0x17,
  0x16, 0x15, 0x14, 0x07, 0x06, 0x06, 0x23, 0x22, 0x27, 0x87, 0x01, 0x05,
  0x01, 0x0d, 0x11, 0x17, 0x27, 0x05, 0x06, 0x04, 0x31, 0x09, 0x06, 0x2d,
  0x02, 0x08, 0x2d, 0x1e, 0x12, 0x16, 0xb4, 0x0b, 0x24, 0x0b, 0x02, 0x02,
  0x11, 0x15, 0x24, 0x25, 0x05, 0x04, 0x02, 0x04, 0x06, 0x2c, 0x36, 0x10,
  0x08, 0x21, 0x1c, 0x06, 0x00, 0x01, 0xff, 0x73, 0xff, 0x43, 0xff, 0xfa,
  0x00, 0x00, 0x00, 0x1c, 0x00, 0x33, 0xb1, 0x06, 0x64, 0x44, 0x40, 0x28,
  0x13, 0x01, 0x02, 0x01, 0x1c, 0x01, 0x00, 0x02, 0x02, 0x4c, 0x00, 0x02,
  0x01, 0x00, 0x01, 0x02, 0x00, 0x80, 0x00, 0x01, 0x02, 0x00, 0x01, 0x59,
  0x00, 0x01, 0x01, 0x00, 0x61, 0x00, 0x00, 0x01, 0x00, 0x51, 0x2c, 0x25,
  0x23, 0x03, 0x0a, 0x19, 0x2b, 0xb1, 0x06, 0x00, 0x44, 0x07, 0x14, 0x07,
  0x06, 0x23, 0x22, 0x26, 0x35, 0x34, 0x37, 0x36, 0x33, 0x33, 0x32, 0x16,
  0x15, 0x14, 0x07, 0x06, 0x15, 0x14, 0x17, 0x16, 0x16, 0x37, 0x33, 0x32,
  0x17, 0x17, 0x06, 0x09, 0x16, 0x13, 0x24, 0x31, 0x2e, 0x06, 0x09, 0x30,
  0x04, 0x06, 0x05, 0x26, 0x01, 0x04, 0x15, 0x0e, 0x03, 0x0a, 0x01, 0x05,
  0xac, 0x08, 0x03, 0x06, 0x28, 0x2f, 0x33, 0x2d, 0x06, 0x04, 0x02, 0x04,
  0x05, 0x24, 0x23, 0x07, 0x03, 0x11, 0x0d, 0x02, 0x09, 0x24, 0x00, 0x00,
  0x00, 0x01, 0xfe, 0xe2, 0x02, 0x30, 0xff, 0xf8, 0x02, 0x77, 0x00, 0x0f,
  0x00, 0x27, 0xb1, 0x06, 0x64, 0x44, 0x40, 0x1c, 0x0f, 0x07, 0x02, 0x01,
  0x00, 0x01, 0x4c, 0x00, 0x00, 0x01, 0x01, 0x00, 0x57, 0x00, 0x00, 0x00,
  0x01, 0x5f, 0x00, 0x01, 0x00, 0x01, 0x4f, 0x26, 0x21, 0x02, 0x0a, 0x18,
  0x2b, 0xb1, 0x06, 0x00, 0x44, 0x00, 0x36, 0x33, 0x33, 0x32, 0x16, 0x15,
  0x15, 0x14, 0x06, 0x23, 0x23, 0x22, 0x26, 0x35, 0x35, 0xfe, 0xe2, 0x07,
  0x05, 0xfe, 0x05, 0x07, 0x07, 0x05, 0xfe, 0x05, 0x07, 0x02, 0x70, 0x07,
  0x07, 0x05, 0x2f, 0x05, 0x07, 0x07, 0x05, 0x2f, 0x00, 0x01, 0xfe, 0x30,
  0x02, 0x00, 0x00, 0x00, 0x02, 0x4f, 0x00, 0x0f, 0x00, 0x27, 0xb1, 0x06,
  0x64, 0x44, 0x40, 0x1c, 0x0b, 0x03, 0x02, 0x01, 0x00, 0x01, 0x4c, 0x00,
  0x00, 0x01, 0x01, 0x00, 0x57, 0x00, 0x00, 0x00, 0x01, 0x5f, 0x00, 0x01,
  0x00, 0x01, 0x4f, 0x26, 0x25, 0x02, 0x0a, 0x18, 0x2b, 0xb1, 0x06, 0x00,
  0x44, 0x00, 0x26, 0x35, 0x35, 0x34, 0x36, 0x33, 0x21, 0x32, 0x16, 0x15,
  0x15, 0x14, 0x06, 0x23, 0x21, 0xfe, 0x37, 0x07, 0x07, 0x05, 0x01, 0xb8,
  0x05, 0x07, 0x07, 0x05, 0xfe, 0x48, 0x02, 0x00, 0x07, 0x05, 0x37, 0x05,
  0x07, 0x07, 0x05, 0x37, 0x05, 0x07, 0x00, 0x00, 0x00, 0x01, 0xfe, 0x8b,
  0x00, 0x81, 0x00, 0x3b, 0x01, 0xee, 0x00, 0x13, 0x00, 0x06, 0xb3, 0x0a,
  0x00, 0x01, 0x32, 0x2b, 0x24, 0x23, 0x22, 0x27, 0x27, 0x26, 0x35, 0x34,
  0x37, 0x01, 0x36, 0x33, 0x32, 0x17, 0x17, 0x16, 0x15, 0x14, 0x07, 0x01,
  0xfe, 0xc3, 0x03, 0x04, 0x05, 0x29, 0x03, 0x05, 0x01, 0x6d, 0x05, 0x03,
  0x04, 0x05, 0x2a, 0x03, 0x05, 0xfe, 0x92, 0x81, 0x05, 0x32, 0x05, 0x03,
  0x04, 0x05, 0x01, 0x22, 0x03, 0x05, 0x32, 0x04, 0x04, 0x04, 0x05, 0xfe,
  0xde, 0x00, 0x00, 0x00, 0x00, 0x01, 0xfe, 0x69, 0xff, 0xd7, 0xff, 0xfc,
  0x02, 0xe9, 0x00, 0x0d, 0x00, 0x19, 0xb1, 0x06, 0x64, 0x44, 0x40, 0x0e,
  0x00, 0x00, 0x01, 0x00, 0x85, 0x00, 0x01, 0x01, 0x76, 0x25, 0x24, 0x02,
  0x0a, 0x18, 0x2b, 0xb1, 0x06, 0x00, 0x44, 0x04, 0x26, 0x37, 0x01, 0x36,
  0x33, 0x33, 0x32, 0x16, 0x07, 0x01, 0x06, 0x23, 0x23, 0xfe, 0x6d, 0x04,
  0x02, 0x01, 0x4a, 0x04, 0x0a, 0x2e, 0x07, 0x04, 0x02, 0xfe, 0xb5, 0x04,
  0x0a, 0x2d, 0x29, 0x08, 0x06, 0x02, 0xfb, 0x09, 0x08, 0x06, 0xfd, 0x05,
  0x09, 0x00, 0x00, 0x00, 0xff, 0xff, 0x00, 0x15, 0x02, 0x3f, 0x00, 0xb7,
  0x02, 0xbc, 0x00, 0x03, 0x02, 0x8a, 0x00, 0xc3, 0x00, 0x00, 0x00, 0x00,
  0x00, 0x01, 0x00, 0x12, 0x02, 0x28, 0x00, 0xf8, 0x02, 0x9a, 0x00, 0x16,
  0x00, 0x34, 0xb1, 0x06, 0x64, 0x44, 0x40, 0x29, 0x02, 0x01, 0x01, 0x00,
  0x01, 0x4c, 0x02, 0x01, 0x00, 0x01, 0x00, 0x85, 0x00, 0x01, 0x03, 0x03,
  0x01, 0x59, 0x00, 0x01, 0x01, 0x03, 0x61, 0x04, 0x01, 0x03, 0x01, 0x03,
  0x51, 0x00, 0x00, 0x00, 0x16, 0x00, 0x15, 0x33, 0x23, 0x34, 0x05, 0x0a,
  0x19, 0x2b, 0xb1, 0x06, 0x00, 0x44, 0x12, 0x26, 0x27, 0x35, 0x34, 0x33,
  0x33, 0x32, 0x17, 0x16, 0x16, 0x33, 0x32, 0x36, 0x37, 0x36, 0x33, 0x33,
  0x32, 0x07, 0x06, 0x06, 0x23, 0x54, 0x3e, 0x04, 0x0b, 0x27, 0x0c, 0x01,
  0x03, 0x1c, 0x14, 0x14, 0x1c, 0x03, 0x02, 0x0b, 0x27, 0x0d, 0x02, 0x04,
  0x3f, 0x2f, 0x02, 0x28, 0x38, 0x2e, 0x02, 0x0a, 0x0c, 0x16, 0x1b, 0x1b,
  0x16, 0x0c, 0x0c, 0x2e, 0x38, 0x00, 0x00, 0x00, 0x00, 0x01, 0x00, 0x18,
  0x02, 0x3f, 0x01, 0x22, 0x02, 0xbc, 0x00, 0x17, 0x00, 0x2a, 0xb1, 0x06,
  0x64, 0x44, 0x40, 0x1f, 0x07, 0x01, 0x02, 0x02, 0x00, 0x01, 0x4c, 0x01,
  0x01, 0x00, 0x02, 0x02, 0x00, 0x59, 0x01, 0x01, 0x00, 0x00, 0x02, 0x5f,
  0x00, 0x02, 0x00, 0x02, 0x4f, 0x35, 0x26, 0x23, 0x03, 0x0a, 0x19, 0x2b,
  0xb1, 0x06, 0x00, 0x44, 0x12, 0x35, 0x34, 0x33, 0x33, 0x32, 0x17, 0x17,
  0x16, 0x37, 0x37, 0x36, 0x33, 0x33, 0x32, 0x16, 0x07, 0x07, 0x06, 0x23,
  0x23, 0x22, 0x27, 0x27, 0x18, 0x0a, 0x45, 0x0a, 0x05, 0x23, 0x03, 0x03,
  0x22, 0x05, 0x0a, 0x46, 0x07, 0x05, 0x04, 0x42, 0x05, 0x09, 0x67, 0x0a,
  0x04, 0x3f, 0x02, 0xb4, 0x01, 0x07, 0x08, 0x3e, 0x04, 0x04, 0x3e, 0x08,
  0x07, 0x07, 0x67, 0x08, 0x08, 0x67, 0x00, 0x00, 0x00, 0x01, 0x00, 0x05,
  0xff, 0x43, 0x00, 0x8d, 0x00, 0x00, 0x00, 0x18, 0x00, 0x20, 0xb1, 0x06,
  0x64, 0x44, 0x40, 0x15, 0x00, 0x00, 0x01, 0x01, 0x00, 0x59, 0x00, 0x00,
  0x00, 0x01, 0x61, 0x00, 0x01, 0x00, 0x01, 0x51, 0x25, 0x3d, 0x02, 0x0a,
  0x18, 0x2b, 0xb1, 0x06, 0x00, 0x44, 0x16, 0x37, 0x37, 0x36, 0x17, 0x16,
  0x36, 0x35, 0x34, 0x27, 0x26, 0x35, 0x34, 0x36, 0x33, 0x33, 0x32, 0x17,
  0x16, 0x15, 0x14, 0x06, 0x23, 0x22, 0x27, 0x05, 0x01, 0x05, 0x01, 0x0d,
  0x11, 0x17, 0x27, 0x05, 0x06, 0x04, 0x31, 0x09, 0x06, 0x2e, 0x31, 0x24,
  0x13, 0x16, 0xb4, 0x0b, 0x24, 0x0b, 0x02, 0x02, 0x11, 0x15, 0x24, 0x25,
  0x05, 0x04, 0x02, 0x04, 0x06, 0x2d, 0x34, 0x2f, 0x27, 0x06, 0x00, 0x00,
  0xff, 0xff, 0x00, 0x14, 0x02, 0x3f, 0x01, 0x1e, 0x02, 0xbc, 0x00, 0x03,
  0x02, 0x8c, 0x01, 0x36, 0x00, 0x00, 0x00, 0x00, 0xff, 0xff, 0x00, 0x11,
  0x02, 0x45, 0x01, 0x4a, 0x02, 0xd3, 0x00, 0x03, 0x02, 0x87, 0x01, 0x4a,
  0x00, 0x00, 0x00, 0x00, 0xff, 0xff, 0x00, 0x11, 0x02, 0x45, 0x00, 0x9e,
  0x02, 0xd3, 0x00, 0x03, 0x02, 0x88, 0x00, 0xa5, 0x00, 0x00, 0x00, 0x00,
  0xff, 0xff, 0x00, 0x18, 0x02, 0x3f, 0x00, 0xb7, 0x02, 0xbc, 0x00, 0x03,
  0x02, 0x89, 0x00, 0xc3, 0x00, 0x00, 0x00, 0x00, 0x00, 0x02, 0x00, 0x15,
  0x02, 0x47, 0x01, 0x48, 0x02, 0xc4, 0x00, 0x0d, 0x00, 0x1b, 0x00, 0x25,
  0xb1, 0x06, 0x64, 0x44, 0x40, 0x1a, 0x02, 0x01, 0x00, 0x01, 0x01, 0x00,
  0x57, 0x02, 0x01, 0x00, 0x00, 0x01, 0x61, 0x03, 0x01, 0x01, 0x00, 0x01,
  0x51, 0x25, 0x25, 0x25, 0x24, 0x04, 0x0a, 0x1a, 0x2b, 0xb1, 0x06, 0x00,
  0x44, 0x12, 0x26, 0x37, 0x37, 0x36, 0x33, 0x33, 0x32, 0x16, 0x07, 0x07,
  0x06, 0x23, 0x23, 0x32, 0x26, 0x37, 0x37, 0x36, 0x33, 0x33, 0x32, 0x16,
  0x07, 0x07, 0x06, 0x23, 0x23, 0x1b, 0x06, 0x04, 0x3a, 0x05, 0x0a, 0x47,
  0x08, 0x04, 0x04, 0x49, 0x05, 0x09, 0x38, 0x8b, 0x06, 0x04, 0x3b, 0x04,
  0x0b, 0x47, 0x08, 0x04, 0x04, 0x49, 0x05, 0x09, 0x39, 0x02, 0x47, 0x08,
  0x06, 0x67, 0x08, 0x09, 0x06, 0x66, 0x08, 0x08, 0x06, 0x67, 0x08, 0x09,
  0x06, 0x66, 0x08, 0x00, 0x00, 0x01, 0x00, 0x58, 0x02, 0x4a, 0x01, 0x2e,
  0x02, 0x9a, 0x00, 0x0f, 0x00, 0x27, 0xb1, 0x06, 0x64, 0x44, 0x40, 0x1c,
  0x0b, 0x03, 0x02, 0x01, 0x00, 0x01, 0x4c, 0x00, 0x00, 0x01, 0x01, 0x00,
  0x57, 0x00, 0x00, 0x00, 0x01, 0x5f, 0x00, 0x01, 0x00, 0x01, 0x4f, 0x26,
  0x25, 0x02, 0x0a, 0x18, 0x2b, 0xb1, 0x06, 0x00, 0x44, 0x12, 0x26, 0x35,
  0x35, 0x34, 0x36, 0x33, 0x33, 0x32, 0x16, 0x15, 0x15, 0x14, 0x06, 0x23,
  0x23, 0x5f, 0x07, 0x07, 0x05, 0xbe, 0x05, 0x07, 0x07, 0x05, 0xbe, 0x02,
  0x4a, 0x07, 0x05, 0x38, 0x05, 0x07, 0x07, 0x05, 0x38, 0x05, 0x07, 0x00,
  0x00, 0x01, 0xff, 0xff, 0xff, 0x43, 0x00, 0x86, 0x00, 0x00, 0x00, 0x1b,
  0x00, 0x33, 0xb1, 0x06, 0x64, 0x44, 0x40, 0x28, 0x13, 0x01, 0x02, 0x01,
  0x1b, 0x01, 0x00, 0x02, 0x02, 0x4c, 0x00, 0x02, 0x01, 0x00, 0x01, 0x02,
  0x00, 0x80, 0x00, 0x01, 0x02, 0x00, 0x01, 0x59, 0x00, 0x01, 0x01, 0x00,
  0x61, 0x00, 0x00, 0x01, 0x00, 0x51, 0x2b, 0x25, 0x23, 0x03, 0x0a, 0x19,
  0x2b, 0xb1, 0x06, 0x00, 0x44, 0x17, 0x14, 0x07, 0x06, 0x23, 0x22, 0x26,
  0x35, 0x34, 0x37, 0x36, 0x33, 0x33, 0x32, 0x16, 0x15, 0x14, 0x07, 0x06,
  0x15, 0x17, 0x16, 0x16, 0x37, 0x33, 0x32, 0x17, 0x17, 0x86, 0x08, 0x16,
  0x13, 0x25, 0x31, 0x2e, 0x06, 0x09, 0x31, 0x04, 0x06, 0x05, 0x27, 0x01,
  0x04, 0x15, 0x0e, 0x03, 0x0a, 0x01, 0x05, 0xad, 0x07, 0x03, 0x06, 0x27,
  0x2f, 0x34, 0x2d, 0x06, 0x04, 0x02, 0x04, 0x05, 0x27, 0x22, 0x08, 0x10,
  0x0e, 0x02, 0x09, 0x24, 0xff, 0xff, 0x00, 0x11, 0x02, 0x38, 0x00, 0xfc,
  0x03, 0x25, 0x00, 0x03, 0x02, 0x8f, 0x00, 0xee, 0x00, 0x00, 0x00, 0x00,
  0xff, 0xff, 0x00, 0x11, 0x02, 0x52, 0x01, 0x2c, 0x02, 0xc3, 0x00, 0x03,
  0x02, 0x90, 0x01, 0x30, 0x00, 0x00, 0x00, 0x00, 0x00, 0x01, 0xff, 0x4a,
  0xff, 0x43, 0xff, 0xfa, 0x00, 0x11, 0x00, 0x2e, 0x00, 0x38, 0x40, 0x35,
  0x0d, 0x01, 0x00, 0x02, 0x01, 0x4c, 0x00, 0x00, 0x02, 0x01, 0x02, 0x00,
  0x01, 0x80, 0x00, 0x03, 0x00, 0x02, 0x00, 0x03, 0x02, 0x69, 0x00, 0x01,
  0x04, 0x04, 0x01, 0x59, 0x00, 0x01, 0x01, 0x04, 0x61, 0x05, 0x01, 0x04,
  0x01, 0x04, 0x51, 0x00, 0x00, 0x00, 0x2e, 0x00, 0x2d, 0x27, 0x25, 0x25,
  0x12, 0x25, 0x06, 0x06, 0x19, 0x2b, 0x06, 0x27, 0x26, 0x37, 0x37, 0x36,
  0x33, 0x32, 0x17, 0x16, 0x37, 0x36, 0x36, 0x37, 0x34, 0x26, 0x23, 0x22,
  0x07, 0x07, 0x06, 0x23, 0x22, 0x27, 0x27, 0x26, 0x37, 0x37, 0x36, 0x17,
  0x17, 0x16, 0x16, 0x07, 0x07, 0x06, 0x37, 0x36, 0x33, 0x32, 0x17, 0x16,
  0x16, 0x15, 0x14, 0x06, 0x23, 0x8c, 0x22, 0x08, 0x05, 0x0d, 0x03, 0x05,
  0x05, 0x04, 0x17, 0x15, 0x0f, 0x12, 0x01, 0x0f, 0x0d, 0x0d, 0x0a, 0x05,
  0x04, 0x02, 0x03, 0x06, 0x17, 0x08, 0x04, 0x18, 0x05, 0x0a, 0x11, 0x06,
  0x04, 0x03, 0x0a, 0x03, 0x08, 0x0d, 0x0e, 0x0d, 0x0e, 0x18, 0x19, 0x34,
  0x27, 0xbd, 0x1f, 0x05, 0x0b, 0x17, 0x06, 0x04, 0x14, 0x01, 0x02, 0x0f,
  0x0d, 0x0c, 0x11, 0x07, 0x03, 0x02, 0x04, 0x15, 0x06, 0x0a, 0x38, 0x09,
  0x01, 0x03, 0x02, 0x08, 0x05, 0x15, 0x07, 0x03, 0x06, 0x06, 0x08, 0x2a,
  0x19, 0x28, 0x2f, 0x00, 0x00, 0x01, 0x00, 0x0e, 0xff, 0x43, 0x00, 0xb5,
  0x00, 0x13, 0x00, 0x2f, 0x00, 0x3c, 0x40, 0x39, 0x0e, 0x01, 0x00, 0x02,
  0x03, 0x01, 0x04, 0x01, 0x02, 0x4c, 0x00, 0x00, 0x02, 0x01, 0x02, 0x00,
  0x01, 0x80, 0x00, 0x03, 0x00, 0x02, 0x00, 0x03, 0x02, 0x69, 0x00, 0x01,
  0x04, 0x04, 0x01, 0x59, 0x00, 0x01, 0x01, 0x04, 0x61, 0x05, 0x01, 0x04,
  0x01, 0x04, 0x51, 0x00, 0x00, 0x00, 0x2f, 0x00, 0x2e, 0x28, 0x26, 0x24,
  0x22, 0x26, 0x06, 0x06, 0x19, 0x2b, 0x16, 0x27, 0x26, 0x35, 0x37, 0x37,
  0x36, 0x33, 0x32, 0x17, 0x16, 0x33, 0x32, 0x36, 0x37, 0x34, 0x26, 0x23,
  0x22, 0x07, 0x07, 0x06, 0x23, 0x22, 0x27, 0x27, 0x26, 0x37, 0x37, 0x36,
  0x17, 0x17, 0x16, 0x16, 0x07, 0x07, 0x06, 0x37, 0x36, 0x33, 0x32, 0x17,
  0x16, 0x16, 0x15, 0x14, 0x06, 0x23, 0x2e, 0x1c, 0x04, 0x02, 0x0c, 0x03,
  0x05, 0x04, 0x04, 0x11, 0x13, 0x10, 0x15, 0x01, 0x0f, 0x0d, 0x0d, 0x0a,
  0x05, 0x04, 0x03, 0x04, 0x04, 0x17, 0x07, 0x04, 0x1a, 0x06, 0x0a, 0x0e,
  0x06, 0x05, 0x03, 0x0b, 0x03, 0x07, 0x0e, 0x0d, 0x0f, 0x0c, 0x18, 0x19,
  0x34, 0x27, 0xbd, 0x18, 0x03, 0x05, 0x08, 0x18, 0x07, 0x04, 0x0e, 0x10,
  0x0e, 0x0c, 0x11, 0x07, 0x03, 0x02, 0x04, 0x15, 0x07, 0x09, 0x38, 0x0b,
  0x03, 0x03, 0x02, 0x08, 0x05, 0x15, 0x08, 0x04, 0x06, 0x06, 0x08, 0x2a,
  0x19, 0x28, 0x2f, 0x00, 0xff, 0xff, 0xfd, 0xba, 0x02, 0x3a, 0xfe, 0x9f,
  0x03, 0x5c, 0x00, 0x23, 0x02, 0x8e, 0xfe, 0xaf, 0x00, 0x00, 0x01, 0x07,
  0x02, 0x8a, 0xfe, 0x9f, 0x00, 0xa0, 0x00, 0x08, 0xb1, 0x01, 0x01, 0xb0,
  0xa0, 0xb0, 0x35, 0x2b, 0xff, 0xff, 0xfd, 0xb2, 0x02, 0x3a, 0xfe, 0x9f,
  0x03, 0x5c, 0x00, 0x23, 0x02, 0x8e, 0xfe, 0xaf, 0x00, 0x00, 0x01, 0x07,
  0x02, 0x89, 0xfe, 0x5d, 0x00, 0xa0, 0x00, 0x08, 0xb1, 0x01, 0x01, 0xb0,
  0xa0, 0xb0, 0x35, 0x2b, 0x00, 0x02, 0xfd, 0xba, 0x02, 0x3a, 0xfe, 0x9f,
  0x03, 0x73, 0x00, 0x24, 0x00, 0x3b, 0x00, 0x61, 0x40, 0x0a, 0x14, 0x01,
  0x02, 0x00, 0x27, 0x01, 0x03, 0x02, 0x02, 0x4c, 0x4b, 0xb0, 0x1e, 0x50,
  0x58, 0x40, 0x17, 0x00, 0x01, 0x00, 0x00, 0x02, 0x01, 0x00, 0x69, 0x00,
  0x03, 0x06, 0x01, 0x05, 0x03, 0x05, 0x65, 0x04, 0x01, 0x02, 0x02, 0x3c,
  0x02, 0x4e, 0x1b, 0x40, 0x22, 0x04, 0x01, 0x02, 0x00, 0x03, 0x00, 0x02,
  0x03, 0x80, 0x00, 0x01, 0x00, 0x00, 0x02, 0x01, 0x00, 0x69, 0x00, 0x03,
  0x05, 0x05, 0x03, 0x59, 0x00, 0x03, 0x03, 0x05, 0x61, 0x06, 0x01, 0x05,
  0x03, 0x05, 0x51, 0x59, 0x40, 0x0e, 0x25, 0x25, 0x25, 0x3b, 0x25, 0x3a,
  0x33, 0x23, 0x3f, 0x2e, 0x28, 0x07, 0x0a, 0x1b, 0x2b, 0x00, 0x37, 0x36,
  0x37, 0x36, 0x36, 0x35, 0x34, 0x26, 0x23, 0x22, 0x06, 0x07, 0x06, 0x06,
  0x07, 0x06, 0x27, 0x27, 0x26, 0x35, 0x34, 0x37, 0x36, 0x36, 0x33, 0x32,
  0x16, 0x15, 0x14, 0x06, 0x07, 0x06, 0x07, 0x06, 0x27, 0x27, 0x06, 0x26,
  0x27, 0x35, 0x34, 0x33, 0x33, 0x32, 0x17, 0x16, 0x16, 0x33, 0x32, 0x36,
  0x37, 0x36, 0x33, 0x33, 0x32, 0x07, 0x06, 0x06, 0x23, 0xfe, 0x16, 0x06,
  0x0a, 0x13, 0x0a, 0x09, 0x12, 0x0c, 0x0c, 0x12, 0x0b, 0x01, 0x02, 0x01,
  0x06, 0x09, 0x16, 0x05, 0x03, 0x13, 0x26, 0x1e, 0x26, 0x2e, 0x11, 0x11,
  0x10, 0x07, 0x06, 0x09, 0x19, 0x28, 0x3e, 0x04, 0x0b, 0x27, 0x0b, 0x02,
  0x03, 0x1c, 0x14, 0x14, 0x1c, 0x03, 0x01, 0x0c, 0x27, 0x0c, 0x01, 0x04,
  0x3f, 0x2f, 0x02, 0xc9, 0x0c, 0x17, 0x13, 0x0b, 0x0f, 0x0d, 0x0a, 0x0f,
  0x0b, 0x0e, 0x01, 0x02, 0x01, 0x08, 0x07, 0x10, 0x03, 0x06, 0x04, 0x04,
  0x1b, 0x16, 0x2a, 0x23, 0x15, 0x1c, 0x11, 0x10, 0x0c, 0x08, 0x01, 0x05,
  0x8c, 0x38, 0x2e, 0x02, 0x0a, 0x0c, 0x16, 0x1b, 0x1b, 0x16, 0x0c, 0x0c,
  0x2e, 0x38, 0x00, 0x00, 0xff, 0xff, 0xfd, 0xa5, 0x02, 0x3a, 0xfe, 0xc0,
  0x03, 0x4b, 0x00, 0x23, 0x02, 0x8e, 0xfe, 0xaf, 0x00, 0x00, 0x01, 0x07,
  0x02, 0x90, 0xfe, 0xc4, 0x00, 0x88, 0x00, 0x08, 0xb1, 0x01, 0x01, 0xb0,
  0x88, 0xb0, 0x35, 0x2b, 0xff, 0xff, 0xfd, 0xd1, 0x02, 0x3f, 0xff, 0x76,
  0x03, 0x0c, 0x00, 0x23, 0x02, 0x8c, 0xfe, 0xf3, 0x00, 0x00, 0x01, 0x06,
  0x02, 0x8a, 0x82, 0x50, 0x00, 0x08, 0xb1, 0x01, 0x01, 0xb0, 0x50, 0xb0,
  0x35, 0x2b, 0x00, 0x00, 0xff, 0xff, 0xfd, 0xbe, 0x02, 0x3f, 0xff, 0x07,
  0x03, 0x34, 0x00, 0x23, 0x02, 0x8c, 0xfe, 0xe0, 0x00, 0x00, 0x01, 0x07,
  0x02, 0x89, 0xff, 0x13, 0x00, 0x78, 0x00, 0x08, 0xb1, 0x01, 0x01, 0xb0,
  0x78, 0xb0, 0x35, 0x2b, 0x00, 0x02, 0xfd, 0xbe, 0x02, 0x3f, 0xff, 0x2f,
  0x03, 0x5a, 0x00, 0x23, 0x00, 0x3b, 0x00, 0x26, 0x40, 0x23, 0x35, 0x2f,
  0x02, 0x03, 0x02, 0x01, 0x4c, 0x00, 0x01, 0x00, 0x00, 0x02, 0x01, 0x00,
  0x69, 0x04, 0x01, 0x03, 0x03, 0x02, 0x5f, 0x00, 0x02, 0x02, 0x3c, 0x03,
  0x4e, 0x26, 0x26, 0x3f, 0x2b, 0x2a, 0x05, 0x0a, 0x1b, 0x2b, 0x00, 0x26,
  0x37, 0x36, 0x36, 0x37, 0x36, 0x36, 0x35, 0x34, 0x26, 0x23, 0x22, 0x06,
  0x07, 0x06, 0x31, 0x06, 0x27, 0x27, 0x26, 0x37, 0x36, 0x36, 0x33, 0x32,
  0x16, 0x15, 0x14, 0x06, 0x07, 0x06, 0x07, 0x06, 0x27, 0x27, 0x04, 0x26,
  0x37, 0x37, 0x36, 0x33, 0x33, 0x32, 0x17, 0x17, 0x16, 0x15, 0x14, 0x23,
  0x23, 0x22, 0x27, 0x27, 0x26, 0x07, 0x07, 0x06, 0x23, 0x23, 0xfe, 0xc2,
  0x05, 0x03, 0x08, 0x14, 0x02, 0x0a, 0x0a, 0x12, 0x0d, 0x0c, 0x13, 0x0d,
  0x04, 0x06, 0x09, 0x17, 0x09, 0x06, 0x14, 0x28, 0x20, 0x28, 0x31, 0x12,
  0x12, 0x13, 0x06, 0x06, 0x09, 0x1b, 0xfe, 0xfb, 0x05, 0x04, 0x3f, 0x04,
  0x0a, 0x67, 0x09, 0x05, 0x42, 0x02, 0x0a, 0x46, 0x0a, 0x05, 0x22, 0x03,
  0x03, 0x23, 0x05, 0x0a, 0x45, 0x02, 0xa5, 0x08, 0x06, 0x13, 0x17, 0x03,
  0x0a, 0x11, 0x0d, 0x0b, 0x10, 0x0c, 0x0f, 0x04, 0x08, 0x07, 0x11, 0x08,
  0x09, 0x1c, 0x19, 0x2d, 0x25, 0x15, 0x1e, 0x12, 0x13, 0x0b, 0x08, 0x01,
  0x05, 0x64, 0x07, 0x07, 0x67, 0x08, 0x08, 0x67, 0x06, 0x01, 0x07, 0x08,
  0x3f, 0x05, 0x05, 0x3f, 0x08, 0x00, 0x00, 0x00, 0xff, 0xff, 0xfd, 0xb6,
  0x02, 0x3f, 0xfe, 0xd1, 0x03, 0x4f, 0x00, 0x23, 0x02, 0x8c, 0xfe, 0xe0,
  0x00, 0x00, 0x01, 0x07, 0x02, 0x90, 0xfe, 0xd5, 0x00, 0x8c, 0x00, 0x08,
  0xb1, 0x01, 0x01, 0xb0, 0x8c, 0xb0, 0x35, 0x2b, 0x00, 0x01, 0x00, 0x00,
  0x00, 0x01, 0x68, 0x72, 0xd9, 0x2b, 0x4a, 0x24, 0x5f, 0x0f, 0x3c, 0xf5,
  0x00, 0x07, 0x03, 0xe8, 0x00, 0x00, 0x00, 0x00, 0xd8, 0x07, 0xfc, 0x97,
  0x00, 0x00, 0x00, 0x00, 0xd8, 0x08, 0x07, 0xa8, 0xfd, 0xa5, 0xff, 0x21,
  0x03, 0xe3, 0x04, 0x30, 0x00, 0x00, 0x00, 0x07, 0x00, 0x02, 0x00, 0x00,
  0x00, 0x00, 0x00, 0x00, 0x00, 0x01, 0x00, 0x00, 0x03, 0xe8, 0xff, 0x38,
  0x00, 0x00, 0x03, 0xf7, 0xfd, 0xa5, 0xff, 0x5e, 0x03, 0xe3, 0x00, 0x01,
  0x00, 0x00, 0x00, 0x00, 0x00, 0x00, 0x00, 0x00, 0x00, 0x00, 0x00, 0x00,
  0x00, 0x00, 0x02, 0xb6, 0x01, 0x7d, 0x00, 0x00, 0x00, 0x00, 0x00, 0x00,
  0x00, 0xc8, 0x00, 0x00, 0x00, 0xc8, 0x00, 0x00, 0x01, 0xc8, 0x00, 0x0b,
  0x01, 0xc8, 0x00, 0x0b, 0x01, 0xc8, 0x00, 0x0b, 0x01, 0xc8, 0x00, 0x0b,
  0x01, 0xc8, 0x00, 0x0b, 0x01, 0xc8, 0x00, 0x0b, 0x01, 0xc8, 0x00, 0x0b,
  0x01, 0xc8, 0x00, 0x0b, 0x01, 0xc8, 0x00, 0x0b, 0x01, 0xc8, 0x00, 0x0b,
  0x01, 0xc8, 0x00, 0x0b, 0x01, 0xc8, 0x00, 0x0b, 0x01, 0xc8, 0x00, 0x0b,
  0x01, 0xc8, 0x00, 0x0b, 0x01, 0xc8, 0x00, 0x0b, 0x01, 0xc8, 0x00, 0x0b,
  0x01, 0xc8, 0x00, 0x0b, 0x01, 0xc8, 0x00, 0x0b, 0x01, 0xc8, 0x00, 0x0b,
  0x01, 0xc8, 0x00, 0x0b, 0x01, 0xc8, 0x00, 0x0b, 0x01, 0xc8, 0x00, 0x0b,
  0x01, 0xc8, 0x00, 0x0b, 0x02, 0xdf, 0x00, 0x0f, 0x01, 0xce, 0x00, 0x36,
  0x01, 0xc9, 0x00, 0x2a, 0x01, 0xc9, 0x00, 0x2a, 0x01, 0xc9, 0x00, 0x2a,
  0x01, 0xc9, 0x00, 0x2a, 0x01, 0xc9, 0x00, 0x2a, 0x01, 0xc9, 0x00, 0x2a,
  0x01, 0xd8, 0x00, 0x36, 0x01, 0xfb, 0x00, 0x36, 0x01, 0xd8, 0x00, 0x36,
  0x01, 0xfb, 0x00, 0x36, 0x01, 0xb3, 0x00, 0x36, 0x01, 0xb3, 0x00, 0x36,
  0x01, 0xb3, 0x00, 0x36, 0x01, 0xb3, 0x00, 0x36, 0x01, 0xb3, 0x00, 0x36,
  0x01, 0xb3, 0x00, 0x36, 0x01, 0xb3, 0x00, 0x36, 0x01, 0xb3, 0x00, 0x36,
  0x01, 0xb3, 0x00, 0x36, 0x01, 0xb3, 0x00, 0x36, 0x01, 0xb3, 0x00, 0x36,
  0x01, 0xb3, 0x00, 0x36, 0x01, 0xb3, 0x00, 0x36, 0x01, 0xb3, 0x00, 0x36,
  0x01, 0xb3, 0x00, 0x36, 0x01, 0xb3, 0x00, 0x36, 0x01, 0xb3, 0x00, 0x36,
  0x01, 0xb3, 0x00, 0x36, 0x01, 0x9f, 0x00, 0x36, 0x01, 0xce, 0x00, 0x2a,
  0x01, 0xcd, 0x00, 0x2a, 0x01, 0xcd, 0x00, 0x2a, 0x01, 0xcd, 0x00, 0x2a,
  0x01, 0xdd, 0x00, 0x36, 0x01, 0xdd, 0x00, 0x07, 0x01, 0xdd, 0x00, 0x36,
  0x00, 0xe0, 0x00, 0x36, 0x00, 0xe0, 0x00, 0x35, 0x00, 0xe0, 0xff, 0xe9,
  0x00, 0xe0, 0xff, 0xd3, 0x00, 0xe0, 0x00, 0x2a, 0x00, 0xe0, 0x00, 0x2d,
  0x00, 0xe0, 0xff, 0xf6, 0x00, 0xe0, 0x00, 0x0e, 0x00, 0xe0, 0x00, 0x02,
  0x00, 0xcf, 0x00, 0x20, 0x00, 0xe0, 0xff, 0xf0, 0x01, 0xbb, 0x00, 0x11,
  0x01, 0xbb, 0x00, 0x11, 0x01, 0xdd, 0x00, 0x36, 0x01, 0x9f, 0x00, 0x36,
  0x01, 0x9f, 0x00, 0x36, 0x01, 0xa1, 0x00, 0x36, 0x01, 0x9f, 0x00, 0x36,
  0x01, 0xd3, 0xff, 0xf3, 0x02, 0x1a, 0x00, 0x33, 0x01, 0xfb, 0x00, 0x36,
  0x01, 0xfb, 0x00, 0x36, 0x01, 0xfb, 0x00, 0x36, 0x01, 0xfb, 0x00, 0x36,
  0x01, 0xfb, 0x00, 0x36, 0x01, 0xd3, 0x00, 0x2a, 0x01, 0xd3, 0x00, 0x2a,
  0x01, 0xd3, 0x00, 0x2a, 0x01, 0xd3, 0x00, 0x2a, 0x01, 0xd3, 0x00, 0x2a,
  0x01, 0xd3, 0x00, 0x2a, 0x01, 0xd3, 0x00, 0x2a, 0x01, 0xd3, 0x00, 0x2a,
  0x01, 0xd3, 0x00, 0x2a, 0x01, 0xd3, 0x00, 0x2a, 0x01, 0xd3, 0x00, 0x2a,
  0x01, 0xd3, 0x00, 0x2a, 0x01, 0xd3, 0x00, 0x2a, 0x01, 0xd3, 0x00, 0x2a,
  0x01, 0xd3, 0x00, 0x2a, 0x01, 0xd3, 0x00, 0x2a, 0x01, 0xd3, 0x00, 0x2a,
  0x01, 0xd3, 0x00, 0x2a, 0x01, 0xd3, 0x00, 0x2a, 0x01, 0xd3, 0x00, 0x2a,
  0x02, 0x55, 0x00, 0x1c, 0x01, 0xd3, 0x00, 0x2a, 0x02, 0xb2, 0x00, 0x2a,
  0x01, 0xc9, 0x00, 0x35, 0x01, 0xc9, 0x00, 0x35, 0x01, 0xc7, 0x00, 0x2a,
  0x01, 0xcd, 0x00, 0x36, 0x01, 0xcd, 0x00, 0x36, 0x01, 0xcd, 0x00, 0x36,
  0x01, 0xb2, 0x00, 0x20, 0x01, 0xb2, 0x00, 0x20, 0x01, 0xb2, 0x00, 0x20,
  0x01, 0xb2, 0x00, 0x20, 0x01, 0xb2, 0x00, 0x20, 0x02, 0x16, 0x00, 0x26,
  0x01, 0xc4, 0x00, 0x1c, 0x01, 0xc4, 0x00, 0x1c, 0x01, 0xc4, 0x00, 0x1c,
  0x01, 0xde, 0x00, 0x32, 0x01, 0xde, 0x00, 0x32, 0x01, 0xde, 0x00, 0x32,
  0x01, 0xde, 0x00, 0x32, 0x01, 0xde, 0x00, 0x32, 0x01, 0xde, 0x00, 0x32,
  0x01, 0xde, 0x00, 0x32, 0x01, 0xde, 0x00, 0x32, 0x01, 0xde, 0x00, 0x32,
  0x01, 0xde, 0x00, 0x32, 0x01, 0xde, 0x00, 0x32, 0x01, 0xde, 0x00, 0x32,
  0x01, 0xde, 0x00, 0x32, 0x01, 0xde, 0x00, 0x32, 0x01, 0xde, 0x00, 0x32,
  0x01, 0xde, 0x00, 0x32, 0x01, 0xde, 0x00, 0x32, 0x01, 0xde, 0x00, 0x32,
  0x01, 0xde, 0x00, 0x32, 0x01, 0xd7, 0x00, 0x1b, 0x02, 0x99, 0x00, 0x17,
  0x02, 0x92, 0x00, 0x17, 0x02, 0x92, 0x00, 0x17, 0x02, 0x92, 0x00, 0x17,
  0x02, 0x92, 0x00, 0x17, 0x01, 0xcc, 0x00, 0x1d, 0x01, 0xc8, 0x00, 0x1d,
  0x01, 0xc8, 0x00, 0x1d, 0x01, 0xc8, 0x00, 0x1d, 0x01, 0xc8, 0x00, 0x1d,
  0x01, 0xc8, 0x00, 0x1d, 0x01, 0xc8, 0x00, 0x1d, 0x01, 0xc8, 0x00, 0x1d,
  0x01, 0xc8, 0x00, 0x1d, 0x01, 0x96, 0x00, 0x19, 0x01, 0x96, 0x00, 0x19,
  0x01, 0x96, 0x00, 0x19, 0x01, 0x96, 0x00, 0x19, 0x01, 0xcd, 0x00, 0x2a,
  0x01, 0xdd, 0x00, 0x36, 0x01, 0xfb, 0x00, 0x36, 0x01, 0xcd, 0x00, 0x36,
  0x01, 0xc4, 0x00, 0x1c, 0x01, 0xb2, 0x00, 0x20, 0x01, 0xc4, 0x00, 0x1c,
  0x01, 0xb2, 0x00, 0x1d, 0x01, 0xb1, 0x00, 0x1d, 0x01, 0xb1, 0x00, 0x1d,
  0x01, 0xb1, 0x00, 0x1d, 0x01, 0xb1, 0x00, 0x1d, 0x01, 0xb1, 0x00, 0x1d,
  0x01, 0xb1, 0x00, 0x1d, 0x01, 0xb1, 0x00, 0x1d, 0x01, 0xb1, 0x00, 0x1d,
  0x01, 0xb1, 0x00, 0x1d, 0x01, 0xb1, 0x00, 0x1d, 0x01, 0xb1, 0x00, 0x1d,
  0x01, 0xb1, 0x00, 0x1d, 0x01, 0xb1, 0x00, 0x1d, 0x01, 0xb1, 0x00, 0x1d,
  0x01, 0xb1, 0x00, 0x1d, 0x01, 0xb1, 0x00, 0x1d, 0x01, 0xb1, 0x00, 0x1d,
  0x01, 0xb1, 0x00, 0x1d, 0x01, 0xb1, 0x00, 0x1d, 0x01, 0xb1, 0x00, 0x1d,
  0x01, 0xb1, 0x00, 0x1d, 0x01, 0xb1, 0x00, 0x1d, 0x02, 0xa2, 0x00, 0x1d,
  0x01, 0xb5, 0x00, 0x2e, 0x01, 0xa6, 0x00, 0x26, 0x01, 0xa6, 0x00, 0x26,
  0x01, 0xa6, 0x00, 0x26, 0x01, 0xa6, 0x00, 0x26, 0x01, 0xa6, 0x00, 0x26,
  0x01, 0xa6, 0x00, 0x26, 0x01, 0xb5, 0x00, 0x26, 0x01, 0xbb, 0x00, 0x26,
  0x01, 0xb5, 0x00, 0x26, 0x01, 0xb5, 0x00, 0x26, 0x01, 0xaa, 0x00, 0x26,
  0x01, 0xaa, 0x00, 0x26, 0x01, 0xaa, 0x00, 0x26, 0x01, 0xaa, 0x00, 0x26,
  0x01, 0xaa, 0x00, 0x26, 0x01, 0xaa, 0x00, 0x26, 0x01, 0xaa, 0x00, 0x26,
  0x01, 0xaa, 0x00, 0x26, 0x01, 0xaa, 0x00, 0x26, 0x01, 0xaa, 0x00, 0x26,
  0x01, 0xaa, 0x00, 0x26, 0x01, 0xaa, 0x00, 0x26, 0x01, 0xaa, 0x00, 0x26,
  0x01, 0xaa, 0x00, 0x26, 0x01, 0xaa, 0x00, 0x26, 0x01, 0xaa, 0x00, 0x26,
  0x01, 0xaa, 0x00, 0x26, 0x01, 0xaa, 0x00, 0x26, 0x01, 0xaa, 0x00, 0x22,
  0x01, 0xa8, 0x00, 0x26, 0x01, 0xa8, 0x00, 0x26, 0x01, 0x23, 0x00, 0x16,
  0x01, 0xaf, 0x00, 0x26, 0x01, 0xaf, 0x00, 0x26, 0x01, 0xaf, 0x00, 0x26,
  0x01, 0xaf, 0x00, 0x26, 0x01, 0xaf, 0x00, 0x26, 0x01, 0xba, 0x00, 0x26,
  0x01, 0xb7, 0x00, 0x2e, 0x01, 0xb7, 0xff, 0xfc, 0x01, 0xb7, 0x00, 0x2e,
  0x01, 0xb7, 0x00, 0x2e, 0x00, 0xd7, 0x00, 0x24, 0x00, 0xb6, 0x00, 0x21,
  0x00, 0xb6, 0x00, 0x20, 0x00, 0xb6, 0xff, 0xea, 0x00, 0xb6, 0xff, 0xd4,
  0x00, 0xb6, 0xff, 0xbe, 0x00, 0xb6, 0x00, 0x15, 0x00, 0xd7, 0x00, 0x24,
  0x00, 0xb6, 0xff, 0xe1, 0x00, 0xb6, 0xff, 0xf9, 0x01, 0xa7, 0x00, 0x24,
  0x00, 0xb6, 0xff, 0xed, 0x00, 0xe1, 0x00, 0x2e, 0x00, 0xb6, 0xff, 0xdb,
  0x00, 0xd3, 0xff, 0xd1, 0x00, 0xd4, 0xff, 0xd1, 0x00, 0xd4, 0xff, 0xd1,
  0x01, 0xb1, 0x00, 0x2e, 0x01, 0xb1, 0x00, 0x2e, 0x00, 0xc7, 0x00, 0x2a,
  0x00, 0xc7, 0x00, 0x2a, 0x01, 0x7b, 0x00, 0x2a, 0x00, 0xc7, 0xff, 0xe5,
  0x00, 0xe2, 0x00, 0x2b, 0x01, 0x61, 0x00, 0x11, 0x02, 0x99, 0x00, 0x2e,
  0x01, 0xb7, 0x00, 0x2e, 0x01, 0xb7, 0x00, 0x2e, 0x01, 0xb7, 0x00, 0x2e,
  0x01, 0xb7, 0x00, 0x2e, 0x01, 0xb7, 0x00, 0x2e, 0x01, 0xb0, 0x00, 0x26,
  0x01, 0xb0, 0x00, 0x26, 0x01, 0xb0, 0x00, 0x26, 0x01, 0xb0, 0x00, 0x26,
  0x01, 0xb0, 0x00, 0x26, 0x01, 0xb0, 0x00, 0x26, 0x01, 0xb0, 0x00, 0x26,
  0x01, 0xb0, 0x00, 0x26, 0x01, 0xb0, 0x00, 0x26, 0x01, 0xb0, 0x00, 0x26,
  0x01, 0xb0, 0x00, 0x26, 0x01, 0xb0, 0x00, 0x26, 0x01, 0xb0, 0x00, 0x26,
  0x01, 0xb0, 0x00, 0x26, 0x01, 0xb0, 0x00, 0x26, 0x01, 0xb0, 0x00, 0x26,
  0x01, 0xb0, 0x00, 0x26, 0x01, 0xb0, 0x00, 0x26, 0x01, 0xb0, 0x00, 0x26,
  0x01, 0xb0, 0x00, 0x26, 0x01, 0xb0, 0x00, 0x26, 0x01, 0xce, 0x00, 0x28,
  0x01, 0xb0, 0x00, 0x28, 0x01, 0xb0, 0x00, 0x26, 0x02, 0xa7, 0x00, 0x26,
  0x01, 0xb9, 0x00, 0x32, 0x01, 0xb1, 0x00, 0x2a, 0x01, 0xb9, 0x00, 0x26,
  0x01, 0x39, 0x00, 0x2e, 0x01, 0x39, 0x00, 0x2e, 0x01, 0x39, 0x00, 0x2e,
  0x01, 0x8e, 0x00, 0x1e, 0x01, 0x8f, 0x00, 0x1e, 0x01, 0x8f, 0x00, 0x1e,
  0x01, 0x8f, 0x00, 0x1e, 0x01, 0x8f, 0x00, 0x1e, 0x01, 0xc2, 0x00, 0x2e,
  0x01, 0x1a, 0x00, 0x11, 0x01, 0x1a, 0x00, 0x11, 0x01, 0x1a, 0x00, 0x11,
  0x01, 0xb6, 0x00, 0x2a, 0x01, 0xb7, 0x00, 0x2a, 0x01, 0xb7, 0x00, 0x2a,
  0x01, 0xb7, 0x00, 0x2a, 0x01, 0xb7, 0x00, 0x2a, 0x01, 0xb7, 0x00, 0x2a,
  0x01, 0xb7, 0x00, 0x2a, 0x01, 0xb7, 0x00, 0x2a, 0x01, 0xb7, 0x00, 0x2a,
  0x01, 0xb7, 0x00, 0x2a, 0x01, 0xb7, 0x00, 0x2a, 0x01, 0xb7, 0x00, 0x2a,
  0x01, 0xb7, 0x00, 0x2a, 0x01, 0xb7, 0x00, 0x2a, 0x01, 0xb7, 0x00, 0x2a,
  0x01, 0xb7, 0x00, 0x2a, 0x01, 0xb7, 0x00, 0x2a, 0x01, 0xaf, 0x00, 0x26,
  0x01, 0xb1, 0x00, 0x2e, 0x01, 0xb7, 0x00, 0x2e, 0x01, 0x39, 0xff, 0xe8,
  0x01, 0x1a, 0x00, 0x11, 0x01, 0x8f, 0x00, 0x1e, 0x01, 0x1a, 0x00, 0x11,
  0x01, 0xb7, 0x00, 0x2a, 0x01, 0xb7, 0x00, 0x2a, 0x01, 0xb7, 0x00, 0x2a,
  0x01, 0x9f, 0x00, 0x13, 0x02, 0x50, 0x00, 0x13, 0x02, 0x50, 0x00, 0x13,
  0x02, 0x50, 0x00, 0x13, 0x02, 0x50, 0x00, 0x13, 0x02, 0x50, 0x00, 0x13,
  0x01, 0xa1, 0x00, 0x11, 0x01, 0x93, 0x00, 0x10, 0x01, 0x93, 0x00, 0x10,
  0x01, 0x93, 0x00, 0x10, 0x01, 0x93, 0x00, 0x10, 0x01, 0x93, 0x00, 0x10,
  0x01, 0x93, 0x00, 0x10, 0x01, 0x93, 0x00, 0x10, 0x01, 0x93, 0x00, 0x10,
  0x01, 0x70, 0x00, 0x18, 0x01, 0x70, 0x00, 0x18, 0x01, 0x70, 0x00, 0x18,
  0x01, 0x70, 0x00, 0x18, 0x01, 0xaa, 0x00, 0x26, 0x01, 0xb7, 0x00, 0x2e,
  0x01, 0xb5, 0x00, 0x26, 0x01, 0xbf, 0x00, 0x2e, 0x01, 0xf8, 0x00, 0x16,
  0x01, 0xe9, 0x00, 0x16, 0x02, 0x9b, 0x00, 0x36, 0x03, 0x02, 0x00, 0x16,
  0x02, 0xf5, 0x00, 0x16, 0x02, 0x81, 0x00, 0x26, 0x01, 0xa4, 0x00, 0x24,
  0x01, 0xc1, 0x00, 0x15, 0x01, 0xc1, 0x00, 0x15, 0x01, 0xc1, 0x00, 0x15,
  0x01, 0xc1, 0x00, 0x15, 0x01, 0xc1, 0x00, 0x15, 0x01, 0xc1, 0x00, 0x15,
  0x01, 0xc1, 0x00, 0x15, 0x01, 0xc1, 0x00, 0x15, 0x01, 0xc1, 0x00, 0x15,
  0x01, 0xc1, 0x00, 0x15, 0x01, 0xc1, 0x00, 0x15, 0x02, 0xb0, 0x00, 0x19,
  0x01, 0xa8, 0x00, 0x2d, 0x01, 0xa5, 0x00, 0x24, 0x01, 0xa5, 0x00, 0x24,
  0x01, 0xa5, 0x00, 0x24, 0x01, 0xa5, 0x00, 0x24, 0x01, 0xa5, 0x00, 0x24,
  0x01, 0xae, 0x00, 0x2d, 0x01, 0xcb, 0x00, 0x2d, 0x01, 0xae, 0x00, 0x2d,
  0x01, 0xcb, 0x00, 0x2d, 0x01, 0x8d, 0x00, 0x2d, 0x01, 0x8d, 0x00, 0x2d,
  0x01, 0x8d, 0x00, 0x2d, 0x01, 0x8d, 0x00, 0x2d, 0x01, 0x8d, 0x00, 0x2d,
  0x01, 0x8d, 0x00, 0x2d, 0x01, 0x8d, 0x00, 0x2d, 0x01, 0x8d, 0x00, 0x2d,
  0x01, 0x8d, 0x00, 0x2d, 0x01, 0x8d, 0x00, 0x2d, 0x01, 0x7c, 0x00, 0x2d,
  0x01, 0xa4, 0x00, 0x24, 0x01, 0xa4, 0x00, 0x24, 0x01, 0xa4, 0x00, 0x24,
  0x01, 0xa4, 0x00, 0x24, 0x01, 0xb3, 0x00, 0x2d, 0x01, 0xb3, 0xff, 0xf1,
  0x00, 0xce, 0x00, 0x2d, 0x00, 0xce, 0x00, 0x2c, 0x00, 0xce, 0xff, 0xe0,
  0x00, 0xce, 0xff, 0xca, 0x00, 0xce, 0x00, 0x21, 0x00, 0xce, 0xff, 0xed,
  0x02, 0x64, 0x00, 0x2d, 0x00, 0xce, 0xff, 0xf9, 0x00, 0xce, 0x00, 0x1f,
  0x01, 0x96, 0x00, 0x0d, 0x01, 0xb7, 0x00, 0x2d, 0x01, 0xb7, 0x00, 0x2d,
  0x01, 0x7e, 0x00, 0x2d, 0x01, 0x7e, 0x00, 0x2d, 0x01, 0x8c, 0x00, 0x2d,
  0x01, 0x7e, 0x00, 0x2d, 0x01, 0xab, 0x00, 0x01, 0x01, 0xe2, 0x00, 0x2d,
  0x01, 0xd0, 0x00, 0x2d, 0x01, 0xd0, 0x00, 0x2d, 0x01, 0xd0, 0x00, 0x2d,
  0x01, 0xd0, 0x00, 0x2d, 0x01, 0xd0, 0x00, 0x2d, 0x01, 0xd0, 0x00, 0x2d,
  0x01, 0xac, 0x00, 0x24, 0x01, 0xac, 0x00, 0x24, 0x01, 0xac, 0x00, 0x24,
  0x01, 0xac, 0x00, 0x24, 0x01, 0xac, 0x00, 0x24, 0x01, 0xac, 0x00, 0x24,
  0x01, 0xac, 0x00, 0x24, 0x01, 0xac, 0x00, 0x12, 0x01, 0xac, 0x00, 0x24,
  0x02, 0x74, 0x00, 0x24, 0x01, 0xa1, 0x00, 0x29, 0x01, 0xa1, 0x00, 0x29,
  0x01, 0xa2, 0x00, 0x24, 0x01, 0xa8, 0x00, 0x2d, 0x01, 0xa8, 0x00, 0x2d,
  0x01, 0xa8, 0x00, 0x2d, 0x01, 0xa8, 0x00, 0x2d, 0x01, 0x97, 0x00, 0x1f,
  0x01, 0x97, 0x00, 0x1f, 0x01, 0x97, 0x00, 0x1f, 0x01, 0x97, 0x00, 0x1f,
  0x01, 0x97, 0x00, 0x1f, 0x01, 0x96, 0x00, 0x12, 0x01, 0x96, 0x00, 0x12,
  0x01, 0x96, 0x00, 0x12, 0x01, 0x96, 0x00, 0x12, 0x01, 0x96, 0x00, 0x12,
  0x01, 0xb1, 0x00, 0x29, 0x01, 0xb1, 0x00, 0x29, 0x01, 0xb1, 0x00, 0x29,
  0x01, 0xb1, 0x00, 0x29, 0x01, 0xb1, 0x00, 0x29, 0x01, 0xb1, 0x00, 0x29,
  0x01, 0xb1, 0x00, 0x29, 0x01, 0xb1, 0x00, 0x29, 0x01, 0xb1, 0x00, 0x29,
  0x01, 0xb4, 0x00, 0x18, 0x02, 0x66, 0x00, 0x18, 0x02, 0x66, 0x00, 0x18,
  0x02, 0x66, 0x00, 0x18, 0x02, 0x66, 0x00, 0x18, 0x02, 0x66, 0x00, 0x18,
  0x01, 0xaa, 0x00, 0x18, 0x01, 0xa8, 0x00, 0x19, 0x01, 0xa8, 0x00, 0x19,
  0x01, 0xa8, 0x00, 0x19, 0x01, 0xa8, 0x00, 0x19, 0x01, 0xa8, 0x00, 0x19,
  0x01, 0x75, 0x00, 0x15, 0x01, 0x75, 0x00, 0x15, 0x01, 0x75, 0x00, 0x15,
  0x01, 0x75, 0x00, 0x15, 0x01, 0x1e, 0x00, 0x10, 0x01, 0x22, 0x00, 0x13,
  0x02, 0x0d, 0x00, 0x0b, 0x01, 0xeb, 0x00, 0x2a, 0x01, 0xbb, 0x00, 0x2e,
  0x02, 0x0f, 0x00, 0x1b, 0x01, 0xc2, 0x00, 0x26, 0x01, 0x12, 0x00, 0x0a,
  0x01, 0xa9, 0x00, 0x1d, 0x01, 0xaa, 0x00, 0x1c, 0x01, 0xcb, 0x00, 0x11,
  0x01, 0xac, 0x00, 0x27, 0x01, 0xad, 0x00, 0x27, 0x01, 0x88, 0x00, 0x10,
  0x01, 0xb2, 0x00, 0x26, 0x01, 0xa7, 0x00, 0x16, 0x01, 0xdb, 0x00, 0x2e,
  0x01, 0xdb, 0x00, 0x42, 0x01, 0xdb, 0x00, 0x30, 0x01, 0xdb, 0x00, 0x2c,
  0x01, 0xdb, 0x00, 0x17, 0x01, 0xdb, 0x00, 0x39, 0x01, 0xdb, 0x00, 0x37,
  0x01, 0xdb, 0x00, 0x2e, 0x01, 0xdb, 0x00, 0x34, 0x01, 0xdb, 0x00, 0x27,
  0x01, 0x0e, 0x00, 0x15, 0x00, 0x99, 0x00, 0x10, 0x01, 0x02, 0x00, 0x10,
  0x01, 0x13, 0x00, 0x1b, 0x01, 0x16, 0x00, 0x09, 0x00, 0xfd, 0x00, 0x0e,
  0x01, 0x05, 0x00, 0x15, 0x00, 0xee, 0x00, 0x07, 0x01, 0x07, 0x00, 0x15,
  0x01, 0x05, 0x00, 0x0f, 0x01, 0x0e, 0x00, 0x15, 0x00, 0x99, 0x00, 0x10,
  0x01, 0x02, 0x00, 0x10, 0x01, 0x13, 0x00, 0x1b, 0x01, 0x16, 0x00, 0x09,
  0x00, 0xfd, 0x00, 0x0e, 0x01, 0x05, 0x00, 0x15, 0x00, 0xee, 0x00, 0x07,
  0x01, 0x07, 0x00, 0x15, 0x01, 0x05, 0x00, 0x0f, 0x00, 0x99, 0x00, 0x10,
  0x01, 0x02, 0x00, 0x10, 0x01, 0x13, 0x00, 0x1b, 0x01, 0x16, 0x00, 0x09,
  0x00, 0xfd, 0x00, 0x0e, 0x01, 0x05, 0x00, 0x15, 0x00, 0xee, 0x00, 0x07,
  0x01, 0x07, 0x00, 0x15, 0x01, 0x05, 0x00, 0x0f, 0x00, 0xde, 0xff, 0x75,
  0x02, 0xaa, 0x00, 0x10, 0x02, 0xb9, 0x00, 0x10, 0x03, 0x03, 0x00, 0x1b,
  0x02, 0xb2, 0x00, 0x10, 0x02, 0xfc, 0x00, 0x1b, 0x02, 0xd9, 0x00, 0x0e,
  0x02, 0xb9, 0x00, 0x07, 0x00, 0xd3, 0x00, 0x23, 0x00, 0xc7, 0x00, 0x20,
  0x00, 0xfc, 0x00, 0x39, 0x00, 0xda, 0x00, 0x23, 0x02, 0xa7, 0x00, 0x23,
  0x01, 0x0d, 0x00, 0x40, 0x01, 0x0d, 0x00, 0x40, 0x01, 0x9d, 0x00, 0x15,
  0x01, 0x9d, 0x00, 0x16, 0x00, 0xd7, 0x00, 0x25, 0x01, 0x2e, 0x00, 0x1b,
  0x01, 0x69, 0x00, 0x12, 0x02, 0x5e, 0x00, 0x2a, 0x01, 0x82, 0x00, 0x13,
  0x01, 0x82, 0x00, 0x2d, 0x01, 0x17, 0x00, 0x00, 0x01, 0x17, 0x00, 0x3d,
  0x01, 0x3f, 0x00, 0x1b, 0x01, 0x3f, 0x00, 0x1b, 0x01, 0x4a, 0x00, 0x1b,
  0x01, 0x4a, 0x00, 0x5d, 0x01, 0x45, 0x00, 0x1b, 0x01, 0x45, 0x00, 0x1b,
  0x01, 0x79, 0x00, 0x1b, 0x02, 0x51, 0x00, 0x1b, 0x01, 0x45, 0x00, 0x1b,
  0x01, 0x95, 0x00, 0x11, 0x02, 0x58, 0x00, 0x20, 0x01, 0x35, 0x00, 0x00,
  0x01, 0x3c, 0x00, 0x03, 0x01, 0x3c, 0x00, 0x00, 0x00, 0xa5, 0x00, 0x03,
  0x00, 0xa5, 0x00, 0x00, 0x01, 0xcf, 0x00, 0x34, 0x01, 0xcf, 0x00, 0x3a,
  0x01, 0x2a, 0x00, 0x2c, 0x01, 0x37, 0x00, 0x3a, 0x01, 0x32, 0x00, 0x12,
  0x00, 0x98, 0x00, 0x12, 0x02, 0x51, 0x00, 0x1b, 0x01, 0x32, 0x00, 0x37,
  0x00, 0xc8, 0x00, 0x00, 0x01, 0xa6, 0x00, 0x26, 0x02, 0x23, 0x00, 0x12,
  0x01, 0xb2, 0x00, 0x20, 0x01, 0xef, 0x00, 0x2a, 0x01, 0xdb, 0x00, 0x16,
  0x01, 0xdb, 0x00, 0x36, 0x02, 0x00, 0x00, 0x36, 0x02, 0x3d, 0x00, 0x2c,
  0x02, 0x0a, 0x00, 0x36, 0x02, 0x10, 0x00, 0x3f, 0x01, 0x2e, 0x00, 0x1b,
  0x01, 0xd1, 0x00, 0x15, 0x01, 0xb7, 0x00, 0x1b, 0x01, 0xb7, 0x00, 0x1b,
  0x01, 0x85, 0x00, 0x1e, 0x01, 0xb7, 0x00, 0x1b, 0x01, 0xb7, 0x00, 0x1b,
  0x01, 0xb7, 0x00, 0x1b, 0x01, 0xb7, 0x00, 0x1b, 0x01, 0xb7, 0x00, 0x1b,
  0x01, 0xb7, 0x00, 0x1b, 0x01, 0xb7, 0x00, 0x1b, 0x01, 0xb7, 0x00, 0x1b,
  0x01, 0xe0, 0x00, 0x1b, 0x01, 0xb7, 0x00, 0x1b, 0x01, 0xe0, 0x00, 0x1b,
  0x01, 0x9d, 0x00, 0x1d, 0x02, 0x8b, 0x00, 0x1b, 0x01, 0x4d, 0x00, 0x16,
  0x01, 0xeb, 0x00, 0x2a, 0x02, 0x0d, 0x00, 0x0b, 0x01, 0xde, 0x00, 0x36,
  0x01, 0xf8, 0x00, 0x36, 0x02, 0xbc, 0x00, 0x14, 0x01, 0xbb, 0x00, 0x2e,
  0x02, 0x0e, 0x00, 0x26, 0x03, 0x04, 0x00, 0x36, 0x03, 0xf7, 0x00, 0x15,
  0x01, 0xad, 0x00, 0x1d, 0x02, 0xf7, 0x00, 0x26, 0x02, 0x45, 0x00, 0x20,
  0x01, 0xf2, 0x00, 0x19, 0x01, 0xa3, 0x00, 0x22, 0x03, 0x27, 0x00, 0x2a,
  0x01, 0xb3, 0x00, 0x11, 0x02, 0x14, 0x00, 0x0e, 0x01, 0x67, 0x00, 0x11,
  0x01, 0x76, 0x00, 0x00, 0x01, 0x5d, 0x00, 0x11, 0x00, 0xab, 0x00, 0x1b,
  0x00, 0xab, 0x00, 0x1b, 0x01, 0x64, 0x00, 0x1b, 0x01, 0xad, 0x00, 0x2c,
  0x01, 0x64, 0x00, 0x1b, 0x03, 0x34, 0x00, 0x2a, 0x03, 0x27, 0x00, 0x2a,
  0x00, 0xa5, 0x00, 0x00, 0x00, 0xa5, 0x00, 0x04, 0x00, 0xd6, 0x00, 0x00,
  0x00, 0x00, 0xfe, 0xc7, 0x00, 0x00, 0xff, 0x6c, 0x00, 0x00, 0xff, 0x55,
  0x00, 0x00, 0xff, 0x52, 0x00, 0x00, 0xfe, 0xbf, 0x00, 0x00, 0xfe, 0xde,
  0x00, 0x00, 0xfe, 0xe0, 0x00, 0x00, 0xff, 0x0b, 0x00, 0x00, 0xff, 0x23,
  0x00, 0x00, 0xfe, 0xe1, 0x00, 0x00, 0xff, 0x2a, 0x00, 0x00, 0xfe, 0x65,
  0x00, 0x00, 0xff, 0x49, 0x00, 0x00, 0xff, 0x52, 0x00, 0x00, 0xff, 0x7d,
  0x00, 0x00, 0xff, 0x6f, 0x00, 0x00, 0xff, 0x3c, 0x00, 0x00, 0xff, 0x79,
  0x00, 0x00, 0xff, 0x73, 0x00, 0x00, 0xfe, 0xe2, 0x00, 0x00, 0xfe, 0x30,
  0x00, 0x00, 0xfe, 0x8b, 0x00, 0x00, 0xfe, 0x69, 0x00, 0xce, 0x00, 0x15,
  0x01, 0x07, 0x00, 0x12, 0x01, 0x38, 0x00, 0x18, 0x00, 0x8c, 0x00, 0x05,
  0x01, 0x15, 0x00, 0x14, 0x01, 0x5a, 0x00, 0x11, 0x00, 0xaf, 0x00, 0x11,
  0x00, 0xce, 0x00, 0x18, 0x01, 0x5e, 0x00, 0x15, 0x01, 0x87, 0x00, 0x58,
  0x00, 0x8c, 0xff, 0xff, 0x01, 0x0c, 0x00, 0x11, 0x01, 0x40, 0x00, 0x11,
  0x00, 0x00, 0xff, 0x4a, 0x00, 0xbb, 0x00, 0x0e, 0x00, 0x00, 0xfd, 0xba,
  0x00, 0x00, 0xfd, 0xb2, 0x00, 0x00, 0xfd, 0xba, 0x00, 0x00, 0xfd, 0xa5,
  0x00, 0x00, 0xfd, 0xd1, 0x00, 0x00, 0xfd, 0xbe, 0x00, 0x00, 0xfd, 0xbe,
  0x00, 0x00, 0xfd, 0xb6, 0x02, 0x58, 0x00, 0x00, 0x00, 0x00, 0x00, 0x82,
  0x00, 0x82, 0x00, 0x82, 0x00, 0x82, 0x00, 0xd0, 0x00, 0xe2, 0x00, 0xf4,
  0x01, 0x06, 0x01, 0x1c, 0x01, 0x2e, 0x01, 0x40, 0x01, 0x52, 0x01, 0x64,
  0x01, 0x76, 0x01, 0x88, 0x01, 0x9e, 0x01, 0xb0, 0x01, 0xc2, 0x01, 0xd4,
  0x01, 0xe6, 0x01, 0xf2, 0x02, 0x04, 0x02, 0x16, 0x02, 0x28, 0x02, 0x34,
  0x02, 0x46, 0x02, 0x58, 0x02, 0xdc, 0x03, 0x42, 0x03, 0xb4, 0x03, 0xc6,
  0x03, 0xd8, 0x04, 0x80, 0x04, 0x92, 0x04, 0xa4, 0x04, 0xe6, 0x05, 0x5a,
  0x05, 0x6c, 0x05, 0x74, 0x05, 0xd0, 0x05, 0xe2, 0x05, 0xf4, 0x06, 0x8a,
  0x06, 0x9c, 0x06, 0xae, 0x06, 0xc4, 0x06, 0xd6, 0x06, 0xe8, 0x06, 0xfa,
  0x07, 0x0c, 0x07, 0x1e, 0x07, 0x2a, 0x07, 0x3c, 0x07, 0x4e, 0x07, 0x60,
  0x08, 0x00, 0x08, 0x12, 0x08, 0x62, 0x08, 0xc8, 0x08, 0xda, 0x08, 0xec,
  0x08, 0xfe, 0x09, 0x52, 0x09, 0xe4, 0x09, 0xf6, 0x0a, 0x1e, 0x0a, 0x30,
  0x0a, 0x42, 0x0a, 0x54, 0x0a, 0x66, 0x0a, 0x72, 0x0a, 0x84, 0x0a, 0x96,
  0x0a, 0xa8, 0x0a, 0xb4, 0x0a, 0xc6, 0x0b, 0x0a, 0x0b, 0x1c, 0x0b, 0x70,
  0x0b, 0xa4, 0x0b, 0xb6, 0x0b, 0xc2, 0x0b, 0xce, 0x0c, 0x34, 0x0c, 0x88,
  0x0c, 0xd2, 0x0c, 0xe4, 0x0c, 0xf6, 0x0d, 0x72, 0x0d, 0x84, 0x0d, 0xc6,
  0x0d, 0xd8, 0x0d, 0xea, 0x0d, 0xfc, 0x0e, 0x12, 0x0e, 0x24, 0x0e, 0x36,
  0x0e, 0x48, 0x0e, 0x5a, 0x0e, 0x66, 0x0e, 0x78, 0x0e, 0x8a, 0x0e, 0xf8,
  0x0f, 0x0a, 0x0f, 0x16, 0x0f, 0x28, 0x0f, 0x3a, 0x0f, 0x4c, 0x0f, 0x5e,
  0x0f, 0x70, 0x0f, 0xec, 0x0f, 0xfe, 0x10, 0xbe, 0x11, 0x12, 0x11, 0x70,
  0x11, 0xc2, 0x12, 0x28, 0x12, 0x3a, 0x12, 0x4c, 0x12, 0xb8, 0x12, 0xca,
  0x12, 0xdc, 0x13, 0x7c, 0x13, 0x8e, 0x13, 0xfa, 0x14, 0x3a, 0x14, 0xa4,
  0x14, 0xb6, 0x14, 0xf6, 0x15, 0x08, 0x15, 0x1a, 0x15, 0x2c, 0x15, 0x3e,
  0x15, 0x4a, 0x15, 0x5c, 0x15, 0x6e, 0x15, 0xc2, 0x15, 0xd4, 0x15, 0xe0,
  0x15, 0xf2, 0x16, 0x04, 0x16, 0x16, 0x16, 0x28, 0x16, 0x3a, 0x16, 0xb0,
  0x16, 0xc2, 0x16, 0xd4, 0x17, 0x0c, 0x17, 0x62, 0x17, 0x74, 0x17, 0x86,
  0x17, 0x98, 0x17, 0xaa, 0x17, 0xfc, 0x18, 0x3c, 0x18, 0x4e, 0x18, 0x60,
  0x18, 0x72, 0x18, 0x7e, 0x18, 0x90, 0x18, 0xa2, 0x18, 0xb4, 0x19, 0x00,
  0x19, 0x12, 0x19, 0x24, 0x19, 0x36, 0x19, 0x48, 0x19, 0x54, 0x19, 0x60,
  0x19, 0x6c, 0x19, 0x78, 0x19, 0x8a, 0x19, 0x9c, 0x1a, 0x44, 0x1a, 0x50,
  0x1a, 0x5c, 0x1a, 0x68, 0x1a, 0x78, 0x1a, 0x84, 0x1a, 0x90, 0x1a, 0x9c,
  0x1a, 0xae, 0x1a, 0xba, 0x1a, 0xc6, 0x1a, 0xd6, 0x1a, 0xe2, 0x1a, 0xee,
  0x1a, 0xfa, 0x1b, 0x06, 0x1b, 0x12, 0x1b, 0x1e, 0x1b, 0x2a, 0x1b, 0x36,
  0x1c, 0x0c, 0x1c, 0x18, 0x1c, 0x24, 0x1d, 0x20, 0x1d, 0xae, 0x1e, 0x20,
  0x1e, 0x2c, 0x1e, 0x38, 0x1e, 0xde, 0x1e, 0xea, 0x1e, 0xf6, 0x1f, 0x74,
  0x20, 0x0a, 0x20, 0x16, 0x20, 0xc4, 0x21, 0x40, 0x21, 0x4c, 0x21, 0x5e,
  0x21, 0xfc, 0x22, 0x08, 0x22, 0x14, 0x22, 0x24, 0x22, 0x30, 0x22, 0x3c,
  0x22, 0x48, 0x22, 0x54, 0x22, 0x60, 0x22, 0x6c, 0x22, 0x78, 0x22, 0x84,
  0x22, 0x90, 0x23, 0x38, 0x23, 0x44, 0x23, 0xc6, 0x24, 0x44, 0x24, 0x56,
  0x24, 0xba, 0x25, 0x54, 0x25, 0x60, 0x25, 0x72, 0x25, 0x7e, 0x25, 0x8a,
  0x26, 0x6c, 0x26, 0xc0, 0x27, 0x40, 0x27, 0x52, 0x27, 0x64, 0x27, 0xb6,
  0x27, 0xde, 0x27, 0xea, 0x27, 0xf6, 0x28, 0x02, 0x28, 0x0e, 0x28, 0x1a,
  0x28, 0x26, 0x28, 0x32, 0x28, 0x3e, 0x28, 0x4a, 0x28, 0x56, 0x28, 0x66,
  0x28, 0x72, 0x28, 0xe4, 0x29, 0x26, 0x29, 0x32, 0x29, 0x86, 0x29, 0x98,
  0x29, 0xc0, 0x29, 0xd2, 0x29, 0xe4, 0x29, 0xf0, 0x2a, 0x02, 0x2a, 0x5a,
  0x2a, 0xe0, 0x2b, 0x42, 0x2b, 0x4e, 0x2b, 0x5a, 0x2b, 0xde, 0x2c, 0x8a,
  0x2c, 0xca, 0x2c, 0xd6, 0x2c, 0xe2, 0x2c, 0xee, 0x2c, 0xfa, 0x2d, 0x0a,
  0x2d, 0x16, 0x2d, 0x22, 0x2d, 0x2e, 0x2d, 0x3a, 0x2d, 0x46, 0x2d, 0x52,
  0x2d, 0x5e, 0x2d, 0xb6, 0x2d, 0xc2, 0x2d, 0xce, 0x2d, 0xda, 0x2d, 0xe6,
  0x2d, 0xf8, 0x2e, 0x04, 0x2e, 0x10, 0x2e, 0x8c, 0x2e, 0x98, 0x2e, 0xa4,
  0x2f, 0x4c, 0x2f, 0xdc, 0x30, 0x58, 0x30, 0xea, 0x31, 0x48, 0x31, 0x54,
  0x31, 0x60, 0x31, 0xe0, 0x31, 0xec, 0x31, 0xf8, 0x32, 0xae, 0x32, 0xba,
  0x33, 0x24, 0x33, 0x88, 0x34, 0x16, 0x34, 0x28, 0x34, 0x86, 0x34, 0x92,
  0x34, 0x9e, 0x34, 0xb0, 0x34, 0xbc, 0x34, 0xc8, 0x34, 0xd4, 0x34, 0xe0,
  0x34, 0xec, 0x35, 0x62, 0x35, 0x6e, 0x35, 0x7a, 0x35, 0x86, 0x35, 0x92,
  0x35, 0x9e, 0x35, 0xaa, 0x35, 0xb6, 0x36, 0x74, 0x36, 0x80, 0x36, 0x8c,
  0x36, 0x98, 0x37, 0x36, 0x37, 0x48, 0x37, 0x5a, 0x37, 0xea, 0x37, 0xf6,
  0x38, 0x02, 0x38, 0x3a, 0x38, 0x90, 0x38, 0x9c, 0x38, 0xa8, 0x38, 0xb4,
  0x38, 0xc0, 0x39, 0x0e, 0x39, 0x64, 0x39, 0x70, 0x39, 0x7c, 0x39, 0x88,
  0x39, 0x94, 0x39, 0xa0, 0x39, 0xac, 0x39, 0xb8, 0x3a, 0x02, 0x3a, 0x0e,
  0x3a, 0x1a, 0x3a, 0x26, 0x3a, 0x32, 0x3a, 0x44, 0x3a, 0xac, 0x3b, 0x3e,
  0x3b, 0x4a, 0x3b, 0x56, 0x3b, 0x62, 0x3c, 0x7c, 0x3d, 0x58, 0x3e, 0x56,
  0x3f, 0x00, 0x3f, 0x4e, 0x3f, 0x60, 0x3f, 0x72, 0x3f, 0x84, 0x3f, 0x96,
  0x3f, 0xa8, 0x3f, 0xba, 0x3f, 0xcc, 0x3f, 0xd8, 0x3f, 0xea, 0x3f, 0xfc,
  0x40, 0x80, 0x40, 0xe6, 0x41, 0x50, 0x41, 0x62, 0x41, 0x74, 0x41, 0xfc,
  0x42, 0x0e, 0x42, 0x50, 0x42, 0xc2, 0x42, 0xd4, 0x42, 0xdc, 0x43, 0x38,
  0x43, 0x4a, 0x43, 0x5c, 0x43, 0xda, 0x43, 0xec, 0x43, 0xfe, 0x44, 0x10,
  0x44, 0x22, 0x44, 0x34, 0x44, 0xb8, 0x45, 0x06, 0x45, 0x84, 0x45, 0x96,
  0x45, 0xa8, 0x45, 0xba, 0x46, 0x0c, 0x46, 0x9c, 0x46, 0xc4, 0x46, 0xd6,
  0x46, 0xe8, 0x46, 0xfa, 0x47, 0x0c, 0x47, 0x1e, 0x47, 0x2a, 0x47, 0x3c,
  0x47, 0x52, 0x47, 0xa8, 0x47, 0xfa, 0x48, 0x06, 0x48, 0x3a, 0x48, 0x4c,
  0x48, 0x9a, 0x48, 0xa6, 0x49, 0x0a, 0x49, 0x64, 0x49, 0xb0, 0x49, 0xc2,
  0x49, 0xd4, 0x49, 0xe0, 0x4a, 0x3a, 0x4a, 0x4c, 0x4a, 0x8c, 0x4a, 0x9e,
  0x4a, 0xb0, 0x4a, 0xc2, 0x4a, 0xd4, 0x4a, 0xe6, 0x4a, 0xf8, 0x4b, 0x72,
  0x4b, 0x84, 0x4c, 0x44, 0x4c, 0x96, 0x4c, 0xf2, 0x4d, 0x44, 0x4d, 0xa6,
  0x4d, 0xb8, 0x4d, 0xca, 0x4d, 0xd6, 0x4e, 0x58, 0x4e, 0x6a, 0x4e, 0x7c,
  0x4f, 0x1a, 0x4f, 0x2c, 0x4f, 0x6c, 0x4f, 0xd6, 0x4f, 0xe8, 0x50, 0x4e,
  0x50, 0x60, 0x50, 0xa0, 0x50, 0xb2, 0x50, 0xc4, 0x50, 0xd6, 0x50, 0xe8,
  0x50, 0xfa, 0x51, 0x0c, 0x51, 0x6e, 0x51, 0x80, 0x51, 0xb8, 0x52, 0x0e,
  0x52, 0x20, 0x52, 0x32, 0x52, 0x44, 0x52, 0x56, 0x52, 0xa6, 0x52, 0xe2,
  0x52, 0xf4, 0x53, 0x06, 0x53, 0x18, 0x53, 0x2a, 0x53, 0x74, 0x53, 0x86,
  0x53, 0x98, 0x53, 0xaa, 0x54, 0x5e, 0x54, 0xbc, 0x54, 0xfc, 0x55, 0x66,
  0x55, 0x6e, 0x55, 0xcc, 0x56, 0x0e, 0x56, 0x4a, 0x56, 0xc2, 0x57, 0x58,
  0x57, 0xba, 0x58, 0x54, 0x58, 0xe2, 0x59, 0x3c, 0x59, 0xcc, 0x5a, 0x5a,
  0x5a, 0x9c, 0x5a, 0xd4, 0x5b, 0x32, 0x5b, 0xd4, 0x5c, 0x36, 0x5c, 0xd0,
  0x5d, 0x62, 0x5d, 0xba, 0x5e, 0x4a, 0x5e, 0xde, 0x5f, 0x1c, 0x5f, 0x56,
  0x5f, 0xc8, 0x60, 0x6e, 0x60, 0xd0, 0x61, 0x62, 0x61, 0xe8, 0x62, 0x3c,
  0x62, 0xca, 0x63, 0x54, 0x63, 0x64, 0x63, 0x74, 0x63, 0x84, 0x63, 0x94,
  0x63, 0xa4, 0x63, 0xb4, 0x63, 0xc4, 0x63, 0xd4, 0x63, 0xe4, 0x63, 0xf4,
  0x64, 0x04, 0x64, 0x14, 0x64, 0x24, 0x64, 0x34, 0x64, 0x44, 0x64, 0x54,
  0x64, 0x64, 0x64, 0x74, 0x64, 0x84, 0x64, 0xaa, 0x64, 0xba, 0x64, 0xca,
  0x64, 0xda, 0x64, 0xea, 0x64, 0xfa, 0x65, 0x0a, 0x65, 0x1a, 0x65, 0x2a,
  0x65, 0x4e, 0x65, 0x66, 0x65, 0xa4, 0x65, 0xb4, 0x65, 0xf6, 0x66, 0x48,
  0x66, 0xb2, 0x67, 0x4e, 0x67, 0x5c, 0x67, 0x84, 0x68, 0x0e, 0x68, 0xec,
  0x69, 0x10, 0x69, 0x34, 0x69, 0x6c, 0x69, 0xa4, 0x6a, 0x00, 0x6a, 0x5e,
  0x6a, 0xa2, 0x6a, 0xe6, 0x6b, 0x10, 0x6b, 0x18, 0x6b, 0x42, 0x6b, 0x6c,
  0x6b, 0x74, 0x6b, 0xa2, 0x6b, 0xaa, 0x6b, 0xba, 0x6b, 0xf0, 0x6c, 0x26,
  0x6c, 0x48, 0x6c, 0x6a, 0x6c, 0xbe, 0x6c, 0xca, 0x6c, 0xfe, 0x6d, 0x32,
  0x6d, 0x6a, 0x6d, 0x90, 0x6d, 0x9e, 0x6d, 0xd2, 0x6d, 0xd2, 0x6e, 0x6a,
  0x6f, 0x0a, 0x6f, 0x9e, 0x70, 0x6a, 0x70, 0xee, 0x71, 0x68, 0x72, 0x00,
  0x72, 0x8e, 0x73, 0x1e, 0x73, 0xb0, 0x73, 0xd8, 0x73, 0xfc, 0x74, 0x50,
  0x74, 0x7c, 0x74, 0xd0, 0x75, 0x40, 0x75, 0x56, 0x76, 0x0e, 0x76, 0x3a,
  0x76, 0x66, 0x76, 0x7c, 0x76, 0xcc, 0x76, 0xe2, 0x76, 0xf8, 0x77, 0x44,
  0x77, 0x92, 0x77, 0xca, 0x78, 0x48, 0x78, 0x90, 0x78, 0x98, 0x78, 0xdc,
  0x79, 0x20, 0x79, 0x7a, 0x79, 0xc4, 0x7a, 0x52, 0x7a, 0xc0, 0x7b, 0x72,
  0x7b, 0x86, 0x7b, 0xd4, 0x7c, 0xf8, 0x7d, 0xa4, 0x7d, 0xfe, 0x7e, 0xea,
  0x7f, 0xa8, 0x80, 0x92, 0x81, 0x16, 0x81, 0x5e, 0x81, 0x80, 0x81, 0xb6,
  0x81, 0xe0, 0x82, 0x28, 0x82, 0x8e, 0x83, 0x18, 0x83, 0xac, 0x84, 0x22,
  0x85, 0x02, 0x85, 0x0a, 0x85, 0x36, 0x85, 0x64, 0x85, 0x70, 0x85, 0x9a,
  0x85, 0xc8, 0x85, 0xf2, 0x86, 0x32, 0x86, 0x6e, 0x86, 0x78, 0x86, 0xb8,
  0x86, 0xfa, 0x87, 0x4e, 0x87, 0x7c, 0x87, 0xc6, 0x87, 0xf0, 0x87, 0xf8,
  0x88, 0x28, 0x88, 0x52, 0x88, 0x62, 0x88, 0x9c, 0x88, 0xe2, 0x89, 0x10,
  0x89, 0x40, 0x89, 0x68, 0x89, 0x92, 0x89, 0x9c, 0x89, 0xdc, 0x8a, 0x18,
  0x8a, 0x50, 0x8a, 0x5a, 0x8a, 0x64, 0x8a, 0x6e, 0x8a, 0x78, 0x8a, 0xb8,
  0x8a, 0xe6, 0x8b, 0x2a, 0x8b, 0x34, 0x8b, 0x3e, 0x8b, 0xa2, 0x8c, 0x08,
  0x8c, 0x1a, 0x8c, 0x2c, 0x8c, 0xb6, 0x8c, 0xc8, 0x8c, 0xda, 0x8c, 0xec,
  0x8d, 0x5a, 0x8d, 0x6c, 0x8d, 0x6c, 0x00, 0x00, 0x00, 0x01, 0x00, 0x00,
  0x02, 0xb6, 0x00, 0x74, 0x00, 0x05, 0x00, 0x9d, 0x00, 0x07, 0x00, 0x02,
  0x00, 0x22, 0x00, 0x4b, 0x00, 0x8d, 0x00, 0x00, 0x00, 0x92, 0x0e, 0x15,
  0x00, 0x04, 0x00, 0x04, 0x00, 0x00, 0x00, 0x1c, 0x01, 0x56, 0x00, 0x01,
  0x00, 0x00, 0x00, 0x00, 0x00, 0x00, 0x00, 0x49, 0x00, 0x00, 0x00, 0x01,
  0x00, 0x00, 0x00, 0x00, 0x00, 0x01, 0x00, 0x10, 0x00, 0x49, 0x00, 0x01,
  0x00, 0x00, 0x00, 0x00, 0x00, 0x02, 0x00, 0x08, 0x00, 0x59, 0x00, 0x01,
  0x00, 0x00, 0x00, 0x00, 0x00, 0x03, 0x00, 0x23, 0x00, 0x61, 0x00, 0x01,
  0x00, 0x00, 0x00, 0x00, 0x00, 0x04, 0x00, 0x19, 0x00, 0x84, 0x00, 0x01,
  0x00, 0x00, 0x00, 0x00, 0x00, 0x05, 0x00, 0x0d, 0x00, 0x9d, 0x00, 0x01,
  0x00, 0x00, 0x00, 0x00, 0x00, 0x06, 0x00, 0x18, 0x00, 0xaa, 0x00, 0x01,
  0x00, 0x00, 0x00, 0x00, 0x00, 0x08, 0x00, 0x0b, 0x00, 0xc2, 0x00, 0x01,
  0x00, 0x00, 0x00, 0x00, 0x00, 0x09, 0x00, 0x0d, 0x00, 0xcd, 0x00, 0x01,
  0x00, 0x00, 0x00, 0x00, 0x00, 0x0b, 0x00, 0x13, 0x00, 0xda, 0x00, 0x01,
  0x00, 0x00, 0x00, 0x00, 0x00, 0x0c, 0x00, 0x13, 0x00, 0xed, 0x00, 0x01,
  0x00, 0x00, 0x00, 0x00, 0x00, 0x0d, 0x00, 0x90, 0x01, 0x00, 0x00, 0x01,
  0x00, 0x00, 0x00, 0x00, 0x00, 0x0e, 0x00, 0x1a, 0x01, 0x90, 0x00, 0x03,
  0x00, 0x01, 0x04, 0x09, 0x00, 0x00, 0x00, 0x92, 0x01, 0xaa, 0x00, 0x03,
  0x00, 0x01, 0x04, 0x09, 0x00, 0x01, 0x00, 0x32, 0x02, 0x3c, 0x00, 0x03,
  0x00, 0x01, 0x04, 0x09, 0x00, 0x02, 0x00, 0x0e, 0x02, 0x6e, 0x00, 0x03,
  0x00, 0x01, 0x04, 0x09, 0x00, 0x03, 0x00, 0x46, 0x02, 0x7c, 0x00, 0x03,
  0x00, 0x01, 0x04, 0x09, 0x00, 0x04, 0x00, 0x32, 0x02, 0xc2, 0x00, 0x03,
  0x00, 0x01, 0x04, 0x09, 0x00, 0x05, 0x00, 0x1a, 0x02, 0xf4, 0x00, 0x03,
  0x00, 0x01, 0x04, 0x09, 0x00, 0x06, 0x00, 0x30, 0x03, 0x0e, 0x00, 0x03,
  0x00, 0x01, 0x04, 0x09, 0x00, 0x08, 0x00, 0x16, 0x03, 0x3e, 0x00, 0x03,
  0x00, 0x01, 0x04, 0x09, 0x00, 0x09, 0x00, 0x1a, 0x03, 0x54, 0x00, 0x03,
  0x00, 0x01, 0x04, 0x09, 0x00, 0x0b, 0x00, 0x26, 0x03, 0x6e, 0x00, 0x03,
  0x00, 0x01, 0x04, 0x09, 0x00, 0x0c, 0x00, 0x26, 0x03, 0x94, 0x00, 0x03,
  0x00, 0x01, 0x04, 0x09, 0x00, 0x0d, 0x01, 0x20, 0x03, 0xba, 0x00, 0x03,
  0x00, 0x01, 0x04, 0x09, 0x00, 0x0e, 0x00, 0x34, 0x04, 0xda, 0x00, 0x03,
  0x00, 0x01, 0x04, 0x09, 0x00, 0x10, 0x00, 0x20, 0x05, 0x0e, 0x00, 0x03,
  0x00, 0x01, 0x04, 0x09, 0x00, 0x11, 0x00, 0x10, 0x05, 0x2e, 0x43, 0x6f,
  0x70, 0x79, 0x72, 0x69, 0x67, 0x68, 0x74, 0x20, 0x32, 0x30, 0x31, 0x37,
  0x20, 0x54, 0x68, 0x65, 0x20, 0x42, 0x61, 0x72, 0x6c, 0x6f, 0x77, 0x20,
  0x50, 0x72, 0x6f, 0x6a, 0x65, 0x63, 0x74, 0x20, 0x41, 0x75, 0x74, 0x68,
  0x6f, 0x72, 0x73, 0x20, 0x28, 0x68, 0x74, 0x74, 0x70, 0x73, 0x3a, 0x2f,
  0x2f, 0x67, 0x69, 0x74, 0x68, 0x75, 0x62, 0x2e, 0x63, 0x6f, 0x6d, 0x2f,
  0x6a, 0x70, 0x74, 0x2f, 0x62, 0x61, 0x72, 0x6c, 0x6f, 0x77, 0x29, 0x42,
  0x61, 0x72, 0x6c, 0x6f, 0x77, 0x20, 0x43, 0x6f, 0x6e, 0x64, 0x65, 0x6e,
  0x73, 0x65, 0x64, 0x53, 0x65, 0x6d, 0x69, 0x42, 0x6f, 0x6c, 0x64, 0x31,
  0x2e, 0x34, 0x30, 0x38, 0x3b, 0x54, 0x52, 0x42, 0x59, 0x3b, 0x42, 0x61,
  0x72, 0x6c, 0x6f, 0x77, 0x43, 0x6f, 0x6e, 0x64, 0x65, 0x6e, 0x73, 0x65,
  0x64, 0x2d, 0x53, 0x65, 0x6d, 0x69, 0x42, 0x6f, 0x6c, 0x64, 0x42, 0x61,
  0x72, 0x6c, 0x6f, 0x77, 0x20, 0x43, 0x6f, 0x6e, 0x64, 0x65, 0x6e, 0x73,
  0x65, 0x64, 0x20, 0x53, 0x65, 0x6d, 0x69, 0x42, 0x6f, 0x6c, 0x64, 0x56,
  0x65, 0x72, 0x73, 0x69, 0x6f, 0x6e, 0x20, 0x31, 0x2e, 0x34, 0x30, 0x38,
  0x42, 0x61, 0x72, 0x6c, 0x6f, 0x77, 0x43, 0x6f, 0x6e, 0x64, 0x65, 0x6e,
  0x73, 0x65, 0x64, 0x2d, 0x53, 0x65, 0x6d, 0x69, 0x42, 0x6f, 0x6c, 0x64,
  0x54, 0x72, 0x69, 0x62, 0x62, 0x79, 0x20, 0x54, 0x79, 0x70, 0x65, 0x4a,
  0x65, 0x72, 0x65, 0x6d, 0x79, 0x20, 0x54, 0x72, 0x69, 0x62, 0x62, 0x79,
  0x68, 0x74, 0x74, 0x70, 0x73, 0x3a, 0x2f, 0x2f, 0x74, 0x72, 0x69, 0x62,
  0x62, 0x79, 0x2e, 0x63, 0x6f, 0x6d, 0x2f, 0x68, 0x74, 0x74, 0x70, 0x73,
  0x3a, 0x2f, 0x2f, 0x74, 0x72, 0x69, 0x62, 0x62, 0x79, 0x2e, 0x63, 0x6f,
  0x6d, 0x2f, 0x54, 0x68, 0x69, 0x73, 0x20, 0x46, 0x6f, 0x6e, 0x74, 0x20,
  0x53, 0x6f, 0x66, 0x74, 0x77, 0x61, 0x72, 0x65, 0x20, 0x69, 0x73, 0x20,
  0x6c, 0x69, 0x63, 0x65, 0x6e, 0x73, 0x65, 0x64, 0x20, 0x75, 0x6e, 0x64,
  0x65, 0x72, 0x20, 0x74, 0x68, 0x65, 0x20, 0x53, 0x49, 0x4c, 0x20, 0x4f,
  0x70, 0x65, 0x6e, 0x20, 0x46, 0x6f, 0x6e, 0x74, 0x20, 0x4c, 0x69, 0x63,
  0x65, 0x6e, 0x73, 0x65, 0x2c, 0x20, 0x56, 0x65, 0x72, 0x73, 0x69, 0x6f,
  0x6e, 0x20, 0x31, 0x2e, 0x31, 0x2e, 0x20, 0x54, 0x68, 0x69, 0x73, 0x20,
  0x6c, 0x69, 0x63, 0x65, 0x6e, 0x73, 0x65, 0x20, 0x69, 0x73, 0x20, 0x61,
  0x76, 0x61, 0x69, 0x6c, 0x61, 0x62, 0x6c, 0x65, 0x20, 0x77, 0x69, 0x74,
  0x68, 0x20, 0x61, 0x20, 0x46, 0x41, 0x51, 0x20, 0x61, 0x74, 0x3a, 0x20,
  0x68, 0x74, 0x74, 0x70, 0x3a, 0x2f, 0x2f, 0x73, 0x63, 0x72, 0x69, 0x70,
  0x74, 0x73, 0x2e, 0x73, 0x69, 0x6c, 0x2e, 0x6f, 0x72, 0x67, 0x2f, 0x4f,
  0x46, 0x4c, 0x68, 0x74, 0x74, 0x70, 0x3a, 0x2f, 0x2f, 0x73, 0x63, 0x72,
  0x69, 0x70, 0x74, 0x73, 0x2e, 0x73, 0x69, 0x6c, 0x2e, 0x6f, 0x72, 0x67,
  0x2f, 0x4f, 0x46, 0x4c, 0x00, 0x43, 0x00, 0x6f, 0x00, 0x70, 0x00, 0x79,
  0x00, 0x72, 0x00, 0x69, 0x00, 0x67, 0x00, 0x68, 0x00, 0x74, 0x00, 0x20,
  0x00, 0x32, 0x00, 0x30, 0x00, 0x31, 0x00, 0x37, 0x00, 0x20, 0x00, 0x54,
  0x00, 0x68, 0x00, 0x65, 0x00, 0x20, 0x00, 0x42, 0x00, 0x61, 0x00, 0x72,
  0x00, 0x6c, 0x00, 0x6f, 0x00, 0x77, 0x00, 0x20, 0x00, 0x50, 0x00, 0x72,
  0x00, 0x6f, 0x00, 0x6a, 0x00, 0x65, 0x00, 0x63, 0x00, 0x74, 0x00, 0x20,
  0x00, 0x41, 0x00, 0x75, 0x00, 0x74, 0x00, 0x68, 0x00, 0x6f, 0x00, 0x72,
  0x00, 0x73, 0x00, 0x20, 0x00, 0x28, 0x00, 0x68, 0x00, 0x74, 0x00, 0x74,
  0x00, 0x70, 0x00, 0x73, 0x00, 0x3a, 0x00, 0x2f, 0x00, 0x2f, 0x00, 0x67,
  0x00, 0x69, 0x00, 0x74, 0x00, 0x68, 0x00, 0x75, 0x00, 0x62, 0x00, 0x2e,
  0x00, 0x63, 0x00, 0x6f, 0x00, 0x6d, 0x00, 0x2f, 0x00, 0x6a, 0x00, 0x70,
  0x00, 0x74, 0x00, 0x2f, 0x00, 0x62, 0x00, 0x61, 0x00, 0x72, 0x00, 0x6c,
  0x00, 0x6f, 0x00, 0x77, 0x00, 0x29, 0x00, 0x42, 0x00, 0x61, 0x00, 0x72,
  0x00, 0x6c, 0x00, 0x6f, 0x00, 0x77, 0x00, 0x20, 0x00, 0x43, 0x00, 0x6f,
  0x00, 0x6e, 0x00, 0x64, 0x00, 0x65, 0x00, 0x6e, 0x00, 0x73, 0x00, 0x65,
  0x00, 0x64, 0x00, 0x20, 0x00, 0x53, 0x00, 0x65, 0x00, 0x6d, 0x00, 0x69,
  0x00, 0x42, 0x00, 0x6f, 0x00, 0x6c, 0x00, 0x64, 0x00, 0x52, 0x00, 0x65,
  0x00, 0x67, 0x00, 0x75, 0x00, 0x6c, 0x00, 0x61, 0x00, 0x72, 0x00, 0x31,
  0x00, 0x2e, 0x00, 0x34, 0x00, 0x30, 0x00, 0x38, 0x00, 0x3b, 0x00, 0x54,
  0x00, 0x52, 0x00, 0x42, 0x00, 0x59, 0x00, 0x3b, 0x00, 0x42, 0x00, 0x61,
  0x00, 0x72, 0x00, 0x6c, 0x00, 0x6f, 0x00, 0x77, 0x00, 0x43, 0x00, 0x6f,
  0x00, 0x6e, 0x00, 0x64, 0x00, 0x65, 0x00, 0x6e, 0x00, 0x73, 0x00, 0x65,
  0x00, 0x64, 0x00, 0x2d, 0x00, 0x53, 0x00, 0x65, 0x00, 0x6d, 0x00, 0x69,
  0x00, 0x42, 0x00, 0x6f, 0x00, 0x6c, 0x00, 0x64, 0x00, 0x42, 0x00, 0x61,
  0x00, 0x72, 0x00, 0x6c, 0x00, 0x6f, 0x00, 0x77, 0x00, 0x20, 0x00, 0x43,
  0x00, 0x6f, 0x00, 0x6e, 0x00, 0x64, 0x00, 0x65, 0x00, 0x6e, 0x00, 0x73,
  0x00, 0x65, 0x00, 0x64, 0x00, 0x20, 0x00, 0x53, 0x00, 0x65, 0x00, 0x6d,
  0x00, 0x69, 0x00, 0x42, 0x00, 0x6f, 0x00, 0x6c, 0x00, 0x64, 0x00, 0x56,
  0x00, 0x65, 0x00, 0x72, 0x00, 0x73, 0x00, 0x69, 0x00, 0x6f, 0x00, 0x6e,
  0x00, 0x20, 0x00, 0x31, 0x00, 0x2e, 0x00, 0x34, 0x00, 0x30, 0x00, 0x38,
  0x00, 0x42, 0x00, 0x61, 0x00, 0x72, 0x00, 0x6c, 0x00, 0x6f, 0x00, 0x77,
  0x00, 0x43, 0x00, 0x6f, 0x00, 0x6e, 0x00, 0x64, 0x00, 0x65, 0x00, 0x6e,
  0x00, 0x73, 0x00, 0x65, 0x00, 0x64, 0x00, 0x2d, 0x00, 0x53, 0x00, 0x65,
  0x00, 0x6d, 0x00, 0x69, 0x00, 0x42, 0x00, 0x6f, 0x00, 0x6c, 0x00, 0x64,
  0x00, 0x54, 0x00, 0x72, 0x00, 0x69, 0x00, 0x62, 0x00, 0x62, 0x00, 0x79,
  0x00, 0x20, 0x00, 0x54, 0x00, 0x79, 0x00, 0x70, 0x00, 0x65, 0x00, 0x4a,
  0x00, 0x65, 0x00, 0x72, 0x00, 0x65, 0x00, 0x6d, 0x00, 0x79, 0x00, 0x20,
  0x00, 0x54, 0x00, 0x72, 0x00, 0x69, 0x00, 0x62, 0x00, 0x62, 0x00, 0x79,
  0x00, 0x68, 0x00, 0x74, 0x00, 0x74, 0x00, 0x70, 0x00, 0x73, 0x00, 0x3a,
  0x00, 0x2f, 0x00, 0x2f, 0x00, 0x74, 0x00, 0x72, 0x00, 0x69, 0x00, 0x62,
  0x00, 0x62, 0x00, 0x79, 0x00, 0x2e, 0x00, 0x63, 0x00, 0x6f, 0x00, 0x6d,
  0x00, 0x2f, 0x00, 0x68, 0x00, 0x74, 0x00, 0x74, 0x00, 0x70, 0x00, 0x73,
  0x00, 0x3a, 0x00, 0x2f, 0x00, 0x2f, 0x00, 0x74, 0x00, 0x72, 0x00, 0x69,
  0x00, 0x62, 0x00, 0x62, 0x00, 0x79, 0x00, 0x2e, 0x00, 0x63, 0x00, 0x6f,
  0x00, 0x6d, 0x00, 0x2f, 0x00, 0x54, 0x00, 0x68, 0x00, 0x69, 0x00, 0x73,
  0x00, 0x20, 0x00, 0x46, 0x00, 0x6f, 0x00, 0x6e, 0x00, 0x74, 0x00, 0x20,
  0x00, 0x53, 0x00, 0x6f, 0x00, 0x66, 0x00, 0x74, 0x00, 0x77, 0x00, 0x61,
  0x00, 0x72, 0x00, 0x65, 0x00, 0x20, 0x00, 0x69, 0x00, 0x73, 0x00, 0x20,
  0x00, 0x6c, 0x00, 0x69, 0x00, 0x63, 0x00, 0x65, 0x00, 0x6e, 0x00, 0x73,
  0x00, 0x65, 0x00, 0x64, 0x00, 0x20, 0x00, 0x75, 0x00, 0x6e, 0x00, 0x64,
  0x00, 0x65, 0x00, 0x72, 0x00, 0x20, 0x00, 0x74, 0x00, 0x68, 0x00, 0x65,
  0x00, 0x20, 0x00, 0x53, 0x00, 0x49, 0x00, 0x4c, 0x00, 0x20, 0x00, 0x4f,
  0x00, 0x70, 0x00, 0x65, 0x00, 0x6e, 0x00, 0x20, 0x00, 0x46, 0x00, 0x6f,
  0x00, 0x6e, 0x00, 0x74, 0x00, 0x20, 0x00, 0x4c, 0x00, 0x69, 0x00, 0x63,
  0x00, 0x65, 0x00, 0x6e, 0x00, 0x73, 0x00, 0x65, 0x00, 0x2c, 0x00, 0x20,
  0x00, 0x56, 0x00, 0x65, 0x00, 0x72, 0x00, 0x73, 0x00, 0x69, 0x00, 0x6f,
  0x00, 0x6e, 0x00, 0x20, 0x00, 0x31, 0x00, 0x2e, 0x00, 0x31, 0x00, 0x2e,
  0x00, 0x20, 0x00, 0x54, 0x00, 0x68, 0x00, 0x69, 0x00, 0x73, 0x00, 0x20,
  0x00, 0x6c, 0x00, 0x69, 0x00, 0x63, 0x00, 0x65, 0x00, 0x6e, 0x00, 0x73,
  0x00, 0x65, 0x00, 0x20, 0x00, 0x69, 0x00, 0x73, 0x00, 0x20, 0x00, 0x61,
  0x00, 0x76, 0x00, 0x61, 0x00, 0x69, 0x00, 0x6c, 0x00, 0x61, 0x00, 0x62,
  0x00, 0x6c, 0x00, 0x65, 0x00, 0x20, 0x00, 0x77, 0x00, 0x69, 0x00, 0x74,
  0x00, 0x68, 0x00, 0x20, 0x00, 0x61, 0x00, 0x20, 0x00, 0x46, 0x00, 0x41,
  0x00, 0x51, 0x00, 0x20, 0x00, 0x61, 0x00, 0x74, 0x00, 0x3a, 0x00, 0x20,
  0x00, 0x68, 0x00, 0x74, 0x00, 0x74, 0x00, 0x70, 0x00, 0x3a, 0x00, 0x2f,
  0x00, 0x2f, 0x00, 0x73, 0x00, 0x63, 0x00, 0x72, 0x00, 0x69, 0x00, 0x70,
  0x00, 0x74, 0x00, 0x73, 0x00, 0x2e, 0x00, 0x73, 0x00, 0x69, 0x00, 0x6c,
  0x00, 0x2e, 0x00, 0x6f, 0x00, 0x72, 0x00, 0x67, 0x00, 0x2f, 0x00, 0x4f,
  0x00, 0x46, 0x00, 0x4c, 0x00, 0x68, 0x00, 0x74, 0x00, 0x74, 0x00, 0x70,
  0x00, 0x3a, 0x00, 0x2f, 0x00, 0x2f, 0x00, 0x73, 0x00, 0x63, 0x00, 0x72,
  0x00, 0x69, 0x00, 0x70, 0x00, 0x74, 0x00, 0x73, 0x00, 0x2e, 0x00, 0x73,
  0x00, 0x69, 0x00, 0x6c, 0x00, 0x2e, 0x00, 0x6f, 0x00, 0x72, 0x00, 0x67,
  0x00, 0x2f, 0x00, 0x4f, 0x00, 0x46, 0x00, 0x4c, 0x00, 0x42, 0x00, 0x61,
  0x00, 0x72, 0x00, 0x6c, 0x00, 0x6f, 0x00, 0x77, 0x00, 0x20, 0x00, 0x43,
  0x00, 0x6f, 0x00, 0x6e, 0x00, 0x64, 0x00, 0x65, 0x00, 0x6e, 0x00, 0x73,
  0x00, 0x65, 0x00, 0x64, 0x00, 0x53, 0x00, 0x65, 0x00, 0x6d, 0x00, 0x69,
  0x00, 0x42, 0x00, 0x6f, 0x00, 0x6c, 0x00, 0x64, 0x00, 0x02, 0x00, 0x00,
  0x00, 0x00, 0x00, 0x00, 0xff, 0xb5, 0x00, 0x32, 0x00, 0x00, 0x00, 0x00,
  0x00, 0x00, 0x00, 0x00, 0x00, 0x00, 0x00, 0x00, 0x00, 0x00, 0x00, 0x00,
  0x00, 0x00, 0x00, 0x00, 0x02, 0xb6, 0x00, 0x00, 0x01, 0x02, 0x00, 0x02,
  0x00, 0x03, 0x00, 0x24, 0x00, 0xc9, 0x01, 0x03, 0x01, 0x04, 0x01, 0x05,
  0x01, 0x06, 0x01, 0x07, 0x01, 0x08, 0x01, 0x09, 0x00, 0xc7, 0x01, 0x0a,
  0x01, 0x0b, 0x01, 0x0c, 0x01, 0x0d, 0x01, 0x0e, 0x00, 0x62, 0x01, 0x0f,
  0x00, 0xad, 0x01, 0x10, 0x01, 0x11, 0x01, 0x12, 0x00, 0x63, 0x00, 0xae,
  0x00, 0x90, 0x00, 0x25, 0x00, 0x26, 0x00, 0xfd, 0x00, 0xff, 0x00, 0x64,
  0x01, 0x13, 0x01, 0x14, 0x00, 0x27, 0x00, 0xe9, 0x01, 0x15, 0x01, 0x16,
  0x00, 0x28, 0x00, 0x65, 0x01, 0x17, 0x01, 0x18, 0x00, 0xc8, 0x01, 0x19,
  0x01, 0x1a, 0x01, 0x1b, 0x01, 0x1c, 0x01, 0x1d, 0x00, 0xca, 0x01, 0x1e,
  0x01, 0x1f, 0x00, 0xcb, 0x01, 0x20, 0x01, 0x21, 0x01, 0x22, 0x01, 0x23,
  0x00, 0x29, 0x00, 0x2a, 0x00, 0xf8, 0x01, 0x24, 0x01, 0x25, 0x00, 0x2b,
  0x01, 0x26, 0x01, 0x27, 0x00, 0x2c, 0x00, 0xcc, 0x00, 0xcd, 0x00, 0xce,
  0x00, 0xfa, 0x01, 0x28, 0x00, 0xcf, 0x01, 0x29, 0x01, 0x2a, 0x01, 0x2b,
  0x01, 0x2c, 0x00, 0x2d, 0x01, 0x2d, 0x00, 0x2e, 0x00, 0x2f, 0x01, 0x2e,
  0x01, 0x2f, 0x01, 0x30, 0x00, 0xe2, 0x00, 0x30, 0x00, 0x31, 0x01, 0x31,
  0x01, 0x32, 0x01, 0x33, 0x00, 0x66, 0x00, 0x32, 0x00, 0xd0, 0x00, 0xd1,
  0x01, 0x34, 0x01, 0x35, 0x01, 0x36, 0x01, 0x37, 0x01, 0x38, 0x00, 0x67,
  0x01, 0x39, 0x00, 0xd3, 0x01, 0x3a, 0x01, 0x3b, 0x01, 0x3c, 0x01, 0x3d,
  0x01, 0x3e, 0x01, 0x3f, 0x01, 0x40, 0x01, 0x41, 0x01, 0x42, 0x00, 0x91,
  0x00, 0xaf, 0x00, 0xb0, 0x00, 0x33, 0x00, 0xed, 0x00, 0x34, 0x00, 0x35,
  0x01, 0x43, 0x01, 0x44, 0x00, 0x36, 0x01, 0x45, 0x00, 0xe4, 0x00, 0xfb,
  0x01, 0x46, 0x01, 0x47, 0x00, 0x37, 0x01, 0x48, 0x01, 0x49, 0x00, 0x38,
  0x00, 0xd4, 0x01, 0x4a, 0x00, 0xd5, 0x00, 0x68, 0x01, 0x4b, 0x00, 0xd6,
  0x01, 0x4c, 0x01, 0x4d, 0x01, 0x4e, 0x01, 0x4f, 0x01, 0x50, 0x01, 0x51,
  0x01, 0x52, 0x01, 0x53, 0x01, 0x54, 0x01, 0x55, 0x01, 0x56, 0x01, 0x57,
  0x00, 0x39, 0x00, 0x3a, 0x01, 0x58, 0x01, 0x59, 0x01, 0x5a, 0x01, 0x5b,
  0x00, 0x3b, 0x00, 0x3c, 0x00, 0xeb, 0x01, 0x5c, 0x00, 0xbb, 0x01, 0x5d,
  0x01, 0x5e, 0x01, 0x5f, 0x01, 0x60, 0x00, 0x3d, 0x01, 0x61, 0x00, 0xe6,
  0x01, 0x62, 0x01, 0x63, 0x01, 0x64, 0x01, 0x65, 0x01, 0x66, 0x01, 0x67,
  0x01, 0x68, 0x01, 0x69, 0x00, 0x44, 0x00, 0x69, 0x01, 0x6a, 0x01, 0x6b,
  0x01, 0x6c, 0x01, 0x6d, 0x01, 0x6e, 0x01, 0x6f, 0x01, 0x70, 0x00, 0x6b,
  0x01, 0x71, 0x01, 0x72, 0x01, 0x73, 0x01, 0x74, 0x01, 0x75, 0x00, 0x6c,
  0x01, 0x76, 0x00, 0x6a, 0x01, 0x77, 0x01, 0x78, 0x01, 0x79, 0x00, 0x6e,
  0x00, 0x6d, 0x00, 0xa0, 0x00, 0x45, 0x00, 0x46, 0x00, 0xfe, 0x01, 0x00,
  0x00, 0x6f, 0x01, 0x7a, 0x01, 0x7b, 0x00, 0x47, 0x00, 0xea, 0x01, 0x7c,
  0x01, 0x01, 0x00, 0x48, 0x00, 0x70, 0x01, 0x7d, 0x01, 0x7e, 0x00, 0x72,
  0x01, 0x7f, 0x01, 0x80, 0x01, 0x81, 0x01, 0x82, 0x01, 0x83, 0x00, 0x73,
  0x01, 0x84, 0x01, 0x85, 0x00, 0x71, 0x01, 0x86, 0x01, 0x87, 0x01, 0x88,
  0x01, 0x89, 0x01, 0x8a, 0x01, 0x8b, 0x01, 0x8c, 0x00, 0x49, 0x00, 0x4a,
  0x00, 0xf9, 0x01, 0x8d, 0x01, 0x8e, 0x01, 0x8f, 0x01, 0x90, 0x00, 0x4b,
  0x01, 0x91, 0x01, 0x92, 0x01, 0x93, 0x00, 0x4c, 0x00, 0xd7, 0x00, 0x74,
  0x01, 0x94, 0x00, 0x76, 0x00, 0x77, 0x01, 0x95, 0x01, 0x96, 0x00, 0x75,
  0x01, 0x97, 0x01, 0x98, 0x01, 0x99, 0x01, 0x9a, 0x01, 0x9b, 0x00, 0x4d,
  0x01, 0x9c, 0x01, 0x9d, 0x00, 0x4e, 0x01, 0x9e, 0x00, 0x4f, 0x01, 0x9f,
  0x01, 0xa0, 0x01, 0xa1, 0x01, 0xa2, 0x00, 0xe3, 0x00, 0x50, 0x00, 0x51,
  0x01, 0xa3, 0x01, 0xa4, 0x01, 0xa5, 0x00, 0x78, 0x00, 0x52, 0x00, 0x79,
  0x01, 0xa6, 0x00, 0x7b, 0x01, 0xa7, 0x01, 0xa8, 0x01, 0xa9, 0x01, 0xaa,
  0x01, 0xab, 0x00, 0x7c, 0x01, 0xac, 0x00, 0x7a, 0x01, 0xad, 0x01, 0xae,
  0x01, 0xaf, 0x01, 0xb0, 0x01, 0xb1, 0x01, 0xb2, 0x01, 0xb3, 0x01, 0xb4,
  0x01, 0xb5, 0x00, 0xa1, 0x01, 0xb6, 0x00, 0x7d, 0x00, 0xb1, 0x00, 0x53,
  0x00, 0xee, 0x00, 0x54, 0x00, 0x55, 0x01, 0xb7, 0x01, 0xb8, 0x00, 0x56,
  0x01, 0xb9, 0x00, 0xe5, 0x00, 0xfc, 0x01, 0xba, 0x00, 0x89, 0x00, 0x57,
  0x01, 0xbb, 0x01, 0xbc, 0x00, 0x58, 0x00, 0x7e, 0x01, 0xbd, 0x01, 0xbe,
  0x00, 0x80, 0x00, 0x81, 0x01, 0xbf, 0x00, 0x7f, 0x01, 0xc0, 0x01, 0xc1,
  0x01, 0xc2, 0x01, 0xc3, 0x01, 0xc4, 0x01, 0xc5, 0x01, 0xc6, 0x01, 0xc7,
  0x01, 0xc8, 0x01, 0xc9, 0x01, 0xca, 0x01, 0xcb, 0x01, 0xcc, 0x01, 0xcd,
  0x01, 0xce, 0x01, 0xcf, 0x01, 0xd0, 0x01, 0xd1, 0x01, 0xd2, 0x00, 0x59,
  0x00, 0x5a, 0x01, 0xd3, 0x01, 0xd4, 0x01, 0xd5, 0x01, 0xd6, 0x00, 0x5b,
  0x00, 0x5c, 0x00, 0xec, 0x01, 0xd7, 0x00, 0xba, 0x01, 0xd8, 0x01, 0xd9,
  0x01, 0xda, 0x01, 0xdb, 0x00, 0x5d, 0x01, 0xdc, 0x00, 0xe7, 0x01, 0xdd,
  0x01, 0xde, 0x01, 0xdf, 0x01, 0xe0, 0x01, 0xe1, 0x00, 0xc0, 0x00, 0xc1,
  0x01, 0xe2, 0x01, 0xe3, 0x01, 0xe4, 0x01, 0xe5, 0x01, 0xe6, 0x01, 0xe7,
  0x01, 0xe8, 0x01, 0xe9, 0x01, 0xea, 0x01, 0xeb, 0x01, 0xec, 0x01, 0xed,
  0x01, 0xee, 0x01, 0xef, 0x01, 0xf0, 0x01, 0xf1, 0x01, 0xf2, 0x01, 0xf3,
  0x01, 0xf4, 0x01, 0xf5, 0x01, 0xf6, 0x01, 0xf7, 0x01, 0xf8, 0x01, 0xf9,
  0x01, 0xfa, 0x01, 0xfb, 0x01, 0xfc, 0x01, 0xfd, 0x01, 0xfe, 0x01, 0xff,
  0x02, 0x00, 0x02, 0x01, 0x02, 0x02, 0x02, 0x03, 0x02, 0x04, 0x02, 0x05,
  0x02, 0x06, 0x02, 0x07, 0x02, 0x08, 0x02, 0x09, 0x02, 0x0a, 0x02, 0x0b,
  0x02, 0x0c, 0x02, 0x0d, 0x02, 0x0e, 0x02, 0x0f, 0x02, 0x10, 0x02, 0x11,
  0x02, 0x12, 0x02, 0x13, 0x02, 0x14, 0x02, 0x15, 0x02, 0x16, 0x02, 0x17,
  0x02, 0x18, 0x02, 0x19, 0x02, 0x1a, 0x02, 0x1b, 0x02, 0x1c, 0x02, 0x1d,
  0x02, 0x1e, 0x02, 0x1f, 0x02, 0x20, 0x02, 0x21, 0x02, 0x22, 0x02, 0x23,
  0x02, 0x24, 0x02, 0x25, 0x02, 0x26, 0x02, 0x27, 0x02, 0x28, 0x02, 0x29,
  0x02, 0x2a, 0x02, 0x2b, 0x02, 0x2c, 0x02, 0x2d, 0x02, 0x2e, 0x02, 0x2f,
  0x02, 0x30, 0x02, 0x31, 0x02, 0x32, 0x02, 0x33, 0x02, 0x34, 0x02, 0x35,
  0x02, 0x36, 0x02, 0x37, 0x02, 0x38, 0x02, 0x39, 0x02, 0x3a, 0x02, 0x3b,
  0x02, 0x3c, 0x02, 0x3d, 0x02, 0x3e, 0x02, 0x3f, 0x02, 0x40, 0x02, 0x41,
  0x02, 0x42, 0x02, 0x43, 0x02, 0x44, 0x02, 0x45, 0x02, 0x46, 0x02, 0x47,
  0x02, 0x48, 0x02, 0x49, 0x02, 0x4a, 0x02, 0x4b, 0x02, 0x4c, 0x02, 0x4d,
  0x02, 0x4e, 0x02, 0x4f, 0x02, 0x50, 0x02, 0x51, 0x02, 0x52, 0x02, 0x53,
  0x02, 0x54, 0x02, 0x55, 0x02, 0x56, 0x02, 0x57, 0x02, 0x58, 0x02, 0x59,
  0x00, 0x9d, 0x00, 0x9e, 0x02, 0x5a, 0x02, 0x5b, 0x02, 0x5c, 0x00, 0x9b,
  0x00, 0x13, 0x00, 0x14, 0x00, 0x15, 0x00, 0x16, 0x00, 0x17, 0x00, 0x18,
  0x00, 0x19, 0x00, 0x1a, 0x00, 0x1b, 0x00, 0x1c, 0x02, 0x5d, 0x02, 0x5e,
  0x02, 0x5f, 0x02, 0x60, 0x02, 0x61, 0x02, 0x62, 0x02, 0x63, 0x02, 0x64,
  0x02, 0x65, 0x02, 0x66, 0x02, 0x67, 0x02, 0x68, 0x02, 0x69, 0x02, 0x6a,
  0x02, 0x6b, 0x02, 0x6c, 0x02, 0x6d, 0x02, 0x6e, 0x02, 0x6f, 0x02, 0x70,
  0x02, 0x71, 0x02, 0x72, 0x02, 0x73, 0x02, 0x74, 0x02, 0x75, 0x02, 0x76,
  0x02, 0x77, 0x02, 0x78, 0x02, 0x79, 0x02, 0x7a, 0x02, 0x7b, 0x02, 0x7c,
  0x02, 0x7d, 0x02, 0x7e, 0x02, 0x7f, 0x02, 0x80, 0x02, 0x81, 0x02, 0x82,
  0x02, 0x83, 0x00, 0xbc, 0x00, 0xf4, 0x00, 0xf5, 0x00, 0xf6, 0x02, 0x84,
  0x02, 0x85, 0x02, 0x86, 0x02, 0x87, 0x00, 0x11, 0x00, 0x0f, 0x00, 0x1d,
  0x00, 0x1e, 0x00, 0xab, 0x00, 0x04, 0x00, 0xa3, 0x00, 0x22, 0x00, 0xa2,
  0x00, 0xc3, 0x00, 0x87, 0x00, 0x0d, 0x00, 0x06, 0x00, 0x12, 0x00, 0x3f,
  0x00, 0x0b, 0x00, 0x0c, 0x00, 0x5e, 0x00, 0x60, 0x00, 0x3e, 0x00, 0x40,
  0x00, 0x10, 0x02, 0x88, 0x00, 0xb2, 0x00, 0xb3, 0x02, 0x89, 0x00, 0x42,
  0x00, 0xc4, 0x00, 0xc5, 0x00, 0xb4, 0x00, 0xb5, 0x00, 0xb6, 0x00, 0xb7,
  0x00, 0xa9, 0x00, 0xaa, 0x00, 0xbe, 0x00, 0xbf, 0x00, 0x05, 0x00, 0x0a,
  0x02, 0x8a, 0x02, 0x8b, 0x02, 0x8c, 0x00, 0x84, 0x00, 0xbd, 0x00, 0x07,
  0x02, 0x8d, 0x00, 0xa6, 0x00, 0xf7, 0x00, 0x85, 0x02, 0x8e, 0x02, 0x8f,
  0x00, 0x96, 0x02, 0x90, 0x02, 0x91, 0x00, 0x0e, 0x00, 0xef, 0x00, 0xf0,
  0x00, 0xb8, 0x00, 0x20, 0x00, 0x8f, 0x00, 0x21, 0x00, 0x1f, 0x00, 0x95,
  0x00, 0x94, 0x00, 0x93, 0x00, 0xa7, 0x00, 0xa4, 0x00, 0x61, 0x00, 0x41,
  0x00, 0x92, 0x00, 0x9c, 0x02, 0x92, 0x02, 0x93, 0x00, 0x9a, 0x00, 0x99,
  0x00, 0xa5, 0x02, 0x94, 0x00, 0x98, 0x00, 0x08, 0x00, 0xc6, 0x00, 0xb9,
  0x00, 0x23, 0x00, 0x09, 0x00, 0x88, 0x00, 0x86, 0x00, 0x8b, 0x00, 0x8a,
  0x00, 0x8c, 0x00, 0x83, 0x02, 0x95, 0x02, 0x96, 0x00, 0x5f, 0x00, 0xe8,
  0x00, 0x82, 0x02, 0x97, 0x00, 0xc2, 0x02, 0x98, 0x02, 0x99, 0x02, 0x9a,
  0x02, 0x9b, 0x02, 0x9c, 0x02, 0x9d, 0x02, 0x9e, 0x02, 0x9f, 0x02, 0xa0,
  0x02, 0xa1, 0x02, 0xa2, 0x02, 0xa3, 0x02, 0xa4, 0x02, 0xa5, 0x02, 0xa6,
  0x02, 0xa7, 0x02, 0xa8, 0x02, 0xa9, 0x02, 0xaa, 0x02, 0xab, 0x02, 0xac,
  0x02, 0xad, 0x02, 0xae, 0x02, 0xaf, 0x02, 0xb0, 0x02, 0xb1, 0x02, 0xb2,
  0x02, 0xb3, 0x00, 0x8d, 0x00, 0xdb, 0x00, 0xe1, 0x00, 0xde, 0x00, 0xd8,
  0x00, 0x8e, 0x00, 0xdc, 0x00, 0x43, 0x00, 0xdf, 0x00, 0xda, 0x00, 0xe0,
  0x00, 0xdd, 0x00, 0xd9, 0x02, 0xb4, 0x02, 0xb5, 0x02, 0xb6, 0x02, 0xb7,
  0x02, 0xb8, 0x02, 0xb9, 0x02, 0xba, 0x02, 0xbb, 0x02, 0xbc, 0x02, 0xbd,
  0x02, 0xbe, 0x04, 0x4e, 0x55, 0x4c, 0x4c, 0x06, 0x41, 0x62, 0x72, 0x65,
  0x76, 0x65, 0x07, 0x75, 0x6e, 0x69, 0x31, 0x45, 0x41, 0x45, 0x07, 0x75,
  0x6e, 0x69, 0x31, 0x45, 0x42, 0x36, 0x07, 0x75, 0x6e, 0x69, 0x31, 0x45,
  0x42, 0x30, 0x07, 0x75, 0x6e, 0x69, 0x31, 0x45, 0x42, 0x32, 0x07, 0x75,
  0x6e, 0x69, 0x31, 0x45, 0x42, 0x34, 0x07, 0x75, 0x6e, 0x69, 0x30, 0x31,
  0x43, 0x44, 0x07, 0x75, 0x6e, 0x69, 0x31, 0x45, 0x41, 0x34, 0x07, 0x75,
  0x6e, 0x69, 0x31, 0x45, 0x41, 0x43, 0x07, 0x75, 0x6e, 0x69, 0x31, 0x45,
  0x41, 0x36, 0x07, 0x75, 0x6e, 0x69, 0x31, 0x45, 0x41, 0x38, 0x07, 0x75,
  0x6e, 0x69, 0x31, 0x45, 0x41, 0x41, 0x07, 0x75, 0x6e, 0x69, 0x31, 0x45,
  0x41, 0x30, 0x07, 0x75, 0x6e, 0x69, 0x31, 0x45, 0x41, 0x32, 0x07, 0x41,
  0x6d, 0x61, 0x63, 0x72, 0x6f, 0x6e, 0x07, 0x41, 0x6f, 0x67, 0x6f, 0x6e,
  0x65, 0x6b, 0x0b, 0x43, 0x63, 0x69, 0x72, 0x63, 0x75, 0x6d, 0x66, 0x6c,
  0x65, 0x78, 0x0a, 0x43, 0x64, 0x6f, 0x74, 0x61, 0x63, 0x63, 0x65, 0x6e,
  0x74, 0x06, 0x44, 0x63, 0x61, 0x72, 0x6f, 0x6e, 0x06, 0x44, 0x63, 0x72,
  0x6f, 0x61, 0x74, 0x06, 0x45, 0x63, 0x61, 0x72, 0x6f, 0x6e, 0x07, 0x75,
  0x6e, 0x69, 0x30, 0x32, 0x32, 0x38, 0x07, 0x75, 0x6e, 0x69, 0x31, 0x45,
  0x42, 0x45, 0x07, 0x75, 0x6e, 0x69, 0x31, 0x45, 0x43, 0x36, 0x07, 0x75,
  0x6e, 0x69, 0x31, 0x45, 0x43, 0x30, 0x07, 0x75, 0x6e, 0x69, 0x31, 0x45,
  0x43, 0x32, 0x07, 0x75, 0x6e, 0x69, 0x31, 0x45, 0x43, 0x34, 0x0a, 0x45,
  0x64, 0x6f, 0x74, 0x61, 0x63, 0x63, 0x65, 0x6e, 0x74, 0x07, 0x75, 0x6e,
  0x69, 0x31, 0x45, 0x42, 0x38, 0x07, 0x75, 0x6e, 0x69, 0x31, 0x45, 0x42,
  0x41, 0x07, 0x45, 0x6d, 0x61, 0x63, 0x72, 0x6f, 0x6e, 0x07, 0x45, 0x6f,
  0x67, 0x6f, 0x6e, 0x65, 0x6b, 0x07, 0x75, 0x6e, 0x69, 0x31, 0x45, 0x42,
  0x43, 0x0b, 0x47, 0x63, 0x69, 0x72, 0x63, 0x75, 0x6d, 0x66, 0x6c, 0x65,
  0x78, 0x0a, 0x47, 0x64, 0x6f, 0x74, 0x61, 0x63, 0x63, 0x65, 0x6e, 0x74,
  0x04, 0x48, 0x62, 0x61, 0x72, 0x0b, 0x48, 0x63, 0x69, 0x72, 0x63, 0x75,
  0x6d, 0x66, 0x6c, 0x65, 0x78, 0x07, 0x75, 0x6e, 0x69, 0x31, 0x45, 0x43,
  0x41, 0x07, 0x75, 0x6e, 0x69, 0x31, 0x45, 0x43, 0x38, 0x07, 0x49, 0x6d,
  0x61, 0x63, 0x72, 0x6f, 0x6e, 0x07, 0x49, 0x6f, 0x67, 0x6f, 0x6e, 0x65,
  0x6b, 0x06, 0x49, 0x74, 0x69, 0x6c, 0x64, 0x65, 0x0b, 0x4a, 0x63, 0x69,
  0x72, 0x63, 0x75, 0x6d, 0x66, 0x6c, 0x65, 0x78, 0x06, 0x4c, 0x61, 0x63,
  0x75, 0x74, 0x65, 0x06, 0x4c, 0x63, 0x61, 0x72, 0x6f, 0x6e, 0x07, 0x75,
  0x6e, 0x69, 0x30, 0x31, 0x33, 0x42, 0x06, 0x4e, 0x61, 0x63, 0x75, 0x74,
  0x65, 0x06, 0x4e, 0x63, 0x61, 0x72, 0x6f, 0x6e, 0x03, 0x45, 0x6e, 0x67,
  0x07, 0x75, 0x6e, 0x69, 0x31, 0x45, 0x44, 0x30, 0x07, 0x75, 0x6e, 0x69,
  0x31, 0x45, 0x44, 0x38, 0x07, 0x75, 0x6e, 0x69, 0x31, 0x45, 0x44, 0x32,
  0x07, 0x75, 0x6e, 0x69, 0x31, 0x45, 0x44, 0x34, 0x07, 0x75, 0x6e, 0x69,
  0x31, 0x45, 0x44, 0x36, 0x07, 0x75, 0x6e, 0x69, 0x31, 0x45, 0x43, 0x43,
  0x07, 0x75, 0x6e, 0x69, 0x31, 0x45, 0x43, 0x45, 0x05, 0x4f, 0x68, 0x6f,
  0x72, 0x6e, 0x07, 0x75, 0x6e, 0x69, 0x31, 0x45, 0x44, 0x41, 0x07, 0x75,
  0x6e, 0x69, 0x31, 0x45, 0x45, 0x32, 0x07, 0x75, 0x6e, 0x69, 0x31, 0x45,
  0x44, 0x43, 0x07, 0x75, 0x6e, 0x69, 0x31, 0x45, 0x44, 0x45, 0x07, 0x75,
  0x6e, 0x69, 0x31, 0x45, 0x45, 0x30, 0x0d, 0x4f, 0x68, 0x75, 0x6e, 0x67,
  0x61, 0x72, 0x75, 0x6d, 0x6c, 0x61, 0x75, 0x74, 0x07, 0x4f, 0x6d, 0x61,
  0x63, 0x72, 0x6f, 0x6e, 0x06, 0x52, 0x61, 0x63, 0x75, 0x74, 0x65, 0x06,
  0x52, 0x63, 0x61, 0x72, 0x6f, 0x6e, 0x06, 0x53, 0x61, 0x63, 0x75, 0x74,
  0x65, 0x0b, 0x53, 0x63, 0x69, 0x72, 0x63, 0x75, 0x6d, 0x66, 0x6c, 0x65,
  0x78, 0x07, 0x75, 0x6e, 0x69, 0x30, 0x31, 0x38, 0x46, 0x04, 0x54, 0x62,
  0x61, 0x72, 0x06, 0x54, 0x63, 0x61, 0x72, 0x6f, 0x6e, 0x06, 0x55, 0x62,
  0x72, 0x65, 0x76, 0x65, 0x07, 0x75, 0x6e, 0x69, 0x31, 0x45, 0x45, 0x34,
  0x07, 0x75, 0x6e, 0x69, 0x31, 0x45, 0x45, 0x36, 0x05, 0x55, 0x68, 0x6f,
  0x72, 0x6e, 0x07, 0x75, 0x6e, 0x69, 0x31, 0x45, 0x45, 0x38, 0x07, 0x75,
  0x6e, 0x69, 0x31, 0x45, 0x46, 0x30, 0x07, 0x75, 0x6e, 0x69, 0x31, 0x45,
  0x45, 0x41, 0x07, 0x75, 0x6e, 0x69, 0x31, 0x45, 0x45, 0x43, 0x07, 0x75,
  0x6e, 0x69, 0x31, 0x45, 0x45, 0x45, 0x0d, 0x55, 0x68, 0x75, 0x6e, 0x67,
  0x61, 0x72, 0x75, 0x6d, 0x6c, 0x61, 0x75, 0x74, 0x07, 0x55, 0x6d, 0x61,
  0x63, 0x72, 0x6f, 0x6e, 0x07, 0x55, 0x6f, 0x67, 0x6f, 0x6e, 0x65, 0x6b,
  0x05, 0x55, 0x72, 0x69, 0x6e, 0x67, 0x06, 0x55, 0x74, 0x69, 0x6c, 0x64,
  0x65, 0x06, 0x57, 0x61, 0x63, 0x75, 0x74, 0x65, 0x0b, 0x57, 0x63, 0x69,
  0x72, 0x63, 0x75, 0x6d, 0x66, 0x6c, 0x65, 0x78, 0x09, 0x57, 0x64, 0x69,
  0x65, 0x72, 0x65, 0x73, 0x69, 0x73, 0x06, 0x57, 0x67, 0x72, 0x61, 0x76,
  0x65, 0x0b, 0x59, 0x63, 0x69, 0x72, 0x63, 0x75, 0x6d, 0x66, 0x6c, 0x65,
  0x78, 0x07, 0x75, 0x6e, 0x69, 0x31, 0x45, 0x46, 0x34, 0x06, 0x59, 0x67,
  0x72, 0x61, 0x76, 0x65, 0x07, 0x75, 0x6e, 0x69, 0x31, 0x45, 0x46, 0x36,
  0x07, 0x75, 0x6e, 0x69, 0x31, 0x45, 0x46, 0x38, 0x06, 0x5a, 0x61, 0x63,
  0x75, 0x74, 0x65, 0x0a, 0x5a, 0x64, 0x6f, 0x74, 0x61, 0x63, 0x63, 0x65,
  0x6e, 0x74, 0x07, 0x75, 0x6e, 0x69, 0x30, 0x31, 0x32, 0x32, 0x07, 0x75,
  0x6e, 0x69, 0x30, 0x31, 0x33, 0x36, 0x07, 0x75, 0x6e, 0x69, 0x30, 0x31,
  0x34, 0x35, 0x07, 0x75, 0x6e, 0x69, 0x30, 0x31, 0x35, 0x36, 0x07, 0x75,
  0x6e, 0x69, 0x30, 0x31, 0x36, 0x32, 0x07, 0x75, 0x6e, 0x69, 0x30, 0x32,
  0x31, 0x38, 0x07, 0x75, 0x6e, 0x69, 0x30, 0x32, 0x31, 0x41, 0x06, 0x61,
  0x62, 0x72, 0x65, 0x76, 0x65, 0x07, 0x75, 0x6e, 0x69, 0x31, 0x45, 0x41,
  0x46, 0x07, 0x75, 0x6e, 0x69, 0x31, 0x45, 0x42, 0x37, 0x07, 0x75, 0x6e,
  0x69, 0x31, 0x45, 0x42, 0x31, 0x07, 0x75, 0x6e, 0x69, 0x31, 0x45, 0x42,
  0x33, 0x07, 0x75, 0x6e, 0x69, 0x31, 0x45, 0x42, 0x35, 0x07, 0x75, 0x6e,
  0x69, 0x30, 0x31, 0x43, 0x45, 0x07, 0x75, 0x6e, 0x69, 0x31, 0x45, 0x41,
  0x35, 0x07, 0x75, 0x6e, 0x69, 0x31, 0x45, 0x41, 0x44, 0x07, 0x75, 0x6e,
  0x69, 0x31, 0x45, 0x41, 0x37, 0x07, 0x75, 0x6e, 0x69, 0x31, 0x45, 0x41,
  0x39, 0x07, 0x75, 0x6e, 0x69, 0x31, 0x45, 0x41, 0x42, 0x07, 0x75, 0x6e,
  0x69, 0x31, 0x45, 0x41, 0x31, 0x07, 0x75, 0x6e, 0x69, 0x31, 0x45, 0x41,
  0x33, 0x07, 0x61, 0x6d, 0x61, 0x63, 0x72, 0x6f, 0x6e, 0x07, 0x61, 0x6f,
  0x67, 0x6f, 0x6e, 0x65, 0x6b, 0x0b, 0x63, 0x63, 0x69, 0x72, 0x63, 0x75,
  0x6d, 0x66, 0x6c, 0x65, 0x78, 0x0a, 0x63, 0x64, 0x6f, 0x74, 0x61, 0x63,
  0x63, 0x65, 0x6e, 0x74, 0x06, 0x64, 0x63, 0x61, 0x72, 0x6f, 0x6e, 0x06,
  0x65, 0x63, 0x61, 0x72, 0x6f, 0x6e, 0x07, 0x75, 0x6e, 0x69, 0x30, 0x32,
  0x32, 0x39, 0x07, 0x75, 0x6e, 0x69, 0x31, 0x45, 0x42, 0x46, 0x07, 0x75,
  0x6e, 0x69, 0x31, 0x45, 0x43, 0x37, 0x07, 0x75, 0x6e, 0x69, 0x31, 0x45,
  0x43, 0x31, 0x07, 0x75, 0x6e, 0x69, 0x31, 0x45, 0x43, 0x33, 0x07, 0x75,
  0x6e, 0x69, 0x31, 0x45, 0x43, 0x35, 0x0a, 0x65, 0x64, 0x6f, 0x74, 0x61,
  0x63, 0x63, 0x65, 0x6e, 0x74, 0x07, 0x75, 0x6e, 0x69, 0x31, 0x45, 0x42,
  0x39, 0x07, 0x75, 0x6e, 0x69, 0x31, 0x45, 0x42, 0x42, 0x07, 0x65, 0x6d,
  0x61, 0x63, 0x72, 0x6f, 0x6e, 0x07, 0x65, 0x6f, 0x67, 0x6f, 0x6e, 0x65,
  0x6b, 0x07, 0x75, 0x6e, 0x69, 0x31, 0x45, 0x42, 0x44, 0x07, 0x75, 0x6e,
  0x69, 0x30, 0x32, 0x35, 0x39, 0x07, 0x75, 0x6e, 0x69, 0x30, 0x32, 0x39,
  0x32, 0x07, 0x75, 0x6e, 0x69, 0x30, 0x31, 0x45, 0x46, 0x06, 0x67, 0x63,
  0x61, 0x72, 0x6f, 0x6e, 0x0b, 0x67, 0x63, 0x69, 0x72, 0x63, 0x75, 0x6d,
  0x66, 0x6c, 0x65, 0x78, 0x0a, 0x67, 0x64, 0x6f, 0x74, 0x61, 0x63, 0x63,
  0x65, 0x6e, 0x74, 0x07, 0x75, 0x6e, 0x69, 0x30, 0x31, 0x45, 0x35, 0x04,
  0x68, 0x62, 0x61, 0x72, 0x07, 0x75, 0x6e, 0x69, 0x30, 0x32, 0x31, 0x46,
  0x0b, 0x68, 0x63, 0x69, 0x72, 0x63, 0x75, 0x6d, 0x66, 0x6c, 0x65, 0x78,
  0x06, 0x69, 0x62, 0x72, 0x65, 0x76, 0x65, 0x09, 0x69, 0x2e, 0x6c, 0x6f,
  0x63, 0x6c, 0x54, 0x52, 0x4b, 0x07, 0x75, 0x6e, 0x69, 0x31, 0x45, 0x43,
  0x42, 0x07, 0x75, 0x6e, 0x69, 0x31, 0x45, 0x43, 0x39, 0x02, 0x69, 0x6a,
  0x07, 0x69, 0x6d, 0x61, 0x63, 0x72, 0x6f, 0x6e, 0x07, 0x69, 0x6f, 0x67,
  0x6f, 0x6e, 0x65, 0x6b, 0x06, 0x69, 0x74, 0x69, 0x6c, 0x64, 0x65, 0x07,
  0x75, 0x6e, 0x69, 0x30, 0x32, 0x33, 0x37, 0x0b, 0x6a, 0x63, 0x69, 0x72,
  0x63, 0x75, 0x6d, 0x66, 0x6c, 0x65, 0x78, 0x07, 0x75, 0x6e, 0x69, 0x30,
  0x31, 0x45, 0x39, 0x06, 0x6c, 0x61, 0x63, 0x75, 0x74, 0x65, 0x06, 0x6c,
  0x63, 0x61, 0x72, 0x6f, 0x6e, 0x07, 0x75, 0x6e, 0x69, 0x30, 0x31, 0x33,
  0x43, 0x04, 0x6c, 0x64, 0x6f, 0x74, 0x06, 0x6e, 0x61, 0x63, 0x75, 0x74,
  0x65, 0x06, 0x6e, 0x63, 0x61, 0x72, 0x6f, 0x6e, 0x03, 0x65, 0x6e, 0x67,
  0x06, 0x6f, 0x62, 0x72, 0x65, 0x76, 0x65, 0x07, 0x75, 0x6e, 0x69, 0x31,
  0x45, 0x44, 0x31, 0x07, 0x75, 0x6e, 0x69, 0x31, 0x45, 0x44, 0x39, 0x07,
  0x75, 0x6e, 0x69, 0x31, 0x45, 0x44, 0x33, 0x07, 0x75, 0x6e, 0x69, 0x31,
  0x45, 0x44, 0x35, 0x07, 0x75, 0x6e, 0x69, 0x31, 0x45, 0x44, 0x37, 0x07,
  0x75, 0x6e, 0x69, 0x31, 0x45, 0x43, 0x44, 0x07, 0x75, 0x6e, 0x69, 0x31,
  0x45, 0x43, 0x46, 0x05, 0x6f, 0x68, 0x6f, 0x72, 0x6e, 0x07, 0x75, 0x6e,
  0x69, 0x31, 0x45, 0x44, 0x42, 0x07, 0x75, 0x6e, 0x69, 0x31, 0x45, 0x45,
  0x33, 0x07, 0x75, 0x6e, 0x69, 0x31, 0x45, 0x44, 0x44, 0x07, 0x75, 0x6e,
  0x69, 0x31, 0x45, 0x44, 0x46, 0x07, 0x75, 0x6e, 0x69, 0x31, 0x45, 0x45,
  0x31, 0x0d, 0x6f, 0x68, 0x75, 0x6e, 0x67, 0x61, 0x72, 0x75, 0x6d, 0x6c,
  0x61, 0x75, 0x74, 0x07, 0x6f, 0x6d, 0x61, 0x63, 0x72, 0x6f, 0x6e, 0x0b,
  0x6f, 0x73, 0x6c, 0x61, 0x73, 0x68, 0x61, 0x63, 0x75, 0x74, 0x65, 0x06,
  0x72, 0x61, 0x63, 0x75, 0x74, 0x65, 0x06, 0x72, 0x63, 0x61, 0x72, 0x6f,
  0x6e, 0x06, 0x73, 0x61, 0x63, 0x75, 0x74, 0x65, 0x0b, 0x73, 0x63, 0x69,
  0x72, 0x63, 0x75, 0x6d, 0x66, 0x6c, 0x65, 0x78, 0x04, 0x74, 0x62, 0x61,
  0x72, 0x06, 0x74, 0x63, 0x61, 0x72, 0x6f, 0x6e, 0x06, 0x75, 0x62, 0x72,
  0x65, 0x76, 0x65, 0x07, 0x75, 0x6e, 0x69, 0x30, 0x31, 0x44, 0x34, 0x07,
  0x75, 0x6e, 0x69, 0x31, 0x45, 0x45, 0x35, 0x07, 0x75, 0x6e, 0x69, 0x31,
  0x45, 0x45, 0x37, 0x05, 0x75, 0x68, 0x6f, 0x72, 0x6e, 0x07, 0x75, 0x6e,
  0x69, 0x31, 0x45, 0x45, 0x39, 0x07, 0x75, 0x6e, 0x69, 0x31, 0x45, 0x46,
  0x31, 0x07, 0x75, 0x6e, 0x69, 0x31, 0x45, 0x45, 0x42, 0x07, 0x75, 0x6e,
  0x69, 0x31, 0x45, 0x45, 0x44, 0x07, 0x75, 0x6e, 0x69, 0x31, 0x45, 0x45,
  0x46, 0x0d, 0x75, 0x68, 0x75, 0x6e, 0x67, 0x61, 0x72, 0x75, 0x6d, 0x6c,
  0x61, 0x75, 0x74, 0x07, 0x75, 0x6d, 0x61, 0x63, 0x72, 0x6f, 0x6e, 0x07,
  0x75, 0x6e, 0x69, 0x30, 0x31, 0x32, 0x33, 0x07, 0x75, 0x6e, 0x69, 0x30,
  0x31, 0x33, 0x37, 0x07, 0x75, 0x6e, 0x69, 0x30, 0x31, 0x34, 0x36, 0x07,
  0x75, 0x6e, 0x69, 0x30, 0x31, 0x35, 0x37, 0x07, 0x75, 0x6e, 0x69, 0x30,
  0x31, 0x36, 0x33, 0x07, 0x75, 0x6e, 0x69, 0x30, 0x32, 0x31, 0x39, 0x07,
  0x75, 0x6e, 0x69, 0x30, 0x32, 0x31, 0x42, 0x07, 0x75, 0x6f, 0x67, 0x6f,
  0x6e, 0x65, 0x6b, 0x05, 0x75, 0x72, 0x69, 0x6e, 0x67, 0x06, 0x75, 0x74,
  0x69, 0x6c, 0x64, 0x65, 0x06, 0x77, 0x61, 0x63, 0x75, 0x74, 0x65, 0x0b,
  0x77, 0x63, 0x69, 0x72, 0x63, 0x75, 0x6d, 0x66, 0x6c, 0x65, 0x78, 0x09,
  0x77, 0x64, 0x69, 0x65, 0x72, 0x65, 0x73, 0x69, 0x73, 0x06, 0x77, 0x67,
  0x72, 0x61, 0x76, 0x65, 0x0b, 0x79, 0x63, 0x69, 0x72, 0x63, 0x75, 0x6d,
  0x66, 0x6c, 0x65, 0x78, 0x07, 0x75, 0x6e, 0x69, 0x31, 0x45, 0x46, 0x35,
  0x06, 0x79, 0x67, 0x72, 0x61, 0x76, 0x65, 0x07, 0x75, 0x6e, 0x69, 0x31,
  0x45, 0x46, 0x37, 0x07, 0x75, 0x6e, 0x69, 0x31, 0x45, 0x46, 0x39, 0x06,
  0x7a, 0x61, 0x63, 0x75, 0x74, 0x65, 0x0a, 0x7a, 0x64, 0x6f, 0x74, 0x61,
  0x63, 0x63, 0x65, 0x6e, 0x74, 0x0b, 0x75, 0x6e, 0x69, 0x31, 0x45, 0x42,
  0x44, 0x2e, 0x30, 0x30, 0x31, 0x0b, 0x75, 0x6e, 0x69, 0x30, 0x32, 0x31,
  0x46, 0x2e, 0x30, 0x30, 0x31, 0x05, 0x61, 0x2e, 0x61, 0x6c, 0x74, 0x0b,
  0x61, 0x6f, 0x67, 0x6f, 0x6e, 0x65, 0x6b, 0x2e, 0x61, 0x6c, 0x74, 0x08,
  0x49, 0x5f, 0x4a, 0x2e, 0x6c, 0x69, 0x67, 0x61, 0x0a, 0x66, 0x5f, 0x66,
  0x5f, 0x69, 0x2e, 0x6c, 0x69, 0x67, 0x61, 0x0a, 0x66, 0x5f, 0x66, 0x5f,
  0x6c, 0x2e, 0x6c, 0x69, 0x67, 0x61, 0x08, 0x67, 0x5f, 0x6a, 0x2e, 0x6c,
  0x69, 0x67, 0x61, 0x08, 0x69, 0x5f, 0x6a, 0x2e, 0x6c, 0x69, 0x67, 0x61,
  0x04, 0x61, 0x2e, 0x73, 0x63, 0x09, 0x61, 0x61, 0x63, 0x75, 0x74, 0x65,
  0x2e, 0x73, 0x63, 0x09, 0x61, 0x62, 0x72, 0x65, 0x76, 0x65, 0x2e, 0x73,
  0x63, 0x0a, 0x75, 0x6e, 0x69, 0x30, 0x31, 0x43, 0x45, 0x2e, 0x73, 0x63,
  0x0e, 0x61, 0x63, 0x69, 0x72, 0x63, 0x75, 0x6d, 0x66, 0x6c, 0x65, 0x78,
  0x2e, 0x73, 0x63, 0x0c, 0x61, 0x64, 0x69, 0x65, 0x72, 0x65, 0x73, 0x69,
  0x73, 0x2e, 0x73, 0x63, 0x09, 0x61, 0x67, 0x72, 0x61, 0x76, 0x65, 0x2e,
  0x73, 0x63, 0x0a, 0x61, 0x6d, 0x61, 0x63, 0x72, 0x6f, 0x6e, 0x2e, 0x73,
  0x63, 0x0a, 0x61, 0x6f, 0x67, 0x6f, 0x6e, 0x65, 0x6b, 0x2e, 0x73, 0x63,
  0x08, 0x61, 0x72, 0x69, 0x6e, 0x67, 0x2e, 0x73, 0x63, 0x09, 0x61, 0x74,
  0x69, 0x6c, 0x64, 0x65, 0x2e, 0x73, 0x63, 0x05, 0x61, 0x65, 0x2e, 0x73,
  0x63, 0x04, 0x62, 0x2e, 0x73, 0x63, 0x04, 0x63, 0x2e, 0x73, 0x63, 0x09,
  0x63, 0x61, 0x63, 0x75, 0x74, 0x65, 0x2e, 0x73, 0x63, 0x09, 0x63, 0x63,
  0x61, 0x72, 0x6f, 0x6e, 0x2e, 0x73, 0x63, 0x0b, 0x63, 0x63, 0x65, 0x64,
  0x69, 0x6c, 0x6c, 0x61, 0x2e, 0x73, 0x63, 0x0d, 0x63, 0x64, 0x6f, 0x74,
  0x61, 0x63, 0x63, 0x65, 0x6e, 0x74, 0x2e, 0x73, 0x63, 0x04, 0x64, 0x2e,
  0x73, 0x63, 0x06, 0x65, 0x74, 0x68, 0x2e, 0x73, 0x63, 0x09, 0x64, 0x63,
  0x61, 0x72, 0x6f, 0x6e, 0x2e, 0x73, 0x63, 0x09, 0x64, 0x63, 0x72, 0x6f,
  0x61, 0x74, 0x2e, 0x73, 0x63, 0x04, 0x65, 0x2e, 0x73, 0x63, 0x09, 0x65,
  0x61, 0x63, 0x75, 0x74, 0x65, 0x2e, 0x73, 0x63, 0x09, 0x65, 0x63, 0x61,
  0x72, 0x6f, 0x6e, 0x2e, 0x73, 0x63, 0x0a, 0x75, 0x6e, 0x69, 0x30, 0x32,
  0x32, 0x39, 0x2e, 0x73, 0x63, 0x0e, 0x65, 0x63, 0x69, 0x72, 0x63, 0x75,
  0x6d, 0x66, 0x6c, 0x65, 0x78, 0x2e, 0x73, 0x63, 0x0c, 0x65, 0x64, 0x69,
  0x65, 0x72, 0x65, 0x73, 0x69, 0x73, 0x2e, 0x73, 0x63, 0x0d, 0x65, 0x64,
  0x6f, 0x74, 0x61, 0x63, 0x63, 0x65, 0x6e, 0x74, 0x2e, 0x73, 0x63, 0x09,
  0x65, 0x67, 0x72, 0x61, 0x76, 0x65, 0x2e, 0x73, 0x63, 0x0a, 0x65, 0x6d,
  0x61, 0x63, 0x72, 0x6f, 0x6e, 0x2e, 0x73, 0x63, 0x0a, 0x65, 0x6f, 0x67,
  0x6f, 0x6e, 0x65, 0x6b, 0x2e, 0x73, 0x63, 0x04, 0x66, 0x2e, 0x73, 0x63,
  0x04, 0x67, 0x2e, 0x73, 0x63, 0x09, 0x67, 0x62, 0x72, 0x65, 0x76, 0x65,
  0x2e, 0x73, 0x63, 0x0a, 0x75, 0x6e, 0x69, 0x30, 0x31, 0x32, 0x33, 0x2e,
  0x73, 0x63, 0x0d, 0x67, 0x64, 0x6f, 0x74, 0x61, 0x63, 0x63, 0x65, 0x6e,
  0x74, 0x2e, 0x73, 0x63, 0x04, 0x68, 0x2e, 0x73, 0x63, 0x07, 0x68, 0x62,
  0x61, 0x72, 0x2e, 0x73, 0x63, 0x04, 0x69, 0x2e, 0x73, 0x63, 0x09, 0x69,
  0x61, 0x63, 0x75, 0x74, 0x65, 0x2e, 0x73, 0x63, 0x0e, 0x69, 0x63, 0x69,
  0x72, 0x63, 0x75, 0x6d, 0x66, 0x6c, 0x65, 0x78, 0x2e, 0x73, 0x63, 0x0c,
  0x69, 0x64, 0x69, 0x65, 0x72, 0x65, 0x73, 0x69, 0x73, 0x2e, 0x73, 0x63,
  0x0c, 0x69, 0x2e, 0x73, 0x63, 0x2e, 0x6c, 0x6f, 0x63, 0x6c, 0x54, 0x52,
  0x4b, 0x09, 0x69, 0x67, 0x72, 0x61, 0x76, 0x65, 0x2e, 0x73, 0x63, 0x05,
  0x69, 0x6a, 0x2e, 0x73, 0x63, 0x0a, 0x69, 0x6d, 0x61, 0x63, 0x72, 0x6f,
  0x6e, 0x2e, 0x73, 0x63, 0x0a, 0x69, 0x6f, 0x67, 0x6f, 0x6e, 0x65, 0x6b,
  0x2e, 0x73, 0x63, 0x04, 0x6a, 0x2e, 0x73, 0x63, 0x04, 0x6b, 0x2e, 0x73,
  0x63, 0x0a, 0x75, 0x6e, 0x69, 0x30, 0x31, 0x33, 0x37, 0x2e, 0x73, 0x63,
  0x04, 0x6c, 0x2e, 0x73, 0x63, 0x09, 0x6c, 0x61, 0x63, 0x75, 0x74, 0x65,
  0x2e, 0x73, 0x63, 0x09, 0x6c, 0x63, 0x61, 0x72, 0x6f, 0x6e, 0x2e, 0x73,
  0x63, 0x0a, 0x75, 0x6e, 0x69, 0x30, 0x31, 0x33, 0x43, 0x2e, 0x73, 0x63,
  0x09, 0x6c, 0x73, 0x6c, 0x61, 0x73, 0x68, 0x2e, 0x73, 0x63, 0x04, 0x6d,
  0x2e, 0x73, 0x63, 0x04, 0x6e, 0x2e, 0x73, 0x63, 0x09, 0x6e, 0x61, 0x63,
  0x75, 0x74, 0x65, 0x2e, 0x73, 0x63, 0x09, 0x6e, 0x63, 0x61, 0x72, 0x6f,
  0x6e, 0x2e, 0x73, 0x63, 0x0a, 0x75, 0x6e, 0x69, 0x30, 0x31, 0x34, 0x36,
  0x2e, 0x73, 0x63, 0x06, 0x65, 0x6e, 0x67, 0x2e, 0x73, 0x63, 0x09, 0x6e,
  0x74, 0x69, 0x6c, 0x64, 0x65, 0x2e, 0x73, 0x63, 0x04, 0x6f, 0x2e, 0x73,
  0x63, 0x09, 0x6f, 0x61, 0x63, 0x75, 0x74, 0x65, 0x2e, 0x73, 0x63, 0x0e,
  0x6f, 0x63, 0x69, 0x72, 0x63, 0x75, 0x6d, 0x66, 0x6c, 0x65, 0x78, 0x2e,
  0x73, 0x63, 0x0c, 0x6f, 0x64, 0x69, 0x65, 0x72, 0x65, 0x73, 0x69, 0x73,
  0x2e, 0x73, 0x63, 0x09, 0x6f, 0x67, 0x72, 0x61, 0x76, 0x65, 0x2e, 0x73,
  0x63, 0x10, 0x6f, 0x68, 0x75, 0x6e, 0x67, 0x61, 0x72, 0x75, 0x6d, 0x6c,
  0x61, 0x75, 0x74, 0x2e, 0x73, 0x63, 0x0a, 0x6f, 0x6d, 0x61, 0x63, 0x72,
  0x6f, 0x6e, 0x2e, 0x73, 0x63, 0x09, 0x6f, 0x73, 0x6c, 0x61, 0x73, 0x68,
  0x2e, 0x73, 0x63, 0x09, 0x6f, 0x74, 0x69, 0x6c, 0x64, 0x65, 0x2e, 0x73,
  0x63, 0x05, 0x6f, 0x65, 0x2e, 0x73, 0x63, 0x04, 0x70, 0x2e, 0x73, 0x63,
  0x08, 0x74, 0x68, 0x6f, 0x72, 0x6e, 0x2e, 0x73, 0x63, 0x04, 0x71, 0x2e,
  0x73, 0x63, 0x04, 0x72, 0x2e, 0x73, 0x63, 0x09, 0x72, 0x61, 0x63, 0x75,
  0x74, 0x65, 0x2e, 0x73, 0x63, 0x09, 0x72, 0x63, 0x61, 0x72, 0x6f, 0x6e,
  0x2e, 0x73, 0x63, 0x0a, 0x75, 0x6e, 0x69, 0x30, 0x31, 0x35, 0x37, 0x2e,
  0x73, 0x63, 0x04, 0x73, 0x2e, 0x73, 0x63, 0x09, 0x73, 0x61, 0x63, 0x75,
  0x74, 0x65, 0x2e, 0x73, 0x63, 0x09, 0x73, 0x63, 0x61, 0x72, 0x6f, 0x6e,
  0x2e, 0x73, 0x63, 0x0b, 0x73, 0x63, 0x65, 0x64, 0x69, 0x6c, 0x6c, 0x61,
  0x2e, 0x73, 0x63, 0x0a, 0x75, 0x6e, 0x69, 0x30, 0x32, 0x31, 0x39, 0x2e,
  0x73, 0x63, 0x04, 0x74, 0x2e, 0x73, 0x63, 0x07, 0x74, 0x62, 0x61, 0x72,
  0x2e, 0x73, 0x63, 0x09, 0x74, 0x63, 0x61, 0x72, 0x6f, 0x6e, 0x2e, 0x73,
  0x63, 0x0a, 0x75, 0x6e, 0x69, 0x30, 0x31, 0x36, 0x33, 0x2e, 0x73, 0x63,
  0x0a, 0x75, 0x6e, 0x69, 0x30, 0x32, 0x31, 0x42, 0x2e, 0x73, 0x63, 0x04,
  0x75, 0x2e, 0x73, 0x63, 0x09, 0x75, 0x61, 0x63, 0x75, 0x74, 0x65, 0x2e,
  0x73, 0x63, 0x0e, 0x75, 0x63, 0x69, 0x72, 0x63, 0x75, 0x6d, 0x66, 0x6c,
  0x65, 0x78, 0x2e, 0x73, 0x63, 0x0c, 0x75, 0x64, 0x69, 0x65, 0x72, 0x65,
  0x73, 0x69, 0x73, 0x2e, 0x73, 0x63, 0x09, 0x75, 0x67, 0x72, 0x61, 0x76,
  0x65, 0x2e, 0x73, 0x63, 0x10, 0x75, 0x68, 0x75, 0x6e, 0x67, 0x61, 0x72,
  0x75, 0x6d, 0x6c, 0x61, 0x75, 0x74, 0x2e, 0x73, 0x63, 0x0a, 0x75, 0x6d,
  0x61, 0x63, 0x72, 0x6f, 0x6e, 0x2e, 0x73, 0x63, 0x0a, 0x75, 0x6f, 0x67,
  0x6f, 0x6e, 0x65, 0x6b, 0x2e, 0x73, 0x63, 0x08, 0x75, 0x72, 0x69, 0x6e,
  0x67, 0x2e, 0x73, 0x63, 0x04, 0x76, 0x2e, 0x73, 0x63, 0x04, 0x77, 0x2e,
  0x73, 0x63, 0x09, 0x77, 0x61, 0x63, 0x75, 0x74, 0x65, 0x2e, 0x73, 0x63,
  0x0e, 0x77, 0x63, 0x69, 0x72, 0x63, 0x75, 0x6d, 0x66, 0x6c, 0x65, 0x78,
  0x2e, 0x73, 0x63, 0x0c, 0x77, 0x64, 0x69, 0x65, 0x72, 0x65, 0x73, 0x69,
  0x73, 0x2e, 0x73, 0x63, 0x09, 0x77, 0x67, 0x72, 0x61, 0x76, 0x65, 0x2e,
  0x73, 0x63, 0x04, 0x78, 0x2e, 0x73, 0x63, 0x04, 0x79, 0x2e, 0x73, 0x63,
  0x09, 0x79, 0x61, 0x63, 0x75, 0x74, 0x65, 0x2e, 0x73, 0x63, 0x0e, 0x79,
  0x63, 0x69, 0x72, 0x63, 0x75, 0x6d, 0x66, 0x6c, 0x65, 0x78, 0x2e, 0x73,
  0x63, 0x0c, 0x79, 0x64, 0x69, 0x65, 0x72, 0x65, 0x73, 0x69, 0x73, 0x2e,
  0x73, 0x63, 0x09, 0x79, 0x67, 0x72, 0x61, 0x76, 0x65, 0x2e, 0x73, 0x63,
  0x04, 0x7a, 0x2e, 0x73, 0x63, 0x09, 0x7a, 0x61, 0x63, 0x75, 0x74, 0x65,
  0x2e, 0x73, 0x63, 0x09, 0x7a, 0x63, 0x61, 0x72, 0x6f, 0x6e, 0x2e, 0x73,
  0x63, 0x0d, 0x7a, 0x64, 0x6f, 0x74, 0x61, 0x63, 0x63, 0x65, 0x6e, 0x74,
  0x2e, 0x73, 0x63, 0x07, 0x75, 0x6e, 0x69, 0x30, 0x33, 0x39, 0x34, 0x07,
  0x75, 0x6e, 0x69, 0x30, 0x33, 0x41, 0x39, 0x07, 0x75, 0x6e, 0x69, 0x30,
  0x33, 0x42, 0x43, 0x07, 0x7a, 0x65, 0x72, 0x6f, 0x2e, 0x74, 0x66, 0x06,
  0x6f, 0x6e, 0x65, 0x2e, 0x74, 0x66, 0x06, 0x74, 0x77, 0x6f, 0x2e, 0x74,
  0x66, 0x08, 0x74, 0x68, 0x72, 0x65, 0x65, 0x2e, 0x74, 0x66, 0x07, 0x66,
  0x6f, 0x75, 0x72, 0x2e, 0x74, 0x66, 0x07, 0x66, 0x69, 0x76, 0x65, 0x2e,
  0x74, 0x66, 0x06, 0x73, 0x69, 0x78, 0x2e, 0x74, 0x66, 0x08, 0x73, 0x65,
  0x76, 0x65, 0x6e, 0x2e, 0x74, 0x66, 0x08, 0x65, 0x69, 0x67, 0x68, 0x74,
  0x2e, 0x74, 0x66, 0x07, 0x6e, 0x69, 0x6e, 0x65, 0x2e, 0x74, 0x66, 0x09,
  0x7a, 0x65, 0x72, 0x6f, 0x2e, 0x64, 0x6e, 0x6f, 0x6d, 0x08, 0x6f, 0x6e,
  0x65, 0x2e, 0x64, 0x6e, 0x6f, 0x6d, 0x08, 0x74, 0x77, 0x6f, 0x2e, 0x64,
  0x6e, 0x6f, 0x6d, 0x0a, 0x74, 0x68, 0x72, 0x65, 0x65, 0x2e, 0x64, 0x6e,
  0x6f, 0x6d, 0x09, 0x66, 0x6f, 0x75, 0x72, 0x2e, 0x64, 0x6e, 0x6f, 0x6d,
  0x09, 0x66, 0x69, 0x76, 0x65, 0x2e, 0x64, 0x6e, 0x6f, 0x6d, 0x08, 0x73,
  0x69, 0x78, 0x2e, 0x64, 0x6e, 0x6f, 0x6d, 0x0a, 0x73, 0x65, 0x76, 0x65,
  0x6e, 0x2e, 0x64, 0x6e, 0x6f, 0x6d, 0x0a, 0x65, 0x69, 0x67, 0x68, 0x74,
  0x2e, 0x64, 0x6e, 0x6f, 0x6d, 0x09, 0x6e, 0x69, 0x6e, 0x65, 0x2e, 0x64,
  0x6e, 0x6f, 0x6d, 0x09, 0x7a, 0x65, 0x72, 0x6f, 0x2e, 0x6e, 0x75, 0x6d,
  0x72, 0x08, 0x6f, 0x6e, 0x65, 0x2e, 0x6e, 0x75, 0x6d, 0x72, 0x08, 0x74,
  0x77, 0x6f, 0x2e, 0x6e, 0x75, 0x6d, 0x72, 0x0a, 0x74, 0x68, 0x72, 0x65,
  0x65, 0x2e, 0x6e, 0x75, 0x6d, 0x72, 0x09, 0x66, 0x6f, 0x75, 0x72, 0x2e,
  0x6e, 0x75, 0x6d, 0x72, 0x09, 0x66, 0x69, 0x76, 0x65, 0x2e, 0x6e, 0x75,
  0x6d, 0x72, 0x08, 0x73, 0x69, 0x78, 0x2e, 0x6e, 0x75, 0x6d, 0x72, 0x0a,
  0x73, 0x65, 0x76, 0x65, 0x6e, 0x2e, 0x6e, 0x75, 0x6d, 0x72, 0x0a, 0x65,
  0x69, 0x67, 0x68, 0x74, 0x2e, 0x6e, 0x75, 0x6d, 0x72, 0x09, 0x6e, 0x69,
  0x6e, 0x65, 0x2e, 0x6e, 0x75, 0x6d, 0x72, 0x07, 0x75, 0x6e, 0x69, 0x30,
  0x30, 0x42, 0x39, 0x07, 0x75, 0x6e, 0x69, 0x30, 0x30, 0x42, 0x32, 0x07,
  0x75, 0x6e, 0x69, 0x30, 0x30, 0x42, 0x33, 0x07, 0x75, 0x6e, 0x69, 0x32,
  0x30, 0x37, 0x34, 0x07, 0x75, 0x6e, 0x69, 0x32, 0x30, 0x37, 0x35, 0x07,
  0x75, 0x6e, 0x69, 0x32, 0x30, 0x37, 0x36, 0x07, 0x75, 0x6e, 0x69, 0x32,
  0x30, 0x37, 0x37, 0x07, 0x75, 0x6e, 0x69, 0x32, 0x30, 0x37, 0x38, 0x07,
  0x75, 0x6e, 0x69, 0x32, 0x30, 0x37, 0x39, 0x09, 0x6f, 0x6e, 0x65, 0x65,
  0x69, 0x67, 0x68, 0x74, 0x68, 0x0c, 0x74, 0x68, 0x72, 0x65, 0x65, 0x65,
  0x69, 0x67, 0x68, 0x74, 0x68, 0x73, 0x0b, 0x66, 0x69, 0x76, 0x65, 0x65,
  0x69, 0x67, 0x68, 0x74, 0x68, 0x73, 0x0c, 0x73, 0x65, 0x76, 0x65, 0x6e,
  0x65, 0x69, 0x67, 0x68, 0x74, 0x68, 0x73, 0x07, 0x75, 0x6e, 0x69, 0x30,
  0x30, 0x41, 0x44, 0x07, 0x75, 0x6e, 0x69, 0x32, 0x30, 0x31, 0x30, 0x12,
  0x68, 0x79, 0x70, 0x68, 0x65, 0x6e, 0x5f, 0x68, 0x79, 0x70, 0x68, 0x65,
  0x6e, 0x2e, 0x6c, 0x69, 0x67, 0x61, 0x07, 0x75, 0x6e, 0x69, 0x32, 0x37,
  0x45, 0x39, 0x07, 0x75, 0x6e, 0x69, 0x30, 0x30, 0x41, 0x30, 0x04, 0x45,
  0x75, 0x72, 0x6f, 0x07, 0x75, 0x6e, 0x69, 0x32, 0x30, 0x42, 0x41, 0x07,
  0x75, 0x6e, 0x69, 0x32, 0x30, 0x42, 0x44, 0x07, 0x75, 0x6e, 0x69, 0x32,
  0x32, 0x31, 0x39, 0x07, 0x75, 0x6e, 0x69, 0x32, 0x32, 0x31, 0x35, 0x07,
  0x75, 0x6e, 0x69, 0x32, 0x31, 0x32, 0x36, 0x07, 0x75, 0x6e, 0x69, 0x32,
  0x32, 0x30, 0x36, 0x07, 0x75, 0x6e, 0x69, 0x30, 0x30, 0x42, 0x35, 0x06,
  0x6d, 0x69, 0x6e, 0x75, 0x74, 0x65, 0x06, 0x73, 0x65, 0x63, 0x6f, 0x6e,
  0x64, 0x07, 0x75, 0x6e, 0x69, 0x32, 0x31, 0x31, 0x33, 0x09, 0x65, 0x73,
  0x74, 0x69, 0x6d, 0x61, 0x74, 0x65, 0x64, 0x06, 0x61, 0x74, 0x2e, 0x61,
  0x6c, 0x74, 0x07, 0x75, 0x6e, 0x69, 0x30, 0x32, 0x42, 0x43, 0x07, 0x75,
  0x6e, 0x69, 0x30, 0x32, 0x42, 0x42, 0x07, 0x75, 0x6e, 0x69, 0x30, 0x32,
  0x43, 0x39, 0x07, 0x75, 0x6e, 0x69, 0x30, 0x33, 0x30, 0x38, 0x07, 0x75,
  0x6e, 0x69, 0x30, 0x33, 0x30, 0x37, 0x09, 0x67, 0x72, 0x61, 0x76, 0x65,
  0x63, 0x6f, 0x6d, 0x62, 0x09, 0x61, 0x63, 0x75, 0x74, 0x65, 0x63, 0x6f,
  0x6d, 0x62, 0x07, 0x75, 0x6e, 0x69, 0x30, 0x33, 0x30, 0x42, 0x07, 0x75,
  0x6e, 0x69, 0x30, 0x33, 0x30, 0x32, 0x07, 0x75, 0x6e, 0x69, 0x30, 0x33,
  0x30, 0x43, 0x07, 0x75, 0x6e, 0x69, 0x30, 0x33, 0x30, 0x36, 0x07, 0x75,
  0x6e, 0x69, 0x30, 0x33, 0x30, 0x41, 0x09, 0x74, 0x69, 0x6c, 0x64, 0x65,
  0x63, 0x6f, 0x6d, 0x62, 0x07, 0x75, 0x6e, 0x69, 0x30, 0x33, 0x30, 0x34,
  0x0d, 0x68, 0x6f, 0x6f, 0x6b, 0x61, 0x62, 0x6f, 0x76, 0x65, 0x63, 0x6f,
  0x6d, 0x62, 0x07, 0x75, 0x6e, 0x69, 0x30, 0x33, 0x31, 0x32, 0x07, 0x75,
  0x6e, 0x69, 0x30, 0x33, 0x31, 0x33, 0x07, 0x75, 0x6e, 0x69, 0x30, 0x33,
  0x31, 0x42, 0x0c, 0x64, 0x6f, 0x74, 0x62, 0x65, 0x6c, 0x6f, 0x77, 0x63,
  0x6f, 0x6d, 0x62, 0x07, 0x75, 0x6e, 0x69, 0x30, 0x33, 0x32, 0x36, 0x07,
  0x75, 0x6e, 0x69, 0x30, 0x33, 0x32, 0x37, 0x07, 0x75, 0x6e, 0x69, 0x30,
  0x33, 0x32, 0x38, 0x07, 0x75, 0x6e, 0x69, 0x30, 0x33, 0x33, 0x35, 0x07,
  0x75, 0x6e, 0x69, 0x30, 0x33, 0x33, 0x36, 0x07, 0x75, 0x6e, 0x69, 0x30,
  0x33, 0x33, 0x37, 0x07, 0x75, 0x6e, 0x69, 0x30, 0x33, 0x33, 0x38, 0x0b,
  0x75, 0x6e, 0x69, 0x30, 0x33, 0x32, 0x37, 0x2e, 0x61, 0x6c, 0x74, 0x0b,
  0x63, 0x65, 0x64, 0x69, 0x6c, 0x6c, 0x61, 0x2e, 0x61, 0x6c, 0x74, 0x0b,
  0x75, 0x6e, 0x69, 0x30, 0x33, 0x30, 0x36, 0x30, 0x33, 0x30, 0x31, 0x0b,
  0x75, 0x6e, 0x69, 0x30, 0x33, 0x30, 0x36, 0x30, 0x33, 0x30, 0x30, 0x0b,
  0x75, 0x6e, 0x69, 0x30, 0x33, 0x30, 0x36, 0x30, 0x33, 0x30, 0x39, 0x0b,
  0x75, 0x6e, 0x69, 0x30, 0x33, 0x30, 0x36, 0x30, 0x33, 0x30, 0x33, 0x0b,
  0x75, 0x6e, 0x69, 0x30, 0x33, 0x30, 0x32, 0x30, 0x33, 0x30, 0x31, 0x0b,
  0x75, 0x6e, 0x69, 0x30, 0x33, 0x30, 0x32, 0x30, 0x33, 0x30, 0x30, 0x0b,
  0x75, 0x6e, 0x69, 0x30, 0x33, 0x30, 0x32, 0x30, 0x33, 0x30, 0x39, 0x0b,
  0x75, 0x6e, 0x69, 0x30, 0x33, 0x30, 0x32, 0x30, 0x33, 0x30, 0x33, 0x07,
  0x75, 0x6e, 0x69, 0x30, 0x32, 0x31, 0x62, 0x00, 0x00, 0x01, 0x00, 0x01,
  0xff, 0xff, 0x00, 0x0f, 0x00, 0x00, 0x00, 0x00, 0x00, 0x00, 0x00, 0x00,
  0x00, 0x00, 0x00, 0x00, 0x00, 0x00, 0x00, 0x00, 0x00, 0x00, 0x00, 0x00,
  0x00, 0x00, 0x00, 0x00, 0x00, 0x00, 0x00, 0x00, 0x00, 0x00, 0x00, 0x00,
  0x00, 0x00, 0x00, 0x00, 0x00, 0x00, 0x00, 0x00, 0x00, 0x00, 0x00, 0x00,
  0x00, 0x18, 0x00, 0x18, 0x00, 0x18, 0x00, 0x18, 0x02, 0xc4, 0x00, 0x00,
  0x01, 0xff, 0xff, 0xff, 0xff, 0x38, 0x02, 0xc4, 0x00, 0x00, 0x01, 0xff,
  0xff, 0xff, 0xff, 0x38, 0x00, 0x74, 0x00, 0x74, 0x00, 0x64, 0x00, 0x64,
  0x02, 0x41, 0x00, 0x00, 0x02, 0x48, 0xff, 0xf9, 0x00, 0x74, 0x00, 0x74,
  0x00, 0x64, 0x00, 0x64, 0x02, 0x41, 0x02, 0x41, 0x00, 0x00, 0x00, 0x00,
  0x02, 0x41, 0x02, 0x48, 0xff, 0xf9, 0xff, 0xf9, 0x00, 0x74, 0x00, 0x74,
  0x00, 0x64, 0x00, 0x64, 0x02, 0xbc, 0x00, 0x00, 0x02, 0xbc, 0x01, 0xff,
  0x00, 0x00, 0xff, 0x43, 0x02, 0xc4, 0xff, 0xf8, 0x02, 0xd3, 0x02, 0x07,
  0xff, 0xf8, 0xff, 0x32, 0x00, 0x18, 0x00, 0x18, 0x00, 0x18, 0x00, 0x18,
  0x03, 0x4d, 0x01, 0xa9, 0x03, 0x4d, 0x01, 0xa9, 0xb0, 0x00, 0x2c, 0x20,
  0xb0, 0x00, 0x55, 0x58, 0x45, 0x59, 0x20, 0x20, 0x4b, 0xb8, 0x00, 0x0e,
  0x51, 0x4b, 0xb0, 0x06, 0x53, 0x5a, 0x58, 0xb0, 0x34, 0x1b, 0xb0, 0x28,
  0x59, 0x60, 0x66, 0x20, 0x8a, 0x55, 0x58, 0xb0, 0x02, 0x25, 0x61, 0xb9,
  0x08, 0x00, 0x08, 0x00, 0x63, 0x63, 0x23, 0x62, 0x1b, 0x21, 0x21, 0xb0,
  0x00, 0x59, 0xb0, 0x00, 0x43, 0x23, 0x44, 0xb2, 0x00, 0x01, 0x00, 0x43,
  0x60, 0x42, 0x2d, 0xb0, 0x01, 0x2c, 0xb0, 0x20, 0x60, 0x66, 0x2d, 0xb0,
  0x02, 0x2c, 0x23, 0x21, 0x23, 0x21, 0x2d, 0xb0, 0x03, 0x2c, 0x20, 0x64,
  0xb3, 0x03, 0x14, 0x15, 0x00, 0x42, 0x43, 0xb0, 0x13, 0x43, 0x20, 0x60,
  0x60, 0x42, 0xb1, 0x02, 0x14, 0x43, 0x42, 0xb1, 0x25, 0x03, 0x43, 0xb0,
  0x02, 0x43, 0x54, 0x78, 0x20, 0xb0, 0x0c, 0x23, 0xb0, 0x02, 0x43, 0x43,
  0x61, 0x64, 0xb0, 0x04, 0x50, 0x78, 0xb2, 0x02, 0x02, 0x02, 0x43, 0x60,
  0x42, 0xb0, 0x21, 0x65, 0x1c, 0x21, 0xb0, 0x02, 0x43, 0x43, 0xb2, 0x0e,
  0x15, 0x01, 0x42, 0x1c, 0x20, 0xb0, 0x02, 0x43, 0x23, 0x42, 0xb2, 0x13,
  0x01, 0x13, 0x43, 0x60, 0x42, 0x23, 0xb0, 0x00, 0x50, 0x58, 0x65, 0x59,
  0xb2, 0x16, 0x01, 0x02, 0x43, 0x60, 0x42, 0x2d, 0xb0, 0x04, 0x2c, 0xb0,
  0x03, 0x2b, 0xb0, 0x15, 0x43, 0x58, 0x23, 0x21, 0x23, 0x21, 0xb0, 0x16,
  0x43, 0x43, 0x23, 0xb0, 0x00, 0x50, 0x58, 0x65, 0x59, 0x1b, 0x20, 0x64,
  0x20, 0xb0, 0xc0, 0x50, 0xb0, 0x04, 0x26, 0x5a, 0xb2, 0x28, 0x01, 0x0d,
  0x43, 0x45, 0x63, 0x45, 0xb0, 0x06, 0x45, 0x58, 0x21, 0xb0, 0x03, 0x25,
  0x59, 0x52, 0x5b, 0x58, 0x21, 0x23, 0x21, 0x1b, 0x8a, 0x58, 0x20, 0xb0,
  0x50, 0x50, 0x58, 0x21, 0xb0, 0x40, 0x59, 0x1b, 0x20, 0xb0, 0x38, 0x50,
  0x58, 0x21, 0xb0, 0x38, 0x59, 0x59, 0x20, 0xb1, 0x01, 0x0d, 0x43, 0x45,
  0x63, 0x45, 0x61, 0x64, 0xb0, 0x28, 0x50, 0x58, 0x21, 0xb1, 0x01, 0x0d,
  0x43, 0x45, 0x63, 0x45, 0x20, 0xb0, 0x30, 0x50, 0x58, 0x21, 0xb0, 0x30,
  0x59, 0x1b, 0x20, 0xb0, 0xc0, 0x50, 0x58, 0x20, 0x66, 0x20, 0x8a, 0x8a,
  0x61, 0x20, 0xb0, 0x0a, 0x50, 0x58, 0x60, 0x1b, 0x20, 0xb0, 0x20, 0x50,
  0x58, 0x21, 0xb0, 0x0a, 0x60, 0x1b, 0x20, 0xb0, 0x36, 0x50, 0x58, 0x21,
  0xb0, 0x36, 0x60, 0x1b, 0x60, 0x59, 0x59, 0x59, 0x1b, 0xb0, 0x02, 0x25,
  0xb0, 0x0c, 0x43, 0x63, 0xb0, 0x00, 0x52, 0x58, 0xb0, 0x00, 0x4b, 0xb0,
  0x0a, 0x50, 0x58, 0x21, 0xb0, 0x0c, 0x43, 0x1b, 0x4b, 0xb0, 0x1e, 0x50,
  0x58, 0x21, 0xb0, 0x1e, 0x4b, 0x61, 0xb8, 0x10, 0x00, 0x63, 0xb0, 0x0c,
  0x43, 0x63, 0xb8, 0x05, 0x00, 0x62, 0x59, 0x59, 0x64, 0x61, 0x59, 0xb0,
  0x01, 0x2b, 0x59, 0x59, 0x23, 0xb0, 0x00, 0x50, 0x58, 0x65, 0x59, 0x59,
  0x20, 0x64, 0xb0, 0x16, 0x43, 0x23, 0x42, 0x59, 0x2d, 0xb0, 0x05, 0x2c,
  0x20, 0x45, 0x20, 0xb0, 0x04, 0x25, 0x61, 0x64, 0x20, 0xb0, 0x07, 0x43,
  0x50, 0x58, 0xb0, 0x07, 0x23, 0x42, 0xb0, 0x08, 0x23, 0x42, 0x1b, 0x21,
  0x21, 0x59, 0xb0, 0x01, 0x60, 0x2d, 0xb0, 0x06, 0x2c, 0x23, 0x21, 0x23,
  0x21, 0xb0, 0x03, 0x2b, 0x20, 0x64, 0xb1, 0x07, 0x62, 0x42, 0x20, 0xb0,
  0x08, 0x23, 0x42, 0xb0, 0x06, 0x45, 0x58, 0x1b, 0xb1, 0x01, 0x0d, 0x43,
  0x45, 0x63, 0xb1, 0x01, 0x0d, 0x43, 0xb0, 0x05, 0x60, 0x45, 0x63, 0xb0,
  0x05, 0x2a, 0x21, 0x20, 0xb0, 0x08, 0x43, 0x20, 0x8a, 0x20, 0x8a, 0xb0,
  0x01, 0x2b, 0xb1, 0x30, 0x05, 0x25, 0xb0, 0x04, 0x26, 0x51, 0x58, 0x60,
  0x50, 0x1b, 0x61, 0x52, 0x59, 0x58, 0x23, 0x59, 0x21, 0x59, 0x20, 0xb0,
  0x40, 0x53, 0x58, 0xb0, 0x01, 0x2b, 0x1b, 0x21, 0xb0, 0x40, 0x59, 0x23,
  0xb0, 0x00, 0x50, 0x58, 0x65, 0x59, 0x2d, 0xb0, 0x07, 0x2c, 0xb0, 0x09,
  0x43, 0x2b, 0xb2, 0x00, 0x02, 0x00, 0x43, 0x60, 0x42, 0x2d, 0xb0, 0x08,
  0x2c, 0xb0, 0x09, 0x23, 0x42, 0x23, 0x20, 0xb0, 0x00, 0x23, 0x42, 0x61,
  0xb0, 0x02, 0x62, 0x66, 0xb0, 0x01, 0x63, 0xb0, 0x01, 0x60, 0xb0, 0x07,
  0x2a, 0x2d, 0xb0, 0x09, 0x2c, 0x20, 0x20, 0x45, 0x20, 0xb0, 0x0e, 0x43,
  0x63, 0xb8, 0x04, 0x00, 0x62, 0x20, 0xb0, 0x00, 0x50, 0x58, 0xb0, 0x40,
  0x60, 0x59, 0x66, 0xb0, 0x01, 0x63, 0x60, 0x44, 0xb0, 0x01, 0x60, 0x2d,
  0xb0, 0x0a, 0x2c, 0xb2, 0x09, 0x0e, 0x00, 0x43, 0x45, 0x42, 0x2a, 0x21,
  0xb2, 0x00, 0x01, 0x00, 0x43, 0x60, 0x42, 0x2d, 0xb0, 0x0b, 0x2c, 0xb0,
  0x00, 0x43, 0x23, 0x44, 0xb2, 0x00, 0x01, 0x00, 0x43, 0x60, 0x42, 0x2d,
  0xb0, 0x0c, 0x2c, 0x20, 0x20, 0x45, 0x20, 0xb0, 0x01, 0x2b, 0x23, 0xb0,
  0x00, 0x43, 0xb0, 0x04, 0x25, 0x60, 0x20, 0x45, 0x8a, 0x23, 0x61, 0x20,
  0x64, 0x20, 0xb0, 0x20, 0x50, 0x58, 0x21, 0xb0, 0x00, 0x1b, 0xb0, 0x30,
  0x50, 0x58, 0xb0, 0x20, 0x1b, 0xb0, 0x40, 0x59, 0x59, 0x23, 0xb0, 0x00,
  0x50, 0x58, 0x65, 0x59, 0xb0, 0x03, 0x25, 0x23, 0x61, 0x44, 0x44, 0xb0,
  0x01, 0x60, 0x2d, 0xb0, 0x0d, 0x2c, 0x20, 0x20, 0x45, 0x20, 0xb0, 0x01,
  0x2b, 0x23, 0xb0, 0x00, 0x43, 0xb0, 0x04, 0x25, 0x60, 0x20, 0x45, 0x8a,
  0x23, 0x61, 0x20, 0x64, 0xb0, 0x24, 0x50, 0x58, 0xb0, 0x00, 0x1b, 0xb0,
  0x40, 0x59, 0x23, 0xb0, 0x00, 0x50, 0x58, 0x65, 0x59, 0xb0, 0x03, 0x25,
  0x23, 0x61, 0x44, 0x44, 0xb0, 0x01, 0x60, 0x2d, 0xb0, 0x0e, 0x2c, 0x20,
  0xb0, 0x00, 0x23, 0x42, 0xb3, 0x0d, 0x0c, 0x00, 0x03, 0x45, 0x50, 0x58,
  0x21, 0x1b, 0x23, 0x21, 0x59, 0x2a, 0x21, 0x2d, 0xb0, 0x0f, 0x2c, 0xb1,
  0x02, 0x02, 0x45, 0xb0, 0x64, 0x61, 0x44, 0x2d, 0xb0, 0x10, 0x2c, 0xb0,
  0x01, 0x60, 0x20, 0x20, 0xb0, 0x0f, 0x43, 0x4a, 0xb0, 0x00, 0x50, 0x58,
  0x20, 0xb0, 0x0f, 0x23, 0x42, 0x59, 0xb0, 0x10, 0x43, 0x4a, 0xb0, 0x00,
  0x52, 0x58, 0x20, 0xb0, 0x10, 0x23, 0x42, 0x59, 0x2d, 0xb0, 0x11, 0x2c,
  0x20, 0xb0, 0x10, 0x62, 0x66, 0xb0, 0x01, 0x63, 0x20, 0xb8, 0x04, 0x00,
  0x63, 0x8a, 0x23, 0x61, 0xb0, 0x11, 0x43, 0x60, 0x20, 0x8a, 0x60, 0x20,
  0xb0, 0x11, 0x23, 0x42, 0x23, 0x2d, 0xb0, 0x12, 0x2c, 0x4b, 0x54, 0x58,
  0xb1, 0x04, 0x64, 0x44, 0x59, 0x24, 0xb0, 0x0d, 0x65, 0x23, 0x78, 0x2d,
  0xb0, 0x13, 0x2c, 0x4b, 0x51, 0x58, 0x4b, 0x53, 0x58, 0xb1, 0x04, 0x64,
  0x44, 0x59, 0x1b, 0x21, 0x59, 0x24, 0xb0, 0x13, 0x65, 0x23, 0x78, 0x2d,
  0xb0, 0x14, 0x2c, 0xb1, 0x00, 0x12, 0x43, 0x55, 0x58, 0xb1, 0x12, 0x12,
  0x43, 0xb0, 0x01, 0x61, 0x42, 0xb0, 0x11, 0x2b, 0x59, 0xb0, 0x00, 0x43,
  0xb0, 0x02, 0x25, 0x42, 0xb1, 0x0f, 0x02, 0x25, 0x42, 0xb1, 0x10, 0x02,
  0x25, 0x42, 0xb0, 0x01, 0x16, 0x23, 0x20, 0xb0, 0x03, 0x25, 0x50, 0x58,
  0xb1, 0x01, 0x00, 0x43, 0x60, 0xb0, 0x04, 0x25, 0x42, 0x8a, 0x8a, 0x20,
  0x8a, 0x23, 0x61, 0xb0, 0x10, 0x2a, 0x21, 0x23, 0xb0, 0x01, 0x61, 0x20,
  0x8a, 0x23, 0x61, 0xb0, 0x10, 0x2a, 0x21, 0x1b, 0xb1, 0x01, 0x00, 0x43,
  0x60, 0xb0, 0x02, 0x25, 0x42, 0xb0, 0x02, 0x25, 0x61, 0xb0, 0x10, 0x2a,
  0x21, 0x59, 0xb0, 0x0f, 0x43, 0x47, 0xb0, 0x10, 0x43, 0x47, 0x60, 0xb0,
  0x02, 0x62, 0x20, 0xb0, 0x00, 0x50, 0x58, 0xb0, 0x40, 0x60, 0x59, 0x66,
  0xb0, 0x01, 0x63, 0x20, 0xb0, 0x0e, 0x43, 0x63, 0xb8, 0x04, 0x00, 0x62,
  0x20, 0xb0, 0x00, 0x50, 0x58, 0xb0, 0x40, 0x60, 0x59, 0x66, 0xb0, 0x01,
  0x63, 0x60, 0xb1, 0x00, 0x00, 0x13, 0x23, 0x44, 0xb0, 0x01, 0x43, 0xb0,
  0x00, 0x3e, 0xb2, 0x01, 0x01, 0x01, 0x43, 0x60, 0x42, 0x2d, 0xb0, 0x15,
  0x2c, 0x00, 0xb1, 0x00, 0x02, 0x45, 0x54, 0x58, 0xb0, 0x12, 0x23, 0x42,
  0x20, 0x45, 0xb0, 0x0e, 0x23, 0x42, 0xb0, 0x0d, 0x23, 0xb0, 0x05, 0x60,
  0x42, 0x20, 0xb0, 0x14, 0x23, 0x42, 0x20, 0x60, 0xb0, 0x01, 0x61, 0xb7,
  0x18, 0x18, 0x01, 0x00, 0x11, 0x00, 0x13, 0x00, 0x42, 0x42, 0x42, 0x8a,
  0x60, 0x20, 0xb0, 0x14, 0x43, 0x60, 0xb0, 0x14, 0x23, 0x42, 0xb1, 0x14,
  0x08, 0x2b, 0xb0, 0x8b, 0x2b, 0x1b, 0x22, 0x59, 0x2d, 0xb0, 0x16, 0x2c,
  0xb1, 0x00, 0x15, 0x2b, 0x2d, 0xb0, 0x17, 0x2c, 0xb1, 0x01, 0x15, 0x2b,
  0x2d, 0xb0, 0x18, 0x2c, 0xb1, 0x02, 0x15, 0x2b, 0x2d, 0xb0, 0x19, 0x2c,
  0xb1, 0x03, 0x15, 0x2b, 0x2d, 0xb0, 0x1a, 0x2c, 0xb1, 0x04, 0x15, 0x2b,
  0x2d, 0xb0, 0x1b, 0x2c, 0xb1, 0x05, 0x15, 0x2b, 0x2d, 0xb0, 0x1c, 0x2c,
  0xb1, 0x06, 0x15, 0x2b, 0x2d, 0xb0, 0x1d, 0x2c, 0xb1, 0x07, 0x15, 0x2b,
  0x2d, 0xb0, 0x1e, 0x2c, 0xb1, 0x08, 0x15, 0x2b, 0x2d, 0xb0, 0x1f, 0x2c,
  0xb1, 0x09, 0x15, 0x2b, 0x2d, 0xb0, 0x2b, 0x2c, 0x23, 0x20, 0xb0, 0x10,
  0x62, 0x66, 0xb0, 0x01, 0x63, 0xb0, 0x06, 0x60, 0x4b, 0x54, 0x58, 0x23,
  0x20, 0x2e, 0xb0, 0x01, 0x5d, 0x1b, 0x21, 0x21, 0x59, 0x2d, 0xb0, 0x2c,
  0x2c, 0x23, 0x20, 0xb0, 0x10, 0x62, 0x66, 0xb0, 0x01, 0x63, 0xb0, 0x16,
  0x60, 0x4b, 0x54, 0x58, 0x23, 0x20, 0x2e, 0xb0, 0x01, 0x71, 0x1b, 0x21,
  0x21, 0x59, 0x2d, 0xb0, 0x2d, 0x2c, 0x23, 0x20, 0xb0, 0x10, 0x62, 0x66,
  0xb0, 0x01, 0x63, 0xb0, 0x26, 0x60, 0x4b, 0x54, 0x58, 0x23, 0x20, 0x2e,
  0xb0, 0x01, 0x72, 0x1b, 0x21, 0x21, 0x59, 0x2d, 0xb0, 0x20, 0x2c, 0x00,
  0xb0, 0x0f, 0x2b, 0xb1, 0x00, 0x02, 0x45, 0x54, 0x58, 0xb0, 0x12, 0x23,
  0x42, 0x20, 0x45, 0xb0, 0x0e, 0x23, 0x42, 0xb0, 0x0d, 0x23, 0xb0, 0x05,
  0x60, 0x42, 0x20, 0x60, 0xb0, 0x01, 0x61, 0xb5, 0x18, 0x18, 0x01, 0x00,
  0x11, 0x00, 0x42, 0x42, 0x8a, 0x60, 0xb1, 0x14, 0x08, 0x2b, 0xb0, 0x8b,
  0x2b, 0x1b, 0x22, 0x59, 0x2d, 0xb0, 0x21, 0x2c, 0xb1, 0x00, 0x20, 0x2b,
  0x2d, 0xb0, 0x22, 0x2c, 0xb1, 0x01, 0x20, 0x2b, 0x2d, 0xb0, 0x23, 0x2c,
  0xb1, 0x02, 0x20, 0x2b, 0x2d, 0xb0, 0x24, 0x2c, 0xb1, 0x03, 0x20, 0x2b,
  0x2d, 0xb0, 0x25, 0x2c, 0xb1, 0x04, 0x20, 0x2b, 0x2d, 0xb0, 0x26, 0x2c,
  0xb1, 0x05, 0x20, 0x2b, 0x2d, 0xb0, 0x27, 0x2c, 0xb1, 0x06, 0x20, 0x2b,
  0x2d, 0xb0, 0x28, 0x2c, 0xb1, 0x07, 0x20, 0x2b, 0x2d, 0xb0, 0x29, 0x2c,
  0xb1, 0x08, 0x20, 0x2b, 0x2d, 0xb0, 0x2a, 0x2c, 0xb1, 0x09, 0x20, 0x2b,
  0x2d, 0xb0, 0x2e, 0x2c, 0x20, 0x3c, 0xb0, 0x01, 0x60, 0x2d, 0xb0, 0x2f,
  0x2c, 0x20, 0x60, 0xb0, 0x18, 0x60, 0x20, 0x43, 0x23, 0xb0, 0x01, 0x60,
  0x43, 0xb0, 0x02, 0x25, 0x61, 0xb0, 0x01, 0x60, 0xb0, 0x2e, 0x2a, 0x21,
  0x2d, 0xb0, 0x30, 0x2c, 0xb0, 0x2f, 0x2b, 0xb0, 0x2f, 0x2a, 0x2d, 0xb0,
  0x31, 0x2c, 0x20, 0x20, 0x47, 0x20, 0x20, 0xb0, 0x0e, 0x43, 0x63, 0xb8,
  0x04, 0x00, 0x62, 0x20, 0xb0, 0x00, 0x50, 0x58, 0xb0, 0x40, 0x60, 0x59,
  0x66, 0xb0, 0x01, 0x63, 0x60, 0x23, 0x61, 0x38, 0x23, 0x20, 0x8a, 0x55,
  0x58, 0x20, 0x47, 0x20, 0x20, 0xb0, 0x0e, 0x43, 0x63, 0xb8, 0x04, 0x00,
  0x62, 0x20, 0xb0, 0x00, 0x50, 0x58, 0xb0, 0x40, 0x60, 0x59, 0x66, 0xb0,
  0x01, 0x63, 0x60, 0x23, 0x61, 0x38, 0x1b, 0x21, 0x59, 0x2d, 0xb0, 0x32,
  0x2c, 0x00, 0xb1, 0x00, 0x02, 0x45, 0x54, 0x58, 0xb1, 0x0e, 0x06, 0x45,
  0x42, 0xb0, 0x01, 0x16, 0xb0, 0x31, 0x2a, 0xb1, 0x05, 0x01, 0x15, 0x45,
  0x58, 0x30, 0x59, 0x1b, 0x22, 0x59, 0x2d, 0xb0, 0x33, 0x2c, 0x00, 0xb0,
  0x0f, 0x2b, 0xb1, 0x00, 0x02, 0x45, 0x54, 0x58, 0xb1, 0x0e, 0x06, 0x45,
  0x42, 0xb0, 0x01, 0x16, 0xb0, 0x31, 0x2a, 0xb1, 0x05, 0x01, 0x15, 0x45,
  0x58, 0x30, 0x59, 0x1b, 0x22, 0x59, 0x2d, 0xb0, 0x34, 0x2c, 0x20, 0x35,
  0xb0, 0x01, 0x60, 0x2d, 0xb0, 0x35, 0x2c, 0x00, 0xb1, 0x0e, 0x06, 0x45,
  0x42, 0xb0, 0x01, 0x45, 0x63, 0xb8, 0x04, 0x00, 0x62, 0x20, 0xb0, 0x00,
  0x50, 0x58, 0xb0, 0x40, 0x60, 0x59, 0x66, 0xb0, 0x01, 0x63, 0xb0, 0x01,
  0x2b, 0xb0, 0x0e, 0x43, 0x63, 0xb8, 0x04, 0x00, 0x62, 0x20, 0xb0, 0x00,
  0x50, 0x58, 0xb0, 0x40, 0x60, 0x59, 0x66, 0xb0, 0x01, 0x63, 0xb0, 0x01,
  0x2b, 0xb0, 0x00, 0x16, 0xb4, 0x00, 0x00, 0x00, 0x00, 0x00, 0x44, 0x3e,
  0x23, 0x38, 0xb1, 0x34, 0x01, 0x15, 0x2a, 0x21, 0x2d, 0xb0, 0x36, 0x2c,
  0x20, 0x3c, 0x20, 0x47, 0x20, 0xb0, 0x0e, 0x43, 0x63, 0xb8, 0x04, 0x00,
  0x62, 0x20, 0xb0, 0x00, 0x50, 0x58, 0xb0, 0x40, 0x60, 0x59, 0x66, 0xb0,
  0x01, 0x63, 0x60, 0xb0, 0x00, 0x43, 0x61, 0x38, 0x2d, 0xb0, 0x37, 0x2c,
  0x2e, 0x17, 0x3c, 0x2d, 0xb0, 0x38, 0x2c, 0x20, 0x3c, 0x20, 0x47, 0x20,
  0xb0, 0x0e, 0x43, 0x63, 0xb8, 0x04, 0x00, 0x62, 0x20, 0xb0, 0x00, 0x50,
  0x58, 0xb0, 0x40, 0x60, 0x59, 0x66, 0xb0, 0x01, 0x63, 0x60, 0xb0, 0x00,
  0x43, 0x61, 0xb0, 0x01, 0x43, 0x63, 0x38, 0x2d, 0xb0, 0x39, 0x2c, 0xb1,
  0x02, 0x00, 0x16, 0x25, 0x20, 0x2e, 0x20, 0x47, 0xb0, 0x00, 0x23, 0x42,
  0xb0, 0x02, 0x25, 0x49, 0x8a, 0x8a, 0x47, 0x23, 0x47, 0x23, 0x61, 0x20,
  0x58, 0x62, 0x1b, 0x21, 0x59, 0xb0, 0x01, 0x23, 0x42, 0xb2, 0x38, 0x01,
  0x01, 0x15, 0x14, 0x2a, 0x2d, 0xb0, 0x3a, 0x2c, 0xb0, 0x00, 0x16, 0xb0,
  0x17, 0x23, 0x42, 0xb0, 0x04, 0x25, 0xb0, 0x04, 0x25, 0x47, 0x23, 0x47,
  0x23, 0x61, 0xb1, 0x0c, 0x00, 0x42, 0xb0, 0x0b, 0x43, 0x2b, 0x65, 0x8a,
  0x2e, 0x23, 0x20, 0x20, 0x3c, 0x8a, 0x38, 0x2d, 0xb0, 0x3b, 0x2c, 0xb0,
  0x00, 0x16, 0xb0, 0x17, 0x23, 0x42, 0xb0, 0x04, 0x25, 0xb0, 0x04, 0x25,
  0x20, 0x2e, 0x47, 0x23, 0x47, 0x23, 0x61, 0x20, 0xb0, 0x06, 0x23, 0x42,
  0xb1, 0x0c, 0x00, 0x42, 0xb0, 0x0b, 0x43, 0x2b, 0x20, 0xb0, 0x60, 0x50,
  0x58, 0x20, 0xb0, 0x40, 0x51, 0x58, 0xb3, 0x04, 0x20, 0x05, 0x20, 0x1b,
  0xb3, 0x04, 0x26, 0x05, 0x1a, 0x59, 0x42, 0x42, 0x23, 0x20, 0xb0, 0x0a,
  0x43, 0x20, 0x8a, 0x23, 0x47, 0x23, 0x47, 0x23, 0x61, 0x23, 0x46, 0x60,
  0xb0, 0x06, 0x43, 0xb0, 0x02, 0x62, 0x20, 0xb0, 0x00, 0x50, 0x58, 0xb0,
  0x40, 0x60, 0x59, 0x66, 0xb0, 0x01, 0x63, 0x60, 0x20, 0xb0, 0x01, 0x2b,
  0x20, 0x8a, 0x8a, 0x61, 0x20, 0xb0, 0x04, 0x43, 0x60, 0x64, 0x23, 0xb0,
  0x05, 0x43, 0x61, 0x64, 0x50, 0x58, 0xb0, 0x04, 0x43, 0x61, 0x1b, 0xb0,
  0x05, 0x43, 0x60, 0x59, 0xb0, 0x03, 0x25, 0xb0, 0x02, 0x62, 0x20, 0xb0,
  0x00, 0x50, 0x58, 0xb0, 0x40, 0x60, 0x59, 0x66, 0xb0, 0x01, 0x63, 0x61,
  0x23, 0x20, 0x20, 0xb0, 0x04, 0x26, 0x23, 0x46, 0x61, 0x38, 0x1b, 0x23,
  0xb0, 0x0a, 0x43, 0x46, 0xb0, 0x02, 0x25, 0xb0, 0x0a, 0x43, 0x47, 0x23,
  0x47, 0x23, 0x61, 0x60, 0x20, 0xb0, 0x06, 0x43, 0xb0, 0x02, 0x62, 0x20,
  0xb0, 0x00, 0x50, 0x58, 0xb0, 0x40, 0x60, 0x59, 0x66, 0xb0, 0x01, 0x63,
  0x60, 0x23, 0x20, 0xb0, 0x01, 0x2b, 0x23, 0xb0, 0x06, 0x43, 0x60, 0xb0,
  0x01, 0x2b, 0xb0, 0x05, 0x25, 0x61, 0xb0, 0x05, 0x25, 0xb0, 0x02, 0x62,
  0x20, 0xb0, 0x00, 0x50, 0x58, 0xb0, 0x40, 0x60, 0x59, 0x66, 0xb0, 0x01,
  0x63, 0xb0, 0x04, 0x26, 0x61, 0x20, 0xb0, 0x04, 0x25, 0x60, 0x64, 0x23,
  0xb0, 0x03, 0x25, 0x60, 0x64, 0x50, 0x58, 0x21, 0x1b, 0x23, 0x21, 0x59,
  0x23, 0x20, 0x20, 0xb0, 0x04, 0x26, 0x23, 0x46, 0x61, 0x38, 0x59, 0x2d,
  0xb0, 0x3c, 0x2c, 0xb0, 0x00, 0x16, 0xb0, 0x17, 0x23, 0x42, 0x20, 0x20,
  0x20, 0xb0, 0x05, 0x26, 0x20, 0x2e, 0x47, 0x23, 0x47, 0x23, 0x61, 0x23,
  0x3c, 0x38, 0x2d, 0xb0, 0x3d, 0x2c, 0xb0, 0x00, 0x16, 0xb0, 0x17, 0x23,
  0x42, 0x20, 0xb0, 0x0a, 0x23, 0x42, 0x20, 0x20, 0x20, 0x46, 0x23, 0x47,
  0xb0, 0x01, 0x2b, 0x23, 0x61, 0x38, 0x2d, 0xb0, 0x3e, 0x2c, 0xb0, 0x00,
  0x16, 0xb0, 0x17, 0x23, 0x42, 0xb0, 0x03, 0x25, 0xb0, 0x02, 0x25, 0x47,
  0x23, 0x47, 0x23, 0x61, 0xb0, 0x00, 0x54, 0x58, 0x2e, 0x20, 0x3c, 0x23,
  0x21, 0x1b, 0xb0, 0x02, 0x25, 0xb0, 0x02, 0x25, 0x47, 0x23, 0x47, 0x23,
  0x61, 0x20, 0xb0, 0x05, 0x25, 0xb0, 0x04, 0x25, 0x47, 0x23, 0x47, 0x23,
  0x61, 0xb0, 0x06, 0x25, 0xb0, 0x05, 0x25, 0x49, 0xb0, 0x02, 0x25, 0x61,
  0xb9, 0x08, 0x00, 0x08, 0x00, 0x63, 0x63, 0x23, 0x20, 0x58, 0x62, 0x1b,
  0x21, 0x59, 0x63, 0xb8, 0x04, 0x00, 0x62, 0x20, 0xb0, 0x00, 0x50, 0x58,
  0xb0, 0x40, 0x60, 0x59, 0x66, 0xb0, 0x01, 0x63, 0x60, 0x23, 0x2e, 0x23,
  0x20, 0x20, 0x3c, 0x8a, 0x38, 0x23, 0x21, 0x59, 0x2d, 0xb0, 0x3f, 0x2c,
  0xb0, 0x00, 0x16, 0xb0, 0x17, 0x23, 0x42, 0x20, 0xb0, 0x0a, 0x43, 0x20,
  0x2e, 0x47, 0x23, 0x47, 0x23, 0x61, 0x20, 0x60, 0xb0, 0x20, 0x60, 0x66,
  0xb0, 0x02, 0x62, 0x20, 0xb0, 0x00, 0x50, 0x58, 0xb0, 0x40, 0x60, 0x59,
  0x66, 0xb0, 0x01, 0x63, 0x23, 0x20, 0x20, 0x3c, 0x8a, 0x38, 0x2d, 0xb0,
  0x40, 0x2c, 0x23, 0x20, 0x2e, 0x46, 0xb0, 0x02, 0x25, 0x46, 0xb0, 0x17,
  0x43, 0x58, 0x50, 0x1b, 0x52, 0x59, 0x58, 0x20, 0x3c, 0x59, 0x2e, 0xb1,
  0x30, 0x01, 0x14, 0x2b, 0x2d, 0xb0, 0x41, 0x2c, 0x23, 0x20, 0x2e, 0x46,
  0xb0, 0x02, 0x25, 0x46, 0xb0, 0x17, 0x43, 0x58, 0x52, 0x1b, 0x50, 0x59,
  0x58, 0x20, 0x3c, 0x59, 0x2e, 0xb1, 0x30, 0x01, 0x14, 0x2b, 0x2d, 0xb0,
  0x42, 0x2c, 0x23, 0x20, 0x2e, 0x46, 0xb0, 0x02, 0x25, 0x46, 0xb0, 0x17,
  0x43, 0x58, 0x50, 0x1b, 0x52, 0x59, 0x58, 0x20, 0x3c, 0x59, 0x23, 0x20,
  0x2e, 0x46, 0xb0, 0x02, 0x25, 0x46, 0xb0, 0x17, 0x43, 0x58, 0x52, 0x1b,
  0x50, 0x59, 0x58, 0x20, 0x3c, 0x59, 0x2e, 0xb1, 0x30, 0x01, 0x14, 0x2b,
  0x2d, 0xb0, 0x43, 0x2c, 0xb0, 0x3a, 0x2b, 0x23, 0x20, 0x2e, 0x46, 0xb0,
  0x02, 0x25, 0x46, 0xb0, 0x17, 0x43, 0x58, 0x50, 0x1b, 0x52, 0x59, 0x58,
  0x20, 0x3c, 0x59, 0x2e, 0xb1, 0x30, 0x01, 0x14, 0x2b, 0x2d, 0xb0, 0x44,
  0x2c, 0xb0, 0x3b, 0x2b, 0x8a, 0x20, 0x20, 0x3c, 0xb0, 0x06, 0x23, 0x42,
  0x8a, 0x38, 0x23, 0x20, 0x2e, 0x46, 0xb0, 0x02, 0x25, 0x46, 0xb0, 0x17,
  0x43, 0x58, 0x50, 0x1b, 0x52, 0x59, 0x58, 0x20, 0x3c, 0x59, 0x2e, 0xb1,
  0x30, 0x01, 0x14, 0x2b, 0xb0, 0x06, 0x43, 0x2e, 0xb0, 0x30, 0x2b, 0x2d,
  0xb0, 0x45, 0x2c, 0xb0, 0x00, 0x16, 0xb0, 0x04, 0x25, 0xb0, 0x04, 0x26,
  0x20, 0x20, 0x20, 0x46, 0x23, 0x47, 0x61, 0xb0, 0x0c, 0x23, 0x42, 0x2e,
  0x47, 0x23, 0x47, 0x23, 0x61, 0xb0, 0x0b, 0x43, 0x2b, 0x23, 0x20, 0x3c,
  0x20, 0x2e, 0x23, 0x38, 0xb1, 0x30, 0x01, 0x14, 0x2b, 0x2d, 0xb0, 0x46,
  0x2c, 0xb1, 0x0a, 0x04, 0x25, 0x42, 0xb0, 0x00, 0x16, 0xb0, 0x04, 0x25,
  0xb0, 0x04, 0x25, 0x20, 0x2e, 0x47, 0x23, 0x47, 0x23, 0x61, 0x20, 0xb0,
  0x06, 0x23, 0x42, 0xb1, 0x0c, 0x00, 0x42, 0xb0, 0x0b, 0x43, 0x2b, 0x20,
  0xb0, 0x60, 0x50, 0x58, 0x20, 0xb0, 0x40, 0x51, 0x58, 0xb3, 0x04, 0x20,
  0x05, 0x20, 0x1b, 0xb3, 0x04, 0x26, 0x05, 0x1a, 0x59, 0x42, 0x42, 0x23,
  0x20, 0x47, 0xb0, 0x06, 0x43, 0xb0, 0x02, 0x62, 0x20, 0xb0, 0x00, 0x50,
  0x58, 0xb0, 0x40, 0x60, 0x59, 0x66, 0xb0, 0x01, 0x63, 0x60, 0x20, 0xb0,
  0x01, 0x2b, 0x20, 0x8a, 0x8a, 0x61, 0x20, 0xb0, 0x04, 0x43, 0x60, 0x64,
  0x23, 0xb0, 0x05, 0x43, 0x61, 0x64, 0x50, 0x58, 0xb0, 0x04, 0x43, 0x61,
  0x1b, 0xb0, 0x05, 0x43, 0x60, 0x59, 0xb0, 0x03, 0x25, 0xb0, 0x02, 0x62,
  0x20, 0xb0, 0x00, 0x50, 0x58, 0xb0, 0x40, 0x60, 0x59, 0x66, 0xb0, 0x01,
  0x63, 0x61, 0xb0, 0x02, 0x25, 0x46, 0x61, 0x38, 0x23, 0x20, 0x3c, 0x23,
  0x38, 0x1b, 0x21, 0x20, 0x20, 0x46, 0x23, 0x47, 0xb0, 0x01, 0x2b, 0x23,
  0x61, 0x38, 0x21, 0x59, 0xb1, 0x30, 0x01, 0x14, 0x2b, 0x2d, 0xb0, 0x47,
  0x2c, 0xb1, 0x00, 0x3a, 0x2b, 0x2e, 0xb1, 0x30, 0x01, 0x14, 0x2b, 0x2d,
  0xb0, 0x48, 0x2c, 0xb1, 0x00, 0x3b, 0x2b, 0x21, 0x23, 0x20, 0x20, 0x3c,
  0xb0, 0x06, 0x23, 0x42, 0x23, 0x38, 0xb1, 0x30, 0x01, 0x14, 0x2b, 0xb0,
  0x06, 0x43, 0x2e, 0xb0, 0x30, 0x2b, 0x2d, 0xb0, 0x49, 0x2c, 0xb0, 0x00,
  0x15, 0x20, 0x47, 0xb0, 0x00, 0x23, 0x42, 0xb2, 0x00, 0x01, 0x01, 0x15,
  0x14, 0x13, 0x2e, 0xb0, 0x36, 0x2a, 0x2d, 0xb0, 0x4a, 0x2c, 0xb0, 0x00,
  0x15, 0x20, 0x47, 0xb0, 0x00, 0x23, 0x42, 0xb2, 0x00, 0x01, 0x01, 0x15,
  0x14, 0x13, 0x2e, 0xb0, 0x36, 0x2a, 0x2d, 0xb0, 0x4b, 0x2c, 0xb1, 0x00,
  0x01, 0x14, 0x13, 0xb0, 0x37, 0x2a, 0x2d, 0xb0, 0x4c, 0x2c, 0xb0, 0x39,
  0x2a, 0x2d, 0xb0, 0x4d, 0x2c, 0xb0, 0x00, 0x16, 0x45, 0x23, 0x20, 0x2e,
  0x20, 0x46, 0x8a, 0x23, 0x61, 0x38, 0xb1, 0x30, 0x01, 0x14, 0x2b, 0x2d,
  0xb0, 0x4e, 0x2c, 0xb0, 0x0a, 0x23, 0x42, 0xb0, 0x4d, 0x2b, 0x2d, 0xb0,
  0x4f, 0x2c, 0xb2, 0x00, 0x00, 0x46, 0x2b, 0x2d, 0xb0, 0x50, 0x2c, 0xb2,
  0x00, 0x01, 0x46, 0x2b, 0x2d, 0xb0, 0x51, 0x2c, 0xb2, 0x01, 0x00, 0x46,
  0x2b, 0x2d, 0xb0, 0x52, 0x2c, 0xb2, 0x01, 0x01, 0x46, 0x2b, 0x2d, 0xb0,
  0x53, 0x2c, 0xb2, 0x00, 0x00, 0x47, 0x2b, 0x2d, 0xb0, 0x54, 0x2c, 0xb2,
  0x00, 0x01, 0x47, 0x2b, 0x2d, 0xb0, 0x55, 0x2c, 0xb2, 0x01, 0x00, 0x47,
  0x2b, 0x2d, 0xb0, 0x56, 0x2c, 0xb2, 0x01, 0x01, 0x47, 0x2b, 0x2d, 0xb0,
  0x57, 0x2c, 0xb3, 0x00, 0x00, 0x00, 0x43, 0x2b, 0x2d, 0xb0, 0x58, 0x2c,
  0xb3, 0x00, 0x01, 0x00, 0x43, 0x2b, 0x2d, 0xb0, 0x59, 0x2c, 0xb3, 0x01,
  0x00, 0x00, 0x43, 0x2b, 0x2d, 0xb0, 0x5a, 0x2c, 0xb3, 0x01, 0x01, 0x00,
  0x43, 0x2b, 0x2d, 0xb0, 0x5b, 0x2c, 0xb3, 0x00, 0x00, 0x01, 0x43, 0x2b,
  0x2d, 0xb0, 0x5c, 0x2c, 0xb3, 0x00, 0x01, 0x01, 0x43, 0x2b, 0x2d, 0xb0,
  0x5d, 0x2c, 0xb3, 0x01, 0x00, 0x01, 0x43, 0x2b, 0x2d, 0xb0, 0x5e, 0x2c,
  0xb3, 0x01, 0x01, 0x01, 0x43, 0x2b, 0x2d, 0xb0, 0x5f, 0x2c, 0xb2, 0x00,
  0x00, 0x45, 0x2b, 0x2d, 0xb0, 0x60, 0x2c, 0xb2, 0x00, 0x01, 0x45, 0x2b,
  0x2d, 0xb0, 0x61, 0x2c, 0xb2, 0x01, 0x00, 0x45, 0x2b, 0x2d, 0xb0, 0x62,
  0x2c, 0xb2, 0x01, 0x01, 0x45, 0x2b, 0x2d, 0xb0, 0x63, 0x2c, 0xb2, 0x00,
  0x00, 0x48, 0x2b, 0x2d, 0xb0, 0x64, 0x2c, 0xb2, 0x00, 0x01, 0x48, 0x2b,
  0x2d, 0xb0, 0x65, 0x2c, 0xb2, 0x01, 0x00, 0x48, 0x2b, 0x2d, 0xb0, 0x66,
  0x2c, 0xb2, 0x01, 0x01, 0x48, 0x2b, 0x2d, 0xb0, 0x67, 0x2c, 0xb3, 0x00,
  0x00, 0x00, 0x44, 0x2b, 0x2d, 0xb0, 0x68, 0x2c, 0xb3, 0x00, 0x01, 0x00,
  0x44, 0x2b, 0x2d, 0xb0, 0x69, 0x2c, 0xb3, 0x01, 0x00, 0x00, 0x44, 0x2b,
  0x2d, 0xb0, 0x6a, 0x2c, 0xb3, 0x01, 0x01, 0x00, 0x44, 0x2b, 0x2d, 0xb0,
  0x6b, 0x2c, 0xb3, 0x00, 0x00, 0x01, 0x44, 0x2b, 0x2d, 0xb0, 0x6c, 0x2c,
  0xb3, 0x00, 0x01, 0x01, 0x44, 0x2b, 0x2d, 0xb0, 0x6d, 0x2c, 0xb3, 0x01,
  0x00, 0x01, 0x44, 0x2b, 0x2d, 0xb0, 0x6e, 0x2c, 0xb3, 0x01, 0x01, 0x01,
  0x44, 0x2b, 0x2d, 0xb0, 0x6f, 0x2c, 0xb1, 0x00, 0x3c, 0x2b, 0x2e, 0xb1,
  0x30, 0x01, 0x14, 0x2b, 0x2d, 0xb0, 0x70, 0x2c, 0xb1, 0x00, 0x3c, 0x2b,
  0xb0, 0x40, 0x2b, 0x2d, 0xb0, 0x71, 0x2c, 0xb1, 0x00, 0x3c, 0x2b, 0xb0,
  0x41, 0x2b, 0x2d, 0xb0, 0x72, 0x2c, 0xb0, 0x00, 0x16, 0xb1, 0x00, 0x3c,
  0x2b, 0xb0, 0x42, 0x2b, 0x2d, 0xb0, 0x73, 0x2c, 0xb1, 0x01, 0x3c, 0x2b,
  0xb0, 0x40, 0x2b, 0x2d, 0xb0, 0x74, 0x2c, 0xb1, 0x01, 0x3c, 0x2b, 0xb0,
  0x41, 0x2b, 0x2d, 0xb0, 0x75, 0x2c, 0xb0, 0x00, 0x16, 0xb1, 0x01, 0x3c,
  0x2b, 0xb0, 0x42, 0x2b, 0x2d, 0xb0, 0x76, 0x2c, 0xb1, 0x00, 0x3d, 0x2b,
  0x2e, 0xb1, 0x30, 0x01, 0x14, 0x2b, 0x2d, 0xb0, 0x77, 0x2c, 0xb1, 0x00,
  0x3d, 0x2b, 0xb0, 0x40, 0x2b, 0x2d, 0xb0, 0x78, 0x2c, 0xb1, 0x00, 0x3d,
  0x2b, 0xb0, 0x41, 0x2b, 0x2d, 0xb0, 0x79, 0x2c, 0xb1, 0x00, 0x3d, 0x2b,
  0xb0, 0x42, 0x2b, 0x2d, 0xb0, 0x7a, 0x2c, 0xb1, 0x01, 0x3d, 0x2b, 0xb0,
  0x40, 0x2b, 0x2d, 0xb0, 0x7b, 0x2c, 0xb1, 0x01, 0x3d, 0x2b, 0xb0, 0x41,
  0x2b, 0x2d, 0xb0, 0x7c, 0x2c, 0xb1, 0x01, 0x3d, 0x2b, 0xb0, 0x42, 0x2b,
  0x2d, 0xb0, 0x7d, 0x2c, 0xb1, 0x00, 0x3e, 0x2b, 0x2e, 0xb1, 0x30, 0x01,
  0x14, 0x2b, 0x2d, 0xb0, 0x7e, 0x2c, 0xb1, 0x00, 0x3e, 0x2b, 0xb0, 0x40,
  0x2b, 0x2d, 0xb0, 0x7f, 0x2c, 0xb1, 0x00, 0x3e, 0x2b, 0xb0, 0x41, 0x2b,
  0x2d, 0xb0, 0x80, 0x2c, 0xb1, 0x00, 0x3e, 0x2b, 0xb0, 0x42, 0x2b, 0x2d,
  0xb0, 0x81, 0x2c, 0xb1, 0x01, 0x3e, 0x2b, 0xb0, 0x40, 0x2b, 0x2d, 0xb0,
  0x82, 0x2c, 0xb1, 0x01, 0x3e, 0x2b, 0xb0, 0x41, 0x2b, 0x2d, 0xb0, 0x83,
  0x2c, 0xb1, 0x01, 0x3e, 0x2b, 0xb0, 0x42, 0x2b, 0x2d, 0xb0, 0x84, 0x2c,
  0xb1, 0x00, 0x3f, 0x2b, 0x2e, 0xb1, 0x30, 0x01, 0x14, 0x2b, 0x2d, 0xb0,
  0x85, 0x2c, 0xb1, 0x00, 0x3f, 0x2b, 0xb0, 0x40, 0x2b, 0x2d, 0xb0, 0x86,
  0x2c, 0xb1, 0x00, 0x3f, 0x2b, 0xb0, 0x41, 0x2b, 0x2d, 0xb0, 0x87, 0x2c,
  0xb1, 0x00, 0x3f, 0x2b, 0xb0, 0x42, 0x2b, 0x2d, 0xb0, 0x88, 0x2c, 0xb1,
  0x01, 0x3f, 0x2b, 0xb0, 0x40, 0x2b, 0x2d, 0xb0, 0x89, 0x2c, 0xb1, 0x01,
  0x3f, 0x2b, 0xb0, 0x41, 0x2b, 0x2d, 0xb0, 0x8a, 0x2c, 0xb1, 0x01, 0x3f,
  0x2b, 0xb0, 0x42, 0x2b, 0x2d, 0xb0, 0x8b, 0x2c, 0xb2, 0x0b, 0x00, 0x03,
  0x45, 0x50, 0x58, 0xb0, 0x06, 0x1b, 0xb2, 0x04, 0x02, 0x03, 0x45, 0x58,
  0x23, 0x21, 0x1b, 0x21, 0x59, 0x59, 0x42, 0x2b, 0xb0, 0x08, 0x65, 0xb0,
  0x03, 0x24, 0x50, 0x78, 0xb1, 0x05, 0x01, 0x15, 0x45, 0x58, 0x30, 0x59,
  0x2d, 0x00, 0x00, 0x00, 0x00, 0x4b, 0xb8, 0x00, 0xc8, 0x52, 0x58, 0xb1,
  0x01, 0x01, 0x8e, 0x59, 0xb0, 0x01, 0xb9, 0x08, 0x00, 0x08, 0x00, 0x63,
  0x70, 0xb1, 0x00, 0x07, 0x42, 0xb6, 0x00, 0x45, 0x35, 0x00, 0x21, 0x05,
  0x00, 0x2a, 0xb1, 0x00, 0x07, 0x42, 0x40, 0x0c, 0x4a, 0x04, 0x3a, 0x08,
  0x2e, 0x06, 0x26, 0x04, 0x18, 0x07, 0x05, 0x0a, 0x2a, 0xb1, 0x00, 0x07,
  0x42, 0x40, 0x0c, 0x4e, 0x02, 0x42, 0x06, 0x34, 0x04, 0x2a, 0x02, 0x1f,
  0x05, 0x05, 0x0a, 0x2a, 0xb1, 0x00, 0x0c, 0x42, 0xbe, 0x12, 0xc0, 0x0e,
  0xc0, 0x0b, 0xc0, 0x09, 0xc0, 0x06, 0x40, 0x00, 0x05, 0x00, 0x0b, 0x2a,
  0xb1, 0x00, 0x11, 0x42, 0xbe, 0x00, 0x40, 0x00, 0x40, 0x00, 0x40, 0x00,
  0x40, 0x00, 0x40, 0x00, 0x05, 0x00, 0x0b, 0x2a, 0xb9, 0x00, 0x03, 0x00,
  0x00, 0x44, 0xb1, 0x24, 0x01, 0x88, 0x51, 0x58, 0xb0, 0x40, 0x88, 0x58,
  0xb9, 0x00, 0x03, 0x00, 0x64, 0x44, 0xb1, 0x28, 0x01, 0x88, 0x51, 0x58,
  0xb8, 0x08, 0x00, 0x88, 0x58, 0xb9, 0x00, 0x03, 0x00, 0x00, 0x44, 0x59,
  0x1b, 0xb1, 0x27, 0x01, 0x88, 0x51, 0x58, 0xba, 0x08, 0x80, 0x00, 0x01,
  0x04, 0x40, 0x88, 0x63, 0x54, 0x58, 0xb9, 0x00, 0x03, 0x00, 0x00, 0x44,
  0x59, 0x59, 0x59, 0x59, 0x59, 0x40, 0x0c, 0x4c, 0x02, 0x3c, 0x06, 0x30,
  0x04, 0x28, 0x02, 0x1a, 0x05, 0x05, 0x0e, 0x2a, 0xb8, 0x01, 0xff, 0x85,
  0xb0, 0x04, 0x8d, 0xb1, 0x02, 0x00, 0x44, 0xb3, 0x05, 0x64, 0x06, 0x00,
  0x44, 0x44, 0x00, 0x00, 0x00, 0x00, 0x00, 0x01, 0x00, 0x00, 0x00, 0x00
};
static const unsigned int kTeFontSemiBold_len = 109428;
